generator,solver,rows,cols,seed,start,end,maze,solution,solution_length,moves,backtracks,visited_cells,execution_time,success
recursive_backtracking,bfs,20,20,2746317213,"[0, 0]","[19, 19]","[[13, 11, 8, 10, 10, 10, 12, 9, 12, 9, 12, 9, 10, 8, 10, 14, 9, 10, 10, 12], [3, 12, 3, 10, 10, 12, 5, 7, 3, 6, 1, 6, 13, 3, 10, 10, 2, 10, 14, 5], [13, 3, 10, 12, 9, 6, 3, 10, 10, 12, 3, 10, 6, 9, 10, 10, 12, 9, 12, 5], [1, 8, 12, 3, 6, 9, 8, 10, 14, 3, 10, 10, 10, 6, 9, 12, 5, 5, 5, 5], [5, 5, 5, 9, 14, 5, 3, 10, 10, 10, 10, 8, 14, 9, 6, 5, 3, 6, 5, 5], [7, 5, 3, 4, 9, 6, 9, 10, 12, 9, 12, 3, 12, 3, 12, 3, 10, 12, 3, 4], [9, 6, 9, 6, 5, 11, 4, 11, 6, 5, 3, 12, 1, 12, 5, 11, 12, 1, 14, 5], [5, 9, 6, 9, 2, 10, 6, 9, 10, 6, 13, 3, 6, 5, 3, 10, 4, 3, 10, 6], [5, 7, 9, 6, 9, 10, 10, 6, 9, 10, 2, 8, 12, 5, 9, 12, 5, 11, 10, 12], [1, 10, 6, 9, 6, 9, 10, 12, 5, 9, 10, 6, 5, 3, 6, 5, 3, 10, 12, 5], [7, 9, 12, 3, 12, 5, 9, 6, 5, 3, 12, 11, 6, 9, 10, 6, 9, 14, 5, 5], [9, 6, 3, 10, 6, 7, 5, 9, 6, 13, 3, 10, 10, 6, 9, 12, 5, 9, 6, 5], [3, 10, 12, 11, 8, 8, 6, 3, 8, 2, 10, 10, 10, 10, 6, 3, 4, 3, 12, 5], [9, 12, 3, 12, 5, 3, 10, 10, 4, 9, 10, 10, 10, 12, 9, 10, 2, 12, 3, 4], [5, 3, 12, 5, 3, 14, 9, 12, 7, 3, 10, 8, 14, 5, 7, 9, 12, 3, 14, 5], [5, 13, 3, 4, 9, 10, 6, 5, 9, 10, 10, 6, 9, 6, 9, 6, 3, 10, 10, 6], [5, 3, 10, 6, 3, 12, 13, 3, 6, 9, 12, 13, 3, 12, 3, 12, 13, 9, 10, 12], [5, 9, 10, 8, 14, 5, 1, 12, 11, 4, 3, 4, 13, 3, 10, 6, 5, 5, 9, 4], [5, 5, 13, 3, 12, 3, 6, 3, 12, 3, 12, 3, 2, 10, 10, 12, 3, 6, 5, 5], [3, 2, 2, 14, 3, 10, 10, 10, 2, 10, 6, 11, 10, 10, 10, 2, 10, 10, 6, 7]]","[[0, 0], [1, 0], [1, 1], [2, 1], [2, 2], [2, 3], [3, 3], [3, 4], [2, 4], [2, 5], [1, 5], [1, 4], [1, 3], [1, 2], [0, 2], [0, 3], [0, 4], [0, 5], [0, 6], [1, 6], [2, 6], [2, 7], [2, 8], [2, 9], [3, 9], [3, 10], [3, 11], [3, 12], [3, 13], [2, 13], [2, 14], [2, 15], [2, 16], [3, 16], [4, 16], [4, 17], [3, 17], [2, 17], [2, 18], [3, 18], [4, 18], [5, 18], [5, 19], [6, 19], [7, 19], [7, 18], [7, 17], [6, 17], [5, 17], [5, 16], [5, 15], [4, 15], [3, 15], [3, 14], [4, 14], [4, 13], [5, 13], [5, 14], [6, 14], [7, 14], [7, 15], [7, 16], [8, 16], [9, 16], [9, 17], [9, 18], [10, 18], [11, 18], [11, 17], [12, 17], [12, 18], [13, 18], [13, 19], [14, 19], [15, 19], [15, 18], [15, 17], [15, 16], [14, 16], [14, 15], [15, 15], [15, 14], [16, 14], [16, 15], [17, 15], [17, 14], [17, 13], [16, 13], [16, 12], [15, 12], [15, 13], [14, 13], [13, 13], [13, 12], [13, 11], [13, 10], [13, 9], [14, 9], [14, 10], [14, 11], [15, 11], [15, 10], [15, 9], [15, 8], [16, 8], [16, 7], [15, 7], [14, 7], [14, 6], [15, 6], [15, 5], [15, 4], [16, 4], [16, 5], [17, 5], [18, 5], [18, 6], [17, 6], [17, 7], [18, 7], [18, 8], [19, 8], [19, 9], [19, 10], [18, 10], [18, 9], [17, 9], [16, 9], [16, 10], [17, 10], [17, 11], [18, 11], [18, 12], [18, 13], [18, 14], [18, 15], [19, 15], [19, 16], [19, 17], [19, 18], [18, 18], [17, 18], [17, 19], [18, 19], [19, 19]]",145,226,0,226,0.0006528999656438828,True
recursive_backtracking,bfs,20,20,1181241943,"[0, 0]","[19, 19]","[[11, 10, 12, 13, 9, 8, 10, 10, 12, 9, 10, 12, 9, 12, 11, 8, 10, 10, 10, 12], [9, 14, 5, 1, 6, 5, 11, 10, 2, 6, 11, 2, 6, 3, 12, 7, 9, 10, 12, 5], [5, 9, 6, 3, 14, 3, 12, 9, 10, 10, 10, 10, 12, 9, 6, 9, 6, 9, 6, 5], [5, 5, 9, 10, 10, 12, 3, 2, 10, 10, 12, 13, 5, 3, 10, 6, 9, 6, 11, 4], [5, 3, 6, 9, 12, 3, 10, 10, 12, 9, 6, 5, 3, 10, 12, 11, 2, 10, 10, 4], [1, 10, 10, 4, 3, 14, 9, 10, 6, 3, 12, 1, 10, 12, 3, 10, 12, 11, 10, 6], [3, 12, 9, 6, 9, 10, 6, 9, 8, 14, 5, 1, 12, 5, 9, 12, 5, 9, 10, 12], [13, 5, 3, 12, 5, 13, 9, 4, 7, 9, 6, 7, 5, 3, 6, 5, 3, 6, 9, 6], [5, 3, 12, 3, 6, 1, 6, 3, 10, 6, 9, 12, 3, 12, 11, 2, 10, 14, 1, 12], [1, 10, 6, 9, 12, 3, 12, 9, 10, 8, 6, 3, 12, 5, 9, 10, 10, 12, 7, 5], [3, 12, 11, 6, 1, 10, 6, 3, 12, 5, 13, 9, 6, 5, 3, 12, 11, 2, 12, 5], [13, 3, 10, 12, 5, 11, 10, 10, 6, 5, 3, 2, 10, 2, 12, 3, 12, 9, 6, 5], [1, 10, 14, 5, 3, 10, 10, 10, 12, 3, 10, 10, 12, 11, 2, 14, 5, 5, 9, 4], [1, 10, 12, 3, 10, 10, 12, 11, 2, 12, 9, 10, 4, 9, 10, 10, 6, 3, 6, 5], [5, 13, 1, 10, 10, 14, 3, 12, 11, 4, 5, 13, 5, 3, 10, 10, 10, 12, 9, 6], [3, 4, 3, 10, 12, 9, 12, 3, 12, 3, 6, 5, 3, 12, 9, 10, 10, 6, 5, 13], [13, 5, 9, 12, 3, 6, 1, 14, 5, 9, 10, 2, 14, 5, 3, 10, 12, 11, 4, 5], [1, 6, 7, 1, 14, 9, 6, 9, 6, 1, 10, 10, 10, 4, 9, 12, 3, 12, 3, 4], [5, 9, 12, 3, 12, 3, 12, 3, 12, 7, 9, 10, 12, 7, 5, 5, 9, 6, 9, 6], [3, 6, 3, 10, 2, 14, 3, 10, 2, 10, 6, 11, 2, 10, 6, 3, 6, 11, 2, 14]]","[[0, 0], [0, 1], [0, 2], [1, 2], [2, 2], [2, 1], [3, 1], [4, 1], [4, 2], [3, 2], [3, 3], [3, 4], [3, 5], [4, 5], [4, 6], [4, 7], [4, 8], [5, 8], [5, 7], [5, 6], [6, 6], [6, 5], [6, 4], [7, 4], [8, 4], [8, 3], [7, 3], [7, 2], [6, 2], [6, 3], [5, 3], [5, 2], [5, 1], [5, 0], [6, 0], [6, 1], [7, 1], [8, 1], [8, 2], [9, 2], [9, 1], [9, 0], [10, 0], [10, 1], [11, 1], [11, 2], [11, 3], [12, 3], [13, 3], [13, 4], [13, 5], [13, 6], [14, 6], [14, 7], [15, 7], [15, 8], [16, 8], [17, 8], [17, 7], [18, 7], [18, 8], [19, 8], [19, 9], [19, 10], [18, 10], [18, 11], [18, 12], [19, 12], [19, 13], [19, 14], [18, 14], [17, 14], [17, 15], [18, 15], [19, 15], [19, 16], [18, 16], [18, 17], [17, 17], [17, 16], [16, 16], [16, 15], [16, 14], [15, 14], [15, 15], [15, 16], [15, 17], [14, 17], [14, 16], [14, 15], [14, 14], [14, 13], [13, 13], [13, 14], [13, 15], [13, 16], [12, 16], [11, 16], [11, 15], [10, 15], [10, 14], [9, 14], [9, 15], [9, 16], [9, 17], [10, 17], [10, 18], [11, 18], [11, 17], [12, 17], [13, 17], [13, 18], [12, 18], [12, 19], [13, 19], [14, 19], [14, 18], [15, 18], [16, 18], [17, 18], [17, 19], [18, 19], [18, 18], [19, 18], [19, 19]]",125,204,0,204,0.0004240999696776271,True
recursive_backtracking,bfs,20,20,958682846,"[0, 0]","[19, 19]","[[13, 11, 8, 12, 9, 8, 10, 10, 12, 9, 10, 12, 13, 9, 10, 10, 10, 10, 10, 12], [3, 10, 6, 5, 5, 5, 11, 10, 2, 6, 9, 6, 1, 6, 9, 8, 14, 9, 12, 5], [13, 9, 12, 5, 7, 3, 10, 10, 12, 9, 6, 9, 6, 13, 5, 3, 12, 5, 5, 5], [1, 6, 5, 3, 10, 10, 10, 10, 6, 3, 12, 5, 11, 2, 2, 14, 5, 5, 3, 4], [1, 14, 1, 12, 11, 8, 14, 9, 8, 14, 5, 3, 10, 10, 10, 10, 4, 3, 12, 7], [5, 9, 6, 3, 12, 5, 9, 6, 5, 9, 6, 9, 10, 12, 9, 10, 2, 14, 3, 12], [5, 5, 9, 12, 3, 4, 5, 13, 3, 6, 11, 2, 12, 3, 2, 10, 14, 9, 12, 5], [7, 5, 7, 3, 10, 4, 5, 1, 10, 10, 12, 11, 2, 14, 9, 12, 9, 6, 5, 5], [9, 6, 9, 10, 12, 7, 5, 1, 10, 12, 5, 9, 10, 10, 6, 3, 6, 9, 2, 6], [1, 10, 6, 9, 6, 9, 6, 7, 9, 6, 5, 1, 10, 10, 10, 8, 12, 7, 9, 12], [5, 13, 9, 6, 9, 6, 9, 10, 6, 13, 5, 5, 13, 9, 12, 7, 3, 8, 6, 5], [3, 4, 3, 12, 5, 11, 2, 12, 11, 4, 5, 5, 5, 5, 3, 10, 12, 7, 9, 4], [11, 6, 9, 6, 3, 10, 10, 6, 9, 4, 5, 3, 4, 3, 12, 9, 6, 9, 6, 5], [9, 10, 6, 9, 10, 8, 12, 9, 4, 7, 5, 13, 3, 12, 5, 3, 12, 3, 12, 5], [1, 10, 10, 6, 9, 6, 7, 5, 3, 10, 6, 5, 9, 6, 5, 11, 2, 10, 6, 5], [5, 11, 10, 12, 3, 10, 10, 6, 9, 14, 9, 4, 3, 12, 3, 10, 10, 12, 9, 6], [3, 10, 10, 4, 9, 8, 12, 11, 2, 10, 6, 3, 10, 6, 9, 10, 10, 6, 5, 13], [11, 10, 12, 5, 5, 5, 3, 12, 9, 12, 9, 10, 10, 12, 5, 9, 8, 14, 3, 4], [9, 10, 6, 5, 7, 5, 9, 6, 5, 5, 5, 9, 10, 6, 5, 5, 3, 10, 10, 6], [3, 10, 10, 2, 10, 6, 3, 10, 6, 3, 6, 3, 10, 10, 6, 3, 10, 10, 10, 14]]","[[0, 0], [1, 0], [1, 1], [1, 2], [0, 2], [0, 3], [1, 3], [2, 3], [3, 3], [3, 4], [3, 5], [3, 6], [3, 7], [3, 8], [2, 8], [2, 7], [2, 6], [2, 5], [1, 5], [0, 5], [0, 6], [0, 7], [0, 8], [1, 8], [1, 9], [0, 9], [0, 10], [0, 11], [1, 11], [1, 10], [2, 10], [2, 9], [3, 9], [3, 10], [4, 10], [5, 10], [5, 9], [6, 9], [6, 8], [5, 8], [4, 8], [4, 7], [5, 7], [5, 6], [6, 6], [7, 6], [8, 6], [9, 6], [9, 5], [10, 5], [10, 4], [11, 4], [12, 4], [12, 5], [12, 6], [12, 7], [11, 7], [11, 6], [10, 6], [10, 7], [10, 8], [9, 8], [9, 9], [8, 9], [8, 8], [8, 7], [7, 7], [7, 8], [7, 9], [7, 10], [8, 10], [9, 10], [10, 10], [11, 10], [12, 10], [13, 10], [14, 10], [14, 9], [14, 8], [13, 8], [13, 7], [14, 7], [15, 7], [15, 6], [15, 5], [15, 4], [14, 4], [14, 5], [13, 5], [13, 4], [13, 3], [14, 3], [14, 2], [14, 1], [14, 0], [15, 0], [16, 0], [16, 1], [16, 2], [16, 3], [17, 3], [18, 3], [19, 3], [19, 4], [19, 5], [18, 5], [17, 5], [16, 5], [16, 6], [17, 6], [17, 7], [18, 7], [18, 6], [19, 6], [19, 7], [19, 8], [18, 8], [17, 8], [17, 9], [18, 9], [19, 9], [19, 10], [18, 10], [17, 10], [17, 11], [17, 12], [17, 13], [18, 13], [18, 12], [18, 11], [19, 11], [19, 12], [19, 13], [19, 14], [18, 14], [17, 14], [16, 14], [16, 15], [16, 16], [16, 17], [15, 17], [15, 16], [15, 15], [15, 14], [14, 14], [13, 14], [12, 14], [12, 13], [11, 13], [10, 13], [10, 14], [11, 14], [11, 15], [11, 16], [12, 16], [12, 15], [13, 15], [13, 16], [14, 16], [14, 17], [14, 18], [13, 18], [13, 17], [12, 17], [12, 18], [11, 18], [11, 19], [12, 19], [13, 19], [14, 19], [15, 19], [15, 18], [16, 18], [17, 18], [17, 19], [18, 19], [18, 18], [18, 17], [18, 16], [17, 16], [17, 15], [18, 15], [19, 15], [19, 16], [19, 17], [19, 18], [19, 19]]",187,313,0,313,0.0006455999100580812,True
recursive_backtracking,bfs,20,20,3163119785,"[0, 0]","[19, 19]","[[11, 10, 12, 9, 10, 14, 9, 12, 9, 10, 8, 12, 9, 12, 11, 10, 8, 10, 10, 12], [13, 9, 6, 3, 12, 9, 6, 3, 2, 14, 5, 5, 5, 3, 10, 12, 5, 9, 12, 7], [1, 6, 9, 12, 3, 6, 9, 12, 9, 10, 6, 5, 5, 9, 12, 5, 1, 6, 3, 12], [5, 11, 4, 3, 12, 9, 6, 5, 3, 12, 13, 3, 6, 5, 7, 5, 7, 9, 10, 6], [5, 9, 6, 9, 6, 5, 13, 5, 9, 6, 1, 12, 11, 2, 12, 3, 12, 1, 10, 12], [3, 6, 13, 5, 11, 4, 1, 6, 5, 9, 4, 3, 10, 10, 6, 9, 6, 1, 14, 5], [9, 12, 1, 6, 9, 6, 3, 12, 5, 5, 5, 9, 10, 10, 12, 3, 12, 7, 9, 4], [5, 7, 5, 9, 6, 9, 14, 3, 6, 5, 5, 5, 11, 12, 3, 12, 3, 12, 5, 5], [1, 10, 6, 5, 11, 2, 8, 14, 9, 6, 5, 3, 12, 1, 12, 1, 14, 5, 5, 5], [3, 12, 9, 6, 9, 12, 1, 10, 6, 9, 0, 14, 3, 6, 5, 3, 10, 6, 5, 7], [13, 5, 3, 8, 6, 5, 5, 11, 12, 5, 5, 9, 10, 12, 3, 10, 10, 12, 3, 12], [5, 3, 12, 3, 14, 5, 3, 12, 5, 5, 7, 5, 13, 1, 10, 12, 13, 3, 10, 4], [1, 14, 3, 10, 10, 6, 13, 3, 4, 3, 12, 5, 5, 5, 9, 2, 2, 10, 12, 5], [3, 8, 10, 14, 9, 10, 2, 10, 6, 13, 5, 3, 4, 5, 7, 9, 12, 13, 5, 5], [9, 4, 9, 10, 6, 9, 14, 9, 10, 4, 3, 10, 6, 5, 9, 6, 5, 5, 5, 5], [5, 5, 5, 11, 10, 2, 10, 4, 9, 2, 14, 9, 12, 3, 6, 9, 6, 1, 6, 5], [5, 7, 3, 10, 12, 9, 12, 7, 3, 10, 8, 6, 3, 8, 14, 3, 12, 3, 12, 5], [1, 10, 8, 14, 5, 5, 3, 10, 10, 12, 7, 9, 10, 4, 9, 8, 6, 11, 6, 5], [3, 12, 3, 12, 3, 6, 9, 10, 12, 3, 12, 3, 12, 5, 5, 7, 9, 10, 10, 6], [11, 2, 14, 3, 10, 10, 2, 14, 3, 10, 2, 10, 6, 7, 3, 10, 2, 10, 10, 14]]","[[0, 0], [0, 1], [0, 2], [1, 2], [1, 1], [2, 1], [2, 0], [3, 0], [4, 0], [5, 0], [5, 1], [4, 1], [4, 2], [3, 2], [2, 2], [2, 3], [3, 3], [3, 4], [4, 4], [4, 3], [5, 3], [6, 3], [6, 2], [7, 2], [8, 2], [8, 1], [8, 0], [9, 0], [9, 1], [10, 1], [11, 1], [11, 2], [12, 2], [12, 3], [12, 4], [12, 5], [11, 5], [10, 5], [9, 5], [9, 4], [10, 4], [10, 3], [10, 2], [9, 2], [9, 3], [8, 3], [7, 3], [7, 4], [6, 4], [6, 5], [5, 5], [4, 5], [3, 5], [3, 6], [2, 6], [2, 7], [3, 7], [4, 7], [5, 7], [5, 6], [6, 6], [6, 7], [7, 7], [7, 8], [6, 8], [5, 8], [4, 8], [4, 9], [3, 9], [3, 8], [2, 8], [2, 9], [2, 10], [1, 10], [0, 10], [0, 11], [1, 11], [2, 11], [3, 11], [3, 12], [2, 12], [1, 12], [0, 12], [0, 13], [1, 13], [1, 14], [1, 15], [2, 15], [3, 15], [4, 15], [4, 16], [5, 16], [5, 15], [6, 15], [6, 16], [7, 16], [7, 17], [8, 17], [9, 17], [9, 16], [9, 15], [8, 15], [7, 15], [7, 14], [6, 14], [6, 13], [6, 12], [6, 11], [7, 11], [8, 11], [8, 12], [9, 12], [9, 13], [8, 13], [8, 14], [9, 14], [10, 14], [10, 15], [10, 16], [10, 17], [11, 17], [11, 18], [11, 19], [12, 19], [13, 19], [14, 19], [15, 19], [16, 19], [17, 19], [18, 19], [18, 18], [18, 17], [18, 16], [19, 16], [19, 17], [19, 18], [19, 19]]",137,190,0,190,0.0003872999222949147,True
recursive_backtracking,bfs,20,20,1812140441,"[0, 0]","[19, 19]","[[13, 9, 12, 9, 8, 12, 9, 10, 10, 12, 11, 8, 8, 10, 14, 9, 10, 8, 12, 13], [3, 6, 5, 7, 5, 3, 6, 9, 14, 3, 12, 5, 3, 10, 12, 5, 13, 5, 3, 4], [9, 14, 3, 10, 6, 11, 12, 1, 10, 10, 6, 3, 12, 9, 6, 3, 4, 5, 11, 6], [1, 10, 10, 8, 10, 12, 5, 5, 9, 10, 12, 9, 6, 3, 10, 10, 6, 3, 10, 12], [3, 10, 12, 3, 12, 5, 5, 5, 7, 9, 6, 5, 9, 8, 10, 10, 10, 10, 14, 5], [9, 10, 6, 9, 6, 5, 5, 3, 12, 5, 9, 6, 5, 3, 10, 12, 9, 10, 12, 5], [7, 9, 10, 6, 13, 3, 2, 12, 5, 1, 6, 13, 1, 14, 9, 4, 5, 11, 4, 5], [9, 6, 9, 10, 6, 9, 10, 6, 5, 5, 9, 2, 6, 9, 6, 5, 3, 12, 5, 5], [1, 12, 3, 10, 12, 5, 11, 12, 5, 5, 3, 10, 14, 5, 9, 2, 14, 5, 3, 4], [5, 3, 12, 9, 6, 5, 9, 6, 5, 3, 10, 10, 10, 6, 3, 14, 9, 6, 9, 6], [3, 12, 5, 3, 10, 4, 5, 9, 6, 9, 12, 9, 10, 10, 10, 10, 6, 9, 6, 13], [9, 6, 5, 9, 12, 3, 6, 5, 9, 6, 5, 5, 9, 10, 12, 9, 12, 3, 10, 4], [3, 12, 5, 5, 3, 10, 12, 3, 6, 9, 6, 5, 3, 12, 5, 5, 7, 9, 12, 5], [13, 5, 3, 6, 13, 9, 6, 9, 10, 6, 11, 2, 8, 6, 5, 1, 10, 6, 3, 6], [5, 3, 12, 9, 6, 3, 12, 5, 11, 8, 10, 12, 7, 9, 6, 3, 10, 12, 11, 12], [1, 12, 1, 6, 9, 10, 4, 3, 10, 6, 13, 3, 10, 6, 11, 12, 9, 6, 9, 4], [5, 3, 6, 9, 6, 9, 2, 10, 10, 12, 1, 12, 9, 8, 12, 5, 5, 9, 6, 5], [5, 9, 10, 4, 11, 6, 9, 10, 12, 1, 6, 7, 5, 5, 3, 4, 5, 5, 9, 6], [5, 3, 12, 7, 9, 12, 3, 12, 5, 7, 9, 12, 5, 5, 11, 6, 3, 6, 5, 13], [3, 14, 3, 10, 6, 3, 10, 6, 3, 10, 6, 3, 6, 3, 10, 10, 10, 10, 2, 6]]","[[0, 0], [1, 0], [1, 1], [0, 1], [0, 2], [1, 2], [2, 2], [2, 3], [2, 4], [1, 4], [0, 4], [0, 5], [1, 5], [1, 6], [0, 6], [0, 7], [0, 8], [0, 9], [1, 9], [1, 10], [2, 10], [2, 9], [2, 8], [2, 7], [3, 7], [4, 7], [5, 7], [5, 8], [6, 8], [7, 8], [8, 8], [9, 8], [10, 8], [10, 7], [11, 7], [12, 7], [12, 8], [11, 8], [11, 9], [10, 9], [10, 10], [11, 10], [12, 10], [12, 9], [13, 9], [13, 8], [13, 7], [14, 7], [15, 7], [15, 8], [15, 9], [14, 9], [14, 10], [14, 11], [15, 11], [15, 12], [15, 13], [14, 13], [14, 14], [13, 14], [12, 14], [11, 14], [11, 13], [11, 12], [12, 12], [12, 13], [13, 13], [13, 12], [13, 11], [12, 11], [11, 11], [10, 11], [10, 12], [10, 13], [10, 14], [10, 15], [10, 16], [9, 16], [9, 17], [8, 17], [7, 17], [7, 16], [6, 16], [5, 16], [5, 17], [5, 18], [6, 18], [7, 18], [8, 18], [8, 19], [9, 19], [9, 18], [10, 18], [10, 17], [11, 17], [11, 18], [11, 19], [12, 19], [13, 19], [13, 18], [12, 18], [12, 17], [13, 17], [13, 16], [13, 15], [14, 15], [14, 16], [14, 17], [15, 17], [15, 16], [16, 16], [17, 16], [18, 16], [18, 17], [17, 17], [16, 17], [16, 18], [15, 18], [15, 19], [16, 19], [17, 19], [17, 18], [18, 18], [19, 18], [19, 19]]",125,186,0,186,0.0003797999816015363,True
recursive_backtracking,bfs,20,20,127978094,"[0, 0]","[19, 19]","[[13, 11, 8, 14, 9, 10, 10, 12, 9, 8, 10, 12, 11, 10, 8, 12, 9, 14, 9, 12], [3, 12, 3, 10, 6, 9, 12, 3, 6, 1, 12, 3, 12, 9, 6, 5, 5, 9, 6, 5], [13, 3, 10, 10, 12, 5, 5, 9, 12, 7, 5, 13, 5, 1, 12, 3, 6, 5, 9, 4], [5, 9, 10, 10, 6, 5, 3, 6, 3, 10, 6, 5, 5, 7, 1, 10, 10, 6, 5, 7], [5, 5, 11, 8, 12, 1, 12, 9, 8, 10, 12, 5, 3, 12, 3, 12, 11, 12, 3, 12], [1, 6, 9, 6, 5, 7, 5, 5, 5, 9, 6, 3, 12, 5, 9, 6, 9, 4, 13, 5], [5, 9, 6, 13, 3, 10, 6, 7, 5, 3, 10, 10, 6, 5, 3, 12, 5, 3, 6, 5], [5, 5, 9, 6, 9, 8, 12, 9, 6, 9, 10, 10, 10, 6, 13, 5, 5, 9, 10, 6], [3, 6, 1, 10, 6, 5, 5, 5, 9, 6, 9, 8, 10, 10, 6, 5, 5, 3, 10, 12], [9, 12, 5, 9, 12, 5, 3, 6, 5, 9, 6, 5, 9, 10, 10, 2, 6, 9, 10, 4], [5, 3, 6, 7, 5, 5, 9, 10, 6, 5, 9, 6, 3, 10, 12, 9, 12, 1, 12, 7], [5, 9, 10, 12, 5, 3, 6, 13, 9, 6, 3, 8, 10, 14, 5, 5, 5, 7, 3, 12], [3, 6, 13, 3, 4, 11, 10, 2, 0, 10, 14, 5, 9, 10, 6, 5, 3, 10, 10, 4], [9, 14, 1, 12, 3, 10, 10, 12, 7, 9, 12, 5, 3, 12, 9, 6, 9, 10, 12, 5], [5, 9, 6, 3, 10, 10, 12, 3, 12, 5, 5, 1, 14, 5, 3, 10, 6, 9, 6, 5], [1, 6, 9, 12, 13, 9, 2, 14, 3, 6, 5, 1, 10, 2, 10, 10, 14, 3, 12, 7], [3, 12, 5, 3, 4, 3, 10, 12, 9, 10, 6, 3, 12, 9, 10, 12, 9, 12, 3, 12], [13, 3, 6, 13, 5, 9, 12, 5, 5, 9, 12, 11, 6, 5, 13, 3, 6, 3, 10, 4], [1, 10, 12, 1, 6, 5, 3, 6, 3, 6, 3, 10, 12, 5, 1, 8, 14, 9, 12, 5], [3, 14, 3, 2, 14, 3, 10, 10, 10, 10, 10, 10, 2, 6, 7, 3, 10, 6, 3, 6]]","[[0, 0], [1, 0], [1, 1], [2, 1], [2, 2], [2, 3], [2, 4], [3, 4], [3, 3], [3, 2], [3, 1], [4, 1], [5, 1], [5, 0], [6, 0], [7, 0], [8, 0], [8, 1], [7, 1], [6, 1], [6, 2], [5, 2], [5, 3], [4, 3], [4, 4], [5, 4], [6, 4], [6, 5], [6, 6], [5, 6], [4, 6], [4, 5], [3, 5], [2, 5], [1, 5], [1, 6], [2, 6], [3, 6], [3, 7], [2, 7], [2, 8], [3, 8], [3, 9], [3, 10], [2, 10], [1, 10], [1, 9], [0, 9], [0, 10], [0, 11], [1, 11], [1, 12], [2, 12], [3, 12], [4, 12], [4, 13], [5, 13], [6, 13], [7, 13], [7, 12], [7, 11], [7, 10], [7, 9], [8, 9], [8, 8], [9, 8], [10, 8], [10, 7], [10, 6], [11, 6], [11, 5], [10, 5], [9, 5], [8, 5], [7, 5], [7, 4], [8, 4], [8, 3], [8, 2], [9, 2], [10, 2], [10, 1], [9, 1], [9, 0], [10, 0], [11, 0], [12, 0], [12, 1], [11, 1], [11, 2], [11, 3], [12, 3], [12, 4], [13, 4], [13, 5], [13, 6], [13, 7], [14, 7], [14, 8], [15, 8], [15, 9], [14, 9], [13, 9], [13, 10], [14, 10], [15, 10], [16, 10], [16, 9], [16, 8], [17, 8], [18, 8], [18, 9], [17, 9], [17, 10], [18, 10], [18, 11], [18, 12], [19, 12], [19, 13], [18, 13], [17, 13], [16, 13], [16, 14], [16, 15], [17, 15], [17, 16], [16, 16], [16, 17], [17, 17], [17, 18], [17, 19], [18, 19], [19, 19]]",133,203,0,203,0.0004678999539464712,True
recursive_backtracking,bfs,20,20,939042955,"[0, 0]","[19, 19]","[[13, 9, 12, 9, 10, 12, 11, 10, 8, 10, 8, 12, 11, 8, 12, 13, 9, 8, 10, 14], [3, 6, 3, 6, 13, 3, 10, 12, 5, 9, 6, 5, 9, 6, 5, 3, 6, 3, 10, 12], [9, 14, 9, 8, 4, 9, 12, 5, 7, 5, 11, 4, 5, 9, 6, 9, 12, 9, 10, 4], [5, 9, 6, 5, 5, 5, 5, 3, 12, 1, 12, 5, 5, 3, 10, 6, 5, 3, 12, 5], [5, 5, 9, 6, 5, 5, 5, 9, 6, 7, 5, 5, 3, 10, 12, 13, 3, 10, 6, 5], [1, 6, 5, 9, 6, 5, 5, 3, 12, 9, 6, 3, 10, 10, 6, 1, 10, 10, 10, 6], [1, 14, 5, 3, 12, 7, 1, 12, 5, 5, 13, 9, 12, 9, 10, 6, 9, 10, 8, 14], [5, 9, 6, 9, 6, 9, 6, 7, 3, 6, 5, 5, 5, 5, 13, 9, 6, 13, 3, 12], [7, 5, 13, 3, 10, 4, 9, 10, 10, 12, 1, 6, 3, 6, 5, 5, 9, 2, 14, 5], [9, 6, 3, 10, 10, 6, 5, 13, 9, 6, 3, 10, 12, 9, 2, 6, 3, 12, 9, 4], [1, 12, 9, 10, 10, 10, 6, 5, 3, 12, 9, 10, 6, 5, 9, 8, 10, 6, 5, 5], [5, 3, 6, 9, 10, 10, 10, 0, 12, 5, 3, 12, 9, 6, 7, 3, 12, 9, 6, 5], [3, 12, 13, 3, 8, 14, 9, 6, 5, 1, 14, 5, 5, 11, 8, 12, 5, 5, 13, 5], [9, 6, 3, 12, 5, 9, 6, 13, 5, 5, 9, 6, 3, 10, 6, 3, 6, 5, 5, 5], [3, 10, 12, 3, 4, 5, 9, 6, 5, 3, 6, 9, 10, 10, 10, 10, 10, 6, 1, 6], [11, 12, 3, 12, 7, 5, 3, 12, 5, 11, 10, 4, 9, 10, 10, 10, 14, 9, 6, 13], [9, 2, 12, 3, 10, 6, 9, 4, 3, 10, 10, 6, 1, 10, 10, 10, 10, 6, 9, 4], [1, 12, 5, 9, 10, 10, 6, 3, 10, 14, 9, 10, 6, 9, 14, 9, 10, 8, 6, 5], [5, 5, 3, 6, 9, 10, 10, 12, 9, 12, 5, 9, 12, 3, 10, 2, 14, 5, 9, 6], [7, 3, 10, 10, 2, 10, 14, 3, 6, 3, 2, 6, 3, 10, 10, 10, 10, 6, 3, 14]]","[[0, 0], [1, 0], [1, 1], [0, 1], [0, 2], [1, 2], [1, 3], [0, 3], [0, 4], [0, 5], [1, 5], [1, 6], [1, 7], [2, 7], [3, 7], [3, 8], [4, 8], [4, 7], [5, 7], [5, 8], [6, 8], [7, 8], [7, 9], [6, 9], [5, 9], [5, 10], [4, 10], [3, 10], [3, 9], [2, 9], [1, 9], [1, 10], [0, 10], [0, 11], [1, 11], [2, 11], [3, 11], [4, 11], [5, 11], [5, 12], [5, 13], [5, 14], [4, 14], [4, 13], [4, 12], [3, 12], [2, 12], [1, 12], [1, 13], [0, 13], [0, 14], [1, 14], [2, 14], [2, 13], [3, 13], [3, 14], [3, 15], [2, 15], [2, 16], [3, 16], [4, 16], [4, 17], [4, 18], [3, 18], [3, 17], [2, 17], [2, 18], [2, 19], [3, 19], [4, 19], [5, 19], [5, 18], [5, 17], [5, 16], [5, 15], [6, 15], [6, 14], [6, 13], [7, 13], [8, 13], [8, 12], [7, 12], [6, 12], [6, 11], [7, 11], [8, 11], [8, 10], [9, 10], [9, 11], [9, 12], [10, 12], [10, 11], [10, 10], [11, 10], [11, 11], [12, 11], [13, 11], [13, 10], [14, 10], [14, 9], [13, 9], [12, 9], [11, 9], [10, 9], [10, 8], [9, 8], [9, 9], [8, 9], [8, 8], [8, 7], [8, 6], [9, 6], [10, 6], [10, 5], [10, 4], [10, 3], [10, 2], [11, 2], [11, 1], [10, 1], [10, 0], [11, 0], [12, 0], [12, 1], [13, 1], [13, 0], [14, 0], [14, 1], [14, 2], [15, 2], [15, 3], [16, 3], [16, 4], [16, 5], [15, 5], [14, 5], [13, 5], [13, 6], [12, 6], [12, 7], [11, 7], [11, 8], [12, 8], [13, 8], [14, 8], [15, 8], [16, 8], [16, 9], [16, 10], [16, 11], [15, 11], [14, 11], [14, 12], [14, 13], [14, 14], [14, 15], [14, 16], [14, 17], [13, 17], [12, 17], [11, 17], [11, 18], [10, 18], [9, 18], [9, 19], [10, 19], [11, 19], [12, 19], [13, 19], [14, 19], [14, 18], [15, 18], [15, 17], [16, 17], [16, 16], [16, 15], [16, 14], [16, 13], [16, 12], [17, 12], [17, 11], [17, 10], [18, 10], [19, 10], [19, 11], [18, 11], [18, 12], [19, 12], [19, 13], [19, 14], [19, 15], [19, 16], [19, 17], [18, 17], [17, 17], [17, 18], [16, 18], [16, 19], [17, 19], [18, 19], [18, 18], [19, 18], [19, 19]]",203,381,0,381,0.0007787999929860234,True
recursive_backtracking,bfs,20,20,2340505846,"[0, 0]","[19, 19]","[[13, 9, 8, 10, 10, 12, 13, 9, 10, 12, 9, 8, 14, 9, 10, 8, 12, 9, 8, 14], [5, 7, 5, 13, 9, 6, 5, 5, 13, 5, 5, 5, 9, 2, 14, 5, 5, 7, 3, 12], [3, 12, 5, 1, 6, 11, 2, 2, 4, 3, 6, 3, 6, 9, 10, 6, 3, 12, 9, 4], [13, 3, 6, 3, 12, 9, 10, 12, 5, 9, 12, 9, 10, 6, 9, 10, 14, 5, 5, 5], [1, 12, 9, 12, 3, 6, 13, 5, 3, 6, 7, 5, 9, 12, 1, 10, 10, 2, 6, 7], [5, 1, 6, 3, 10, 12, 5, 5, 9, 10, 10, 6, 5, 5, 3, 8, 14, 9, 10, 12], [5, 7, 9, 10, 12, 3, 6, 5, 1, 12, 9, 10, 6, 5, 11, 6, 9, 6, 9, 6], [1, 10, 2, 14, 3, 12, 9, 6, 5, 3, 6, 11, 12, 3, 10, 10, 2, 14, 3, 12], [3, 14, 9, 10, 10, 6, 5, 13, 5, 9, 12, 9, 4, 9, 12, 9, 10, 10, 10, 4], [9, 12, 3, 12, 9, 12, 5, 5, 5, 5, 3, 6, 5, 5, 3, 6, 9, 14, 9, 6], [5, 3, 10, 6, 5, 3, 6, 3, 2, 6, 9, 10, 6, 5, 11, 12, 1, 12, 5, 13], [5, 9, 10, 10, 6, 9, 10, 10, 12, 11, 2, 10, 12, 3, 12, 5, 5, 3, 6, 5], [1, 6, 11, 8, 10, 6, 11, 12, 5, 9, 12, 9, 2, 14, 5, 5, 5, 9, 8, 4], [5, 9, 12, 3, 12, 11, 8, 4, 3, 6, 5, 7, 9, 12, 5, 1, 6, 5, 5, 5], [3, 6, 3, 12, 5, 9, 6, 3, 10, 14, 3, 10, 6, 5, 5, 5, 11, 6, 5, 7], [9, 12, 13, 3, 6, 3, 10, 10, 10, 10, 12, 9, 10, 6, 5, 3, 10, 12, 3, 12], [5, 3, 6, 9, 8, 10, 10, 10, 10, 10, 4, 3, 10, 12, 3, 10, 12, 5, 9, 4], [5, 9, 10, 6, 3, 10, 10, 10, 12, 13, 5, 9, 10, 6, 9, 10, 6, 3, 6, 5], [5, 3, 12, 9, 10, 10, 12, 13, 5, 3, 6, 3, 10, 10, 6, 9, 10, 10, 12, 5], [3, 10, 2, 6, 11, 10, 2, 6, 3, 10, 10, 10, 10, 10, 10, 2, 10, 14, 3, 6]]","[[0, 0], [1, 0], [2, 0], [2, 1], [3, 1], [3, 2], [2, 2], [1, 2], [0, 2], [0, 3], [0, 4], [0, 5], [1, 5], [1, 4], [2, 4], [2, 3], [3, 3], [3, 4], [4, 4], [4, 5], [3, 5], [3, 6], [3, 7], [4, 7], [5, 7], [6, 7], [7, 7], [7, 6], [8, 6], [9, 6], [10, 6], [10, 5], [9, 5], [9, 4], [10, 4], [11, 4], [11, 3], [11, 2], [11, 1], [12, 1], [12, 0], [13, 0], [14, 0], [14, 1], [13, 1], [13, 2], [14, 2], [14, 3], [15, 3], [15, 4], [14, 4], [13, 4], [13, 3], [12, 3], [12, 4], [12, 5], [11, 5], [11, 6], [11, 7], [11, 8], [12, 8], [13, 8], [13, 9], [12, 9], [12, 10], [13, 10], [14, 10], [14, 11], [14, 12], [13, 12], [13, 13], [14, 13], [15, 13], [15, 12], [15, 11], [16, 11], [16, 12], [16, 13], [17, 13], [17, 12], [17, 11], [18, 11], [18, 12], [18, 13], [18, 14], [17, 14], [17, 15], [17, 16], [16, 16], [16, 15], [16, 14], [15, 14], [14, 14], [13, 14], [12, 14], [11, 14], [11, 13], [10, 13], [9, 13], [8, 13], [8, 14], [9, 14], [9, 15], [8, 15], [8, 16], [8, 17], [8, 18], [8, 19], [9, 19], [9, 18], [10, 18], [11, 18], [11, 17], [10, 17], [10, 16], [11, 16], [12, 16], [13, 16], [13, 15], [14, 15], [15, 15], [15, 16], [15, 17], [16, 17], [17, 17], [17, 18], [16, 18], [16, 19], [17, 19], [18, 19], [19, 19]]",131,210,0,210,0.0004254000959917903,True
recursive_backtracking,bfs,20,20,946785248,"[0, 0]","[19, 19]","[[11, 10, 10, 10, 12, 9, 12, 9, 12, 9, 8, 10, 12, 9, 12, 9, 12, 9, 8, 14], [11, 8, 12, 9, 6, 5, 3, 6, 3, 6, 5, 9, 6, 5, 5, 5, 3, 6, 3, 12], [9, 6, 7, 3, 12, 3, 10, 10, 12, 13, 5, 3, 10, 6, 7, 1, 14, 9, 12, 5], [3, 10, 10, 12, 3, 10, 12, 11, 2, 6, 5, 9, 10, 12, 9, 6, 9, 6, 3, 4], [9, 10, 10, 2, 10, 12, 5, 9, 10, 10, 4, 5, 9, 6, 3, 12, 3, 12, 11, 4], [1, 10, 12, 9, 10, 6, 5, 5, 11, 10, 6, 5, 3, 10, 10, 2, 14, 1, 12, 5], [1, 14, 5, 5, 9, 10, 6, 5, 9, 10, 12, 5, 9, 10, 10, 10, 12, 5, 5, 7], [5, 9, 6, 5, 3, 10, 12, 5, 5, 13, 5, 5, 3, 10, 12, 13, 5, 7, 3, 12], [5, 3, 12, 3, 10, 14, 5, 5, 3, 4, 5, 1, 14, 9, 6, 5, 5, 9, 10, 6], [5, 13, 5, 9, 12, 9, 6, 1, 10, 6, 3, 6, 9, 6, 9, 2, 6, 3, 10, 12], [5, 5, 3, 6, 5, 3, 12, 3, 8, 10, 14, 9, 6, 13, 5, 9, 8, 12, 9, 4], [3, 2, 12, 13, 1, 14, 3, 12, 7, 9, 12, 5, 13, 1, 6, 7, 5, 3, 6, 5], [9, 12, 3, 4, 3, 8, 12, 3, 10, 6, 3, 6, 1, 6, 9, 12, 3, 12, 11, 4], [5, 7, 9, 6, 9, 6, 3, 12, 9, 8, 10, 14, 3, 10, 6, 3, 12, 1, 12, 5], [5, 9, 6, 13, 5, 11, 10, 6, 5, 3, 10, 8, 10, 14, 9, 10, 6, 7, 5, 7], [5, 3, 10, 4, 5, 9, 10, 10, 6, 9, 14, 3, 12, 9, 6, 9, 10, 12, 3, 12], [1, 10, 10, 6, 5, 3, 10, 12, 11, 2, 8, 14, 3, 6, 9, 6, 13, 3, 10, 4], [5, 9, 8, 14, 3, 10, 12, 3, 10, 12, 1, 10, 10, 10, 4, 9, 2, 10, 14, 5], [5, 7, 3, 8, 12, 9, 2, 14, 9, 6, 3, 14, 9, 10, 6, 1, 10, 10, 10, 6], [3, 10, 10, 6, 7, 3, 10, 10, 2, 10, 10, 10, 6, 11, 10, 2, 10, 10, 10, 14]]","[[0, 0], [0, 1], [0, 2], [0, 3], [0, 4], [1, 4], [1, 3], [2, 3], [2, 4], [3, 4], [3, 5], [3, 6], [4, 6], [5, 6], [6, 6], [6, 5], [6, 4], [7, 4], [7, 5], [7, 6], [8, 6], [9, 6], [9, 5], [10, 5], [10, 6], [11, 6], [11, 7], [12, 7], [12, 8], [12, 9], [11, 9], [11, 10], [12, 10], [12, 11], [11, 11], [10, 11], [10, 12], [9, 12], [9, 13], [8, 13], [8, 14], [7, 14], [7, 13], [7, 12], [6, 12], [6, 13], [6, 14], [6, 15], [6, 16], [7, 16], [8, 16], [9, 16], [9, 15], [9, 14], [10, 14], [11, 14], [11, 13], [12, 13], [12, 12], [13, 12], [13, 13], [13, 14], [12, 14], [12, 15], [13, 15], [13, 16], [14, 16], [14, 15], [14, 14], [15, 14], [15, 13], [16, 13], [16, 12], [15, 12], [15, 11], [14, 11], [14, 10], [14, 9], [13, 9], [13, 8], [14, 8], [15, 8], [15, 7], [15, 6], [15, 5], [16, 5], [16, 6], [16, 7], [17, 7], [17, 8], [17, 9], [18, 9], [18, 8], [19, 8], [19, 9], [19, 10], [19, 11], [19, 12], [18, 12], [18, 13], [18, 14], [17, 14], [16, 14], [16, 15], [15, 15], [15, 16], [15, 17], [16, 17], [16, 18], [16, 19], [17, 19], [18, 19], [18, 18], [18, 17], [18, 16], [18, 15], [19, 15], [19, 16], [19, 17], [19, 18], [19, 19]]",121,197,0,197,0.00042830000165849924,True
recursive_backtracking,bfs,20,20,2530876844,"[0, 0]","[19, 19]","[[13, 11, 10, 8, 10, 10, 12, 9, 10, 10, 12, 9, 8, 12, 9, 12, 9, 10, 10, 12], [5, 9, 12, 1, 10, 12, 5, 3, 10, 12, 5, 5, 5, 1, 6, 3, 6, 11, 10, 6], [3, 6, 5, 5, 13, 5, 3, 10, 12, 7, 1, 6, 5, 7, 9, 12, 9, 10, 10, 12], [9, 10, 6, 3, 4, 5, 11, 12, 3, 12, 3, 12, 3, 12, 5, 5, 1, 14, 9, 4], [5, 13, 9, 10, 6, 3, 12, 1, 10, 6, 11, 2, 12, 3, 6, 3, 6, 9, 6, 5], [5, 3, 2, 10, 10, 14, 5, 3, 10, 10, 10, 12, 3, 12, 9, 10, 12, 5, 11, 4], [5, 9, 12, 9, 10, 12, 1, 12, 11, 8, 12, 5, 11, 4, 3, 14, 5, 3, 12, 5], [3, 6, 3, 6, 13, 5, 7, 3, 12, 5, 7, 3, 12, 3, 10, 12, 5, 9, 6, 5], [9, 14, 9, 10, 2, 6, 9, 10, 6, 1, 10, 10, 6, 9, 10, 6, 5, 5, 9, 6], [5, 9, 6, 9, 8, 10, 6, 11, 12, 3, 10, 10, 12, 5, 9, 12, 5, 5, 5, 13], [5, 5, 11, 4, 3, 12, 9, 12, 3, 12, 9, 10, 6, 3, 6, 1, 6, 5, 3, 6], [5, 3, 12, 3, 14, 5, 5, 3, 8, 6, 5, 9, 10, 10, 12, 5, 9, 6, 9, 12], [1, 12, 3, 10, 10, 6, 1, 12, 7, 9, 6, 7, 9, 12, 3, 6, 5, 9, 6, 5], [7, 1, 10, 10, 10, 12, 5, 3, 12, 3, 12, 9, 6, 3, 10, 12, 5, 5, 13, 5], [9, 6, 9, 8, 14, 5, 7, 9, 2, 14, 3, 6, 11, 10, 12, 5, 5, 1, 6, 5], [5, 11, 6, 1, 10, 2, 10, 4, 9, 10, 8, 10, 10, 8, 6, 5, 5, 5, 9, 4], [1, 10, 12, 3, 14, 9, 12, 7, 5, 13, 5, 9, 14, 5, 9, 6, 1, 6, 5, 5], [3, 12, 3, 10, 12, 5, 3, 12, 5, 5, 5, 3, 10, 6, 3, 12, 1, 14, 5, 5], [13, 5, 9, 12, 5, 5, 13, 3, 6, 5, 3, 10, 12, 9, 10, 6, 7, 9, 6, 5], [3, 2, 6, 7, 3, 2, 2, 10, 10, 2, 10, 14, 3, 2, 10, 10, 10, 6, 11, 6]]","[[0, 0], [1, 0], [2, 0], [2, 1], [1, 1], [1, 2], [2, 2], [3, 2], [3, 1], [3, 0], [4, 0], [5, 0], [6, 0], [7, 0], [7, 1], [6, 1], [6, 2], [7, 2], [7, 3], [6, 3], [6, 4], [6, 5], [7, 5], [8, 5], [8, 4], [8, 3], [8, 2], [9, 2], [9, 1], [10, 1], [11, 1], [11, 2], [12, 2], [12, 3], [12, 4], [12, 5], [11, 5], [10, 5], [10, 4], [9, 4], [9, 5], [9, 6], [8, 6], [8, 7], [8, 8], [7, 8], [7, 7], [6, 7], [6, 6], [5, 6], [4, 6], [4, 5], [3, 5], [2, 5], [1, 5], [1, 4], [1, 3], [0, 3], [0, 4], [0, 5], [0, 6], [1, 6], [2, 6], [2, 7], [2, 8], [3, 8], [3, 9], [4, 9], [4, 8], [4, 7], [5, 7], [5, 8], [5, 9], [5, 10], [5, 11], [6, 11], [7, 11], [7, 12], [8, 12], [8, 11], [8, 10], [8, 9], [9, 9], [9, 10], [9, 11], [9, 12], [10, 12], [10, 11], [10, 10], [11, 10], [12, 10], [12, 9], [13, 9], [13, 10], [14, 10], [14, 11], [13, 11], [13, 12], [12, 12], [12, 13], [13, 13], [13, 14], [13, 15], [14, 15], [15, 15], [16, 15], [16, 14], [17, 14], [17, 15], [18, 15], [18, 14], [18, 13], [19, 13], [19, 14], [19, 15], [19, 16], [19, 17], [18, 17], [18, 18], [17, 18], [16, 18], [15, 18], [15, 19], [16, 19], [17, 19], [18, 19], [19, 19]]",127,185,0,185,0.0003792000934481621,True
recursive_backtracking,bfs,20,20,3460967357,"[0, 0]","[19, 19]","[[11, 10, 10, 12, 9, 8, 10, 10, 12, 9, 10, 10, 10, 10, 8, 14, 9, 12, 9, 12], [9, 10, 14, 5, 5, 5, 11, 8, 6, 3, 10, 12, 9, 12, 3, 10, 6, 3, 6, 5], [1, 10, 10, 6, 7, 3, 12, 3, 10, 10, 12, 3, 6, 7, 9, 12, 9, 10, 12, 5], [5, 11, 8, 10, 10, 12, 1, 12, 9, 12, 5, 9, 10, 12, 5, 3, 6, 13, 5, 5], [3, 10, 6, 13, 9, 6, 7, 3, 6, 5, 3, 6, 13, 5, 1, 12, 9, 6, 3, 4], [9, 10, 10, 2, 6, 9, 10, 10, 10, 6, 9, 10, 4, 5, 5, 5, 5, 9, 10, 6], [5, 11, 8, 10, 10, 6, 9, 14, 9, 10, 2, 14, 5, 5, 7, 5, 1, 6, 9, 12], [3, 12, 5, 9, 12, 9, 2, 12, 3, 12, 13, 9, 6, 3, 10, 6, 3, 10, 6, 5], [9, 6, 5, 5, 5, 3, 12, 3, 10, 6, 5, 5, 9, 12, 9, 8, 12, 13, 9, 6], [3, 10, 6, 5, 3, 12, 3, 10, 12, 11, 4, 5, 5, 5, 5, 5, 3, 6, 3, 12], [11, 12, 9, 2, 12, 3, 10, 12, 3, 12, 5, 3, 6, 3, 4, 3, 10, 12, 9, 6], [9, 6, 3, 12, 3, 10, 12, 5, 11, 2, 6, 9, 10, 12, 7, 9, 12, 5, 5, 13], [1, 10, 10, 2, 14, 9, 6, 3, 10, 8, 10, 6, 13, 3, 12, 5, 3, 4, 5, 5], [5, 9, 12, 9, 10, 6, 9, 10, 10, 6, 9, 12, 3, 12, 3, 6, 9, 6, 3, 4], [5, 5, 3, 6, 9, 14, 5, 9, 14, 9, 6, 3, 12, 5, 9, 12, 5, 9, 12, 5], [7, 3, 12, 9, 6, 9, 2, 6, 9, 6, 9, 8, 6, 3, 6, 1, 6, 5, 3, 6], [9, 10, 6, 1, 12, 3, 12, 9, 6, 13, 5, 7, 9, 10, 12, 5, 9, 6, 11, 12], [5, 11, 10, 6, 1, 14, 5, 5, 11, 4, 3, 12, 5, 13, 5, 7, 3, 10, 10, 4], [1, 10, 10, 12, 3, 10, 6, 3, 10, 2, 12, 5, 3, 4, 5, 9, 8, 10, 14, 5], [3, 10, 14, 3, 10, 10, 10, 10, 10, 10, 6, 3, 10, 6, 3, 6, 3, 10, 10, 6]]","[[0, 0], [0, 1], [0, 2], [0, 3], [1, 3], [2, 3], [2, 2], [2, 1], [2, 0], [3, 0], [4, 0], [4, 1], [4, 2], [3, 2], [3, 3], [3, 4], [3, 5], [4, 5], [4, 4], [5, 4], [5, 3], [5, 2], [5, 1], [5, 0], [6, 0], [7, 0], [7, 1], [8, 1], [8, 0], [9, 0], [9, 1], [9, 2], [8, 2], [7, 2], [6, 2], [6, 3], [6, 4], [6, 5], [5, 5], [5, 6], [5, 7], [5, 8], [5, 9], [4, 9], [3, 9], [3, 8], [4, 8], [4, 7], [3, 7], [3, 6], [2, 6], [2, 5], [1, 5], [0, 5], [0, 6], [0, 7], [0, 8], [1, 8], [1, 7], [2, 7], [2, 8], [2, 9], [2, 10], [3, 10], [4, 10], [4, 11], [3, 11], [3, 12], [3, 13], [4, 13], [5, 13], [6, 13], [7, 13], [7, 14], [7, 15], [6, 15], [5, 15], [4, 15], [4, 14], [3, 14], [2, 14], [2, 15], [3, 15], [3, 16], [2, 16], [2, 17], [2, 18], [3, 18], [4, 18], [4, 19], [5, 19], [5, 18], [5, 17], [6, 17], [6, 16], [7, 16], [7, 17], [7, 18], [6, 18], [6, 19], [7, 19], [8, 19], [8, 18], [9, 18], [9, 19], [10, 19], [10, 18], [11, 18], [12, 18], [13, 18], [13, 19], [14, 19], [15, 19], [15, 18], [14, 18], [14, 17], [15, 17], [16, 17], [16, 16], [17, 16], [17, 17], [17, 18], [17, 19], [18, 19], [19, 19]]",125,172,0,172,0.00035690004006028175,True
recursive_backtracking,bfs,20,20,2998485882,"[0, 0]","[19, 19]","[[13, 13, 9, 8, 10, 10, 12, 13, 9, 10, 10, 12, 9, 10, 8, 10, 12, 11, 10, 12], [5, 3, 6, 3, 12, 13, 5, 5, 3, 12, 13, 3, 2, 14, 1, 12, 5, 9, 10, 4], [5, 9, 10, 10, 6, 5, 5, 5, 9, 6, 1, 12, 9, 12, 7, 5, 3, 6, 9, 6], [5, 5, 9, 10, 12, 1, 6, 5, 5, 9, 4, 5, 5, 3, 10, 6, 13, 9, 6, 13], [3, 6, 7, 9, 6, 3, 12, 5, 5, 7, 5, 7, 3, 12, 9, 12, 3, 2, 10, 4], [9, 10, 12, 3, 12, 9, 6, 1, 2, 10, 6, 9, 10, 6, 5, 3, 12, 9, 14, 5], [1, 12, 3, 10, 6, 5, 9, 2, 14, 9, 12, 3, 10, 8, 6, 13, 5, 1, 10, 6], [7, 3, 12, 9, 12, 5, 3, 14, 9, 6, 5, 9, 12, 3, 10, 4, 5, 3, 12, 13], [9, 10, 6, 5, 5, 5, 9, 10, 6, 11, 2, 6, 3, 12, 11, 6, 3, 12, 3, 4], [1, 10, 12, 5, 3, 6, 3, 12, 9, 12, 11, 8, 14, 5, 9, 10, 8, 6, 11, 6], [3, 12, 3, 6, 11, 8, 12, 3, 6, 3, 12, 1, 10, 6, 3, 12, 5, 9, 10, 12], [13, 5, 9, 10, 12, 5, 3, 10, 12, 9, 6, 3, 10, 10, 10, 4, 7, 3, 12, 5], [1, 6, 3, 12, 3, 6, 9, 12, 5, 1, 10, 10, 10, 12, 11, 6, 9, 12, 5, 5], [5, 9, 12, 5, 9, 14, 5, 3, 6, 3, 12, 13, 9, 6, 9, 12, 5, 3, 6, 5], [3, 6, 3, 6, 1, 12, 3, 10, 12, 9, 6, 5, 3, 12, 5, 5, 5, 13, 9, 6], [9, 14, 9, 10, 6, 1, 12, 9, 6, 5, 11, 2, 12, 5, 5, 5, 5, 5, 3, 12], [5, 9, 6, 9, 10, 6, 5, 5, 11, 2, 10, 12, 5, 5, 5, 3, 2, 2, 14, 5], [5, 3, 12, 5, 11, 10, 6, 5, 9, 10, 12, 3, 4, 3, 2, 10, 14, 9, 12, 5], [1, 14, 5, 5, 9, 12, 9, 6, 3, 12, 5, 11, 6, 9, 10, 10, 12, 5, 5, 5], [3, 10, 6, 3, 6, 3, 2, 10, 10, 6, 3, 10, 10, 6, 11, 10, 2, 6, 3, 6]]","[[0, 0], [1, 0], [2, 0], [3, 0], [4, 0], [4, 1], [3, 1], [2, 1], [2, 2], [2, 3], [2, 4], [1, 4], [1, 3], [0, 3], [0, 4], [0, 5], [0, 6], [1, 6], [2, 6], [3, 6], [3, 5], [4, 5], [4, 6], [5, 6], [5, 5], [6, 5], [7, 5], [8, 5], [9, 5], [9, 4], [8, 4], [7, 4], [7, 3], [8, 3], [9, 3], [10, 3], [10, 2], [9, 2], [9, 1], [9, 0], [10, 0], [10, 1], [11, 1], [12, 1], [12, 0], [13, 0], [14, 0], [14, 1], [13, 1], [13, 2], [14, 2], [14, 3], [13, 3], [12, 3], [12, 2], [11, 2], [11, 3], [11, 4], [12, 4], [12, 5], [11, 5], [10, 5], [10, 6], [11, 6], [11, 7], [11, 8], [12, 8], [13, 8], [13, 7], [12, 7], [12, 6], [13, 6], [14, 6], [14, 7], [14, 8], [15, 8], [15, 7], [16, 7], [17, 7], [18, 7], [18, 6], [19, 6], [19, 7], [19, 8], [19, 9], [18, 9], [18, 8], [17, 8], [17, 9], [17, 10], [18, 10], [19, 10], [19, 11], [19, 12], [19, 13], [18, 13], [18, 14], [18, 15], [18, 16], [19, 16], [19, 17], [18, 17], [17, 17], [17, 18], [18, 18], [19, 18], [19, 19]]",107,170,0,170,0.00041960005182772875,True
recursive_backtracking,bfs,20,20,1461364854,"[0, 0]","[19, 19]","[[13, 11, 10, 10, 8, 10, 12, 9, 12, 11, 8, 12, 9, 12, 9, 8, 14, 9, 8, 14], [3, 10, 10, 10, 6, 13, 5, 5, 3, 12, 5, 3, 6, 5, 7, 5, 9, 6, 3, 12], [13, 9, 10, 12, 9, 2, 6, 5, 13, 5, 5, 11, 12, 3, 12, 3, 2, 14, 9, 4], [5, 3, 12, 5, 3, 10, 10, 6, 5, 3, 6, 9, 2, 12, 5, 9, 10, 10, 6, 5], [3, 10, 6, 3, 8, 10, 12, 9, 6, 9, 8, 6, 11, 6, 5, 1, 12, 13, 9, 6], [9, 12, 9, 12, 5, 9, 6, 3, 10, 6, 5, 9, 10, 10, 6, 7, 5, 5, 5, 13], [5, 1, 6, 3, 6, 5, 9, 8, 10, 10, 4, 5, 11, 8, 12, 9, 6, 5, 5, 5], [5, 7, 9, 10, 12, 5, 7, 5, 11, 10, 6, 3, 10, 6, 5, 5, 9, 2, 6, 5], [1, 10, 6, 13, 5, 3, 10, 4, 9, 10, 10, 12, 9, 12, 3, 6, 5, 11, 10, 4], [3, 10, 10, 4, 3, 12, 9, 6, 3, 12, 13, 5, 5, 3, 8, 12, 3, 12, 9, 4], [9, 12, 11, 0, 14, 5, 1, 10, 14, 3, 4, 3, 2, 14, 5, 7, 9, 6, 5, 7], [5, 3, 12, 7, 9, 6, 5, 9, 10, 10, 2, 12, 9, 12, 3, 12, 3, 12, 3, 12], [3, 12, 5, 9, 6, 13, 5, 5, 9, 10, 12, 5, 5, 3, 12, 1, 14, 3, 12, 5], [9, 6, 3, 6, 11, 2, 6, 5, 5, 11, 4, 7, 3, 12, 3, 4, 9, 10, 6, 5], [1, 10, 10, 10, 10, 12, 9, 6, 3, 12, 3, 10, 10, 6, 11, 6, 3, 12, 9, 4], [3, 10, 12, 9, 12, 5, 5, 9, 14, 3, 10, 12, 9, 10, 12, 9, 12, 5, 5, 5], [9, 12, 5, 7, 5, 5, 5, 1, 8, 10, 12, 3, 6, 9, 4, 5, 3, 6, 5, 5], [5, 3, 6, 9, 6, 5, 5, 7, 3, 12, 7, 9, 10, 6, 5, 5, 11, 10, 4, 7], [3, 12, 9, 4, 9, 6, 3, 10, 10, 4, 9, 6, 11, 10, 6, 5, 9, 12, 3, 12], [11, 2, 6, 7, 3, 10, 10, 10, 10, 6, 3, 10, 10, 10, 10, 2, 6, 3, 10, 6]]","[[0, 0], [1, 0], [1, 1], [1, 2], [1, 3], [1, 4], [0, 4], [0, 5], [0, 6], [1, 6], [2, 6], [2, 5], [2, 4], [3, 4], [3, 5], [3, 6], [3, 7], [2, 7], [1, 7], [0, 7], [0, 8], [1, 8], [1, 9], [2, 9], [3, 9], [3, 10], [2, 10], [1, 10], [0, 10], [0, 11], [1, 11], [1, 12], [0, 12], [0, 13], [1, 13], [2, 13], [2, 14], [3, 14], [4, 14], [5, 14], [5, 13], [5, 12], [5, 11], [6, 11], [7, 11], [7, 12], [7, 13], [6, 13], [6, 14], [7, 14], [8, 14], [8, 15], [7, 15], [6, 15], [6, 16], [5, 16], [4, 16], [4, 15], [3, 15], [3, 16], [3, 17], [3, 18], [2, 18], [2, 19], [3, 19], [4, 19], [4, 18], [5, 18], [6, 18], [7, 18], [7, 17], [7, 16], [8, 16], [9, 16], [9, 17], [10, 17], [10, 16], [11, 16], [11, 17], [12, 17], [12, 18], [13, 18], [13, 17], [13, 16], [14, 16], [14, 17], [15, 17], [16, 17], [16, 16], [15, 16], [15, 15], [16, 15], [17, 15], [18, 15], [19, 15], [19, 16], [18, 16], [18, 17], [19, 17], [19, 18], [19, 19]]",101,131,0,131,0.0029585999436676502,True
recursive_backtracking,bfs,20,20,667779376,"[0, 0]","[19, 19]","[[13, 11, 8, 10, 8, 10, 12, 9, 10, 12, 11, 10, 10, 10, 10, 10, 8, 12, 9, 12], [3, 12, 7, 9, 6, 9, 6, 3, 12, 3, 10, 12, 9, 10, 10, 12, 5, 3, 6, 5], [13, 3, 10, 6, 13, 5, 9, 10, 6, 13, 9, 6, 5, 9, 12, 3, 6, 9, 10, 6], [1, 10, 10, 8, 6, 5, 5, 11, 8, 6, 3, 12, 5, 5, 5, 9, 10, 6, 11, 12], [3, 10, 12, 5, 9, 6, 1, 12, 3, 8, 14, 3, 6, 7, 5, 3, 10, 12, 9, 6], [9, 10, 6, 5, 5, 13, 5, 3, 12, 3, 8, 12, 9, 8, 0, 14, 9, 6, 3, 12], [5, 9, 10, 6, 5, 3, 2, 12, 3, 12, 7, 1, 6, 5, 7, 9, 6, 9, 10, 6], [5, 3, 10, 12, 3, 10, 12, 3, 12, 3, 12, 5, 13, 3, 10, 6, 11, 0, 10, 12], [3, 10, 12, 1, 10, 12, 3, 12, 5, 9, 6, 3, 2, 10, 10, 10, 12, 3, 14, 5], [9, 12, 7, 5, 11, 2, 14, 5, 7, 5, 9, 10, 10, 10, 10, 12, 3, 10, 10, 4], [5, 3, 10, 4, 9, 12, 9, 6, 9, 6, 5, 9, 8, 10, 10, 4, 9, 10, 10, 6], [3, 12, 11, 6, 5, 3, 6, 9, 4, 11, 4, 5, 5, 9, 12, 5, 3, 10, 12, 13], [9, 6, 9, 12, 3, 12, 13, 5, 3, 12, 5, 5, 7, 5, 5, 1, 10, 14, 5, 5], [5, 9, 6, 5, 9, 6, 5, 3, 12, 5, 7, 5, 9, 6, 5, 7, 9, 10, 6, 5], [3, 6, 9, 4, 5, 11, 2, 10, 6, 3, 12, 5, 3, 12, 3, 10, 6, 9, 12, 5], [9, 12, 5, 5, 3, 10, 10, 10, 10, 12, 5, 3, 12, 3, 12, 11, 8, 4, 3, 4], [5, 5, 5, 3, 14, 9, 10, 8, 12, 3, 6, 9, 2, 12, 3, 12, 7, 3, 12, 7], [5, 3, 4, 9, 10, 2, 14, 5, 7, 9, 12, 1, 12, 3, 14, 3, 10, 12, 3, 12], [1, 12, 7, 5, 9, 12, 9, 6, 9, 6, 5, 5, 5, 9, 10, 8, 14, 3, 10, 4], [7, 3, 10, 2, 6, 7, 3, 10, 2, 14, 3, 6, 3, 2, 14, 3, 10, 10, 10, 6]]","[[0, 0], [1, 0], [1, 1], [2, 1], [2, 2], [2, 3], [1, 3], [1, 4], [0, 4], [0, 5], [0, 6], [1, 6], [1, 5], [2, 5], [3, 5], [4, 5], [4, 4], [5, 4], [6, 4], [7, 4], [7, 5], [7, 6], [8, 6], [8, 7], [9, 7], [10, 7], [10, 6], [11, 6], [11, 5], [10, 5], [10, 4], [11, 4], [12, 4], [12, 5], [13, 5], [13, 4], [14, 4], [15, 4], [15, 5], [15, 6], [15, 7], [15, 8], [15, 9], [16, 9], [16, 10], [15, 10], [14, 10], [14, 9], [13, 9], [12, 9], [12, 8], [11, 8], [10, 8], [10, 9], [9, 9], [8, 9], [8, 10], [7, 10], [7, 9], [6, 9], [6, 8], [5, 8], [5, 7], [4, 7], [4, 6], [3, 6], [2, 6], [2, 7], [2, 8], [1, 8], [1, 7], [0, 7], [0, 8], [0, 9], [1, 9], [1, 10], [1, 11], [2, 11], [2, 10], [3, 10], [3, 11], [4, 11], [4, 12], [3, 12], [2, 12], [1, 12], [1, 13], [1, 14], [1, 15], [2, 15], [2, 16], [1, 16], [0, 16], [0, 17], [1, 17], [1, 18], [0, 18], [0, 19], [1, 19], [2, 19], [2, 18], [2, 17], [3, 17], [3, 16], [3, 15], [4, 15], [4, 16], [4, 17], [5, 17], [5, 16], [6, 16], [6, 15], [7, 15], [7, 14], [7, 13], [6, 13], [5, 13], [5, 12], [6, 12], [6, 11], [7, 11], [8, 11], [8, 12], [8, 13], [8, 14], [8, 15], [8, 16], [9, 16], [9, 17], [9, 18], [9, 19], [10, 19], [10, 18], [10, 17], [10, 16], [11, 16], [11, 17], [11, 18], [12, 18], [13, 18], [13, 17], [13, 16], [14, 16], [14, 15], [14, 14], [13, 14], [12, 14], [11, 14], [11, 13], [12, 13], [13, 13], [13, 12], [14, 12], [14, 13], [15, 13], [15, 14], [16, 14], [16, 15], [17, 15], [17, 16], [17, 17], [18, 17], [18, 18], [18, 19], [19, 19]]",165,232,0,232,0.0004757000133395195,True
recursive_backtracking,bfs,20,20,1445662585,"[0, 0]","[19, 19]","[[13, 11, 8, 10, 10, 12, 9, 8, 10, 10, 14, 9, 8, 10, 14, 9, 8, 10, 10, 12], [3, 12, 1, 12, 13, 5, 7, 3, 8, 12, 9, 6, 3, 12, 9, 6, 3, 12, 11, 4], [13, 5, 7, 5, 5, 3, 10, 12, 7, 3, 4, 9, 10, 4, 3, 12, 13, 3, 12, 5], [5, 5, 9, 6, 1, 10, 12, 3, 10, 12, 7, 5, 11, 6, 9, 6, 1, 12, 5, 5], [1, 6, 1, 12, 3, 12, 3, 8, 12, 3, 12, 3, 10, 10, 2, 10, 6, 7, 5, 5], [3, 12, 7, 3, 12, 5, 9, 6, 3, 12, 5, 9, 10, 10, 10, 10, 10, 10, 6, 5], [13, 3, 12, 9, 6, 7, 3, 10, 12, 7, 5, 3, 10, 12, 9, 8, 12, 9, 10, 6], [5, 9, 6, 3, 10, 10, 10, 12, 1, 10, 6, 9, 12, 5, 5, 5, 5, 5, 11, 12], [1, 6, 9, 8, 10, 10, 10, 6, 5, 9, 10, 6, 3, 6, 7, 5, 7, 3, 12, 5], [5, 9, 6, 5, 9, 8, 10, 14, 5, 1, 12, 9, 12, 9, 8, 4, 9, 10, 6, 5], [5, 3, 14, 5, 5, 7, 9, 10, 6, 5, 5, 7, 3, 6, 5, 7, 5, 11, 10, 4], [3, 10, 10, 6, 5, 9, 6, 13, 9, 6, 3, 10, 10, 12, 1, 12, 3, 10, 12, 5], [9, 10, 14, 9, 2, 6, 9, 2, 2, 14, 9, 10, 12, 5, 5, 3, 12, 9, 6, 5], [1, 10, 12, 3, 12, 9, 2, 14, 9, 10, 4, 11, 2, 6, 5, 13, 3, 6, 9, 6], [7, 9, 4, 13, 5, 5, 13, 9, 6, 11, 6, 9, 12, 11, 2, 2, 12, 9, 2, 12], [9, 6, 3, 4, 5, 5, 5, 3, 12, 9, 10, 6, 3, 12, 13, 9, 6, 5, 9, 4], [5, 9, 10, 6, 5, 1, 2, 14, 1, 6, 9, 10, 12, 5, 5, 5, 9, 6, 5, 7], [5, 5, 9, 10, 6, 5, 9, 12, 5, 9, 6, 13, 5, 5, 3, 4, 3, 14, 3, 12], [5, 7, 3, 12, 11, 6, 5, 5, 7, 3, 12, 5, 5, 3, 12, 3, 12, 9, 12, 5], [3, 10, 10, 2, 10, 10, 6, 3, 10, 10, 6, 3, 2, 10, 6, 11, 2, 6, 3, 6]]","[[0, 0], [1, 0], [1, 1], [2, 1], [3, 1], [4, 1], [4, 0], [5, 0], [5, 1], [6, 1], [6, 2], [7, 2], [7, 1], [8, 1], [8, 0], [9, 0], [10, 0], [11, 0], [11, 1], [11, 2], [11, 3], [10, 3], [9, 3], [8, 3], [8, 4], [8, 5], [8, 6], [8, 7], [7, 7], [7, 6], [7, 5], [7, 4], [7, 3], [6, 3], [6, 4], [5, 4], [5, 3], [4, 3], [4, 2], [3, 2], [3, 3], [2, 3], [1, 3], [1, 2], [0, 2], [0, 3], [0, 4], [0, 5], [1, 5], [2, 5], [2, 6], [2, 7], [3, 7], [3, 8], [3, 9], [4, 9], [4, 10], [5, 10], [6, 10], [7, 10], [7, 9], [7, 8], [8, 8], [9, 8], [10, 8], [10, 7], [10, 6], [11, 6], [11, 5], [12, 5], [12, 4], [12, 3], [13, 3], [13, 4], [14, 4], [15, 4], [16, 4], [17, 4], [17, 3], [17, 2], [18, 2], [18, 3], [19, 3], [19, 4], [19, 5], [19, 6], [18, 6], [17, 6], [17, 7], [18, 7], [19, 7], [19, 8], [19, 9], [19, 10], [18, 10], [18, 9], [17, 9], [17, 10], [16, 10], [16, 11], [16, 12], [17, 12], [18, 12], [19, 12], [19, 13], [19, 14], [18, 14], [18, 13], [17, 13], [16, 13], [15, 13], [15, 12], [14, 12], [14, 11], [15, 11], [15, 10], [15, 9], [16, 9], [16, 8], [15, 8], [15, 7], [14, 7], [14, 8], [13, 8], [13, 9], [13, 10], [12, 10], [12, 11], [12, 12], [13, 12], [13, 13], [12, 13], [11, 13], [11, 12], [11, 11], [11, 10], [10, 10], [9, 10], [9, 9], [8, 9], [8, 10], [8, 11], [7, 11], [7, 12], [8, 12], [8, 13], [7, 13], [6, 13], [6, 12], [6, 11], [5, 11], [5, 12], [5, 13], [5, 14], [5, 15], [5, 16], [5, 17], [5, 18], [4, 18], [3, 18], [2, 18], [2, 17], [1, 17], [1, 16], [0, 16], [0, 17], [0, 18], [0, 19], [1, 19], [2, 19], [3, 19], [4, 19], [5, 19], [6, 19], [6, 18], [6, 17], [7, 17], [8, 17], [8, 18], [9, 18], [9, 17], [9, 16], [10, 16], [11, 16], [11, 17], [11, 18], [12, 18], [12, 17], [13, 17], [13, 16], [12, 16], [12, 15], [11, 15], [11, 14], [12, 14], [13, 14], [14, 14], [14, 15], [14, 16], [15, 16], [15, 15], [16, 15], [17, 15], [18, 15], [18, 16], [19, 16], [19, 17], [18, 17], [18, 18], [19, 18], [19, 19]]",211,373,0,373,0.0007823000196367502,True
recursive_backtracking,bfs,20,20,398340369,"[0, 0]","[19, 19]","[[13, 11, 12, 9, 8, 10, 10, 12, 11, 10, 8, 12, 13, 9, 10, 10, 10, 8, 12, 13], [3, 12, 3, 6, 5, 9, 12, 3, 10, 12, 5, 5, 5, 5, 13, 9, 10, 6, 3, 4], [13, 3, 10, 10, 6, 7, 1, 8, 14, 3, 6, 5, 3, 2, 6, 3, 12, 9, 10, 6], [1, 8, 10, 10, 10, 10, 6, 5, 9, 8, 14, 3, 12, 9, 10, 10, 6, 5, 11, 12], [5, 3, 10, 10, 10, 10, 12, 7, 5, 3, 10, 10, 6, 3, 12, 9, 12, 5, 9, 4], [3, 12, 9, 10, 10, 12, 3, 12, 3, 10, 10, 10, 12, 9, 6, 7, 3, 2, 6, 5], [13, 5, 3, 10, 12, 3, 10, 4, 9, 12, 9, 14, 5, 5, 9, 10, 10, 10, 12, 5], [5, 5, 11, 12, 5, 11, 10, 2, 6, 3, 4, 9, 6, 5, 3, 12, 9, 10, 6, 5], [5, 3, 12, 5, 5, 9, 10, 10, 10, 12, 7, 5, 13, 1, 10, 6, 5, 11, 10, 4], [1, 12, 5, 5, 3, 6, 9, 8, 14, 3, 12, 5, 1, 6, 11, 12, 3, 10, 12, 5], [5, 3, 6, 1, 8, 8, 6, 7, 9, 12, 3, 6, 5, 9, 10, 4, 9, 10, 6, 5], [5, 9, 10, 6, 5, 7, 9, 10, 6, 3, 8, 14, 5, 5, 11, 4, 3, 12, 11, 4], [5, 3, 10, 12, 3, 10, 6, 11, 10, 12, 5, 9, 6, 3, 12, 3, 12, 3, 12, 5], [5, 11, 10, 2, 10, 12, 11, 8, 10, 6, 3, 2, 10, 10, 6, 13, 5, 13, 5, 5], [3, 10, 12, 11, 10, 2, 12, 5, 9, 10, 10, 10, 12, 9, 10, 4, 1, 6, 5, 5], [11, 12, 3, 10, 12, 11, 2, 6, 3, 8, 10, 12, 5, 1, 14, 3, 6, 9, 6, 5], [9, 4, 9, 14, 3, 10, 12, 9, 12, 3, 14, 5, 5, 5, 9, 10, 10, 6, 9, 6], [5, 3, 6, 9, 8, 12, 3, 6, 3, 10, 10, 6, 5, 5, 3, 12, 9, 10, 6, 13], [5, 9, 10, 6, 5, 3, 10, 10, 10, 14, 9, 12, 5, 7, 9, 6, 3, 12, 11, 4], [3, 2, 10, 14, 3, 10, 10, 10, 10, 10, 6, 3, 2, 10, 6, 11, 10, 2, 10, 6]]","[[0, 0], [1, 0], [1, 1], [2, 1], [2, 2], [2, 3], [2, 4], [1, 4], [0, 4], [0, 5], [0, 6], [0, 7], [1, 7], [1, 8], [1, 9], [2, 9], [2, 10], [1, 10], [0, 10], [0, 11], [1, 11], [2, 11], [3, 11], [3, 12], [4, 12], [4, 11], [4, 10], [4, 9], [3, 9], [3, 8], [4, 8], [5, 8], [5, 9], [5, 10], [5, 11], [5, 12], [6, 12], [7, 12], [7, 11], [8, 11], [9, 11], [10, 11], [10, 10], [9, 10], [9, 9], [8, 9], [8, 8], [8, 7], [8, 6], [8, 5], [9, 5], [9, 4], [8, 4], [7, 4], [6, 4], [6, 3], [6, 2], [5, 2], [5, 3], [5, 4], [5, 5], [6, 5], [6, 6], [6, 7], [5, 7], [5, 6], [4, 6], [4, 5], [4, 4], [4, 3], [4, 2], [4, 1], [3, 1], [3, 0], [4, 0], [5, 0], [5, 1], [6, 1], [7, 1], [8, 1], [8, 2], [9, 2], [10, 2], [10, 1], [9, 1], [9, 0], [10, 0], [11, 0], [12, 0], [13, 0], [14, 0], [14, 1], [14, 2], [15, 2], [15, 3], [15, 4], [16, 4], [16, 5], [16, 6], [17, 6], [17, 7], [16, 7], [16, 8], [17, 8], [17, 9], [17, 10], [17, 11], [16, 11], [15, 11], [15, 10], [15, 9], [15, 8], [14, 8], [14, 9], [14, 10], [14, 11], [14, 12], [15, 12], [16, 12], [17, 12], [18, 12], [19, 12], [19, 13], [19, 14], [18, 14], [18, 15], [17, 15], [17, 14], [16, 14], [16, 15], [16, 16], [16, 17], [15, 17], [15, 18], [14, 18], [13, 18], [12, 18], [12, 17], [11, 17], [11, 16], [10, 16], [10, 17], [10, 18], [9, 18], [9, 17], [9, 16], [8, 16], [7, 16], [7, 17], [7, 18], [6, 18], [6, 17], [6, 16], [6, 15], [6, 14], [7, 14], [7, 15], [8, 15], [8, 14], [8, 13], [7, 13], [6, 13], [5, 13], [5, 14], [4, 14], [4, 13], [3, 13], [3, 14], [3, 15], [3, 16], [2, 16], [2, 15], [1, 15], [1, 16], [1, 17], [0, 17], [0, 18], [1, 18], [1, 19], [2, 19], [2, 18], [2, 17], [3, 17], [4, 17], [5, 17], [5, 18], [4, 18], [4, 19], [5, 19], [6, 19], [7, 19], [8, 19], [9, 19], [10, 19], [11, 19], [12, 19], [13, 19], [14, 19], [15, 19], [16, 19], [16, 18], [17, 18], [17, 17], [17, 16], [18, 16], [18, 17], [19, 17], [19, 18], [19, 19]]",209,396,0,396,0.0009576999582350254,True
recursive_backtracking,bfs,20,20,415393687,"[0, 0]","[19, 19]","[[11, 10, 10, 12, 11, 10, 12, 9, 8, 14, 9, 8, 10, 12, 11, 10, 10, 8, 12, 13], [13, 9, 12, 3, 10, 12, 3, 6, 1, 10, 6, 3, 12, 3, 12, 9, 10, 6, 3, 6], [3, 6, 1, 14, 9, 6, 9, 12, 1, 10, 14, 9, 6, 9, 6, 3, 12, 9, 10, 12], [9, 10, 4, 9, 6, 11, 4, 5, 7, 9, 12, 5, 13, 5, 9, 8, 6, 3, 12, 5], [5, 11, 6, 3, 10, 10, 6, 5, 9, 6, 3, 6, 1, 6, 7, 3, 10, 10, 6, 5], [5, 9, 10, 12, 9, 10, 12, 5, 5, 9, 12, 13, 5, 11, 8, 10, 10, 12, 9, 4], [1, 6, 13, 3, 6, 13, 5, 3, 6, 5, 3, 4, 3, 12, 5, 13, 9, 6, 5, 5], [3, 10, 4, 11, 10, 4, 3, 10, 10, 2, 12, 5, 13, 3, 6, 5, 5, 9, 4, 7], [9, 12, 3, 12, 9, 2, 12, 9, 10, 12, 5, 3, 2, 10, 8, 6, 5, 7, 3, 12], [5, 1, 12, 3, 6, 13, 5, 5, 11, 4, 3, 12, 9, 12, 5, 9, 6, 9, 12, 5], [5, 5, 3, 12, 9, 2, 6, 3, 12, 3, 10, 6, 5, 5, 5, 5, 9, 6, 3, 4], [5, 3, 12, 5, 3, 12, 9, 14, 3, 10, 12, 11, 6, 3, 6, 5, 5, 9, 14, 5], [3, 12, 5, 7, 9, 6, 3, 12, 9, 12, 3, 10, 10, 10, 10, 6, 5, 1, 10, 6], [11, 6, 3, 12, 3, 10, 12, 1, 6, 5, 9, 10, 10, 8, 10, 10, 6, 5, 9, 12], [9, 10, 12, 1, 12, 9, 6, 7, 9, 6, 5, 9, 10, 6, 13, 9, 10, 6, 5, 5], [1, 12, 3, 6, 7, 3, 10, 12, 3, 8, 6, 5, 9, 10, 6, 3, 10, 10, 6, 5], [5, 3, 10, 10, 10, 10, 12, 3, 12, 3, 12, 5, 5, 9, 10, 10, 12, 9, 10, 6], [3, 12, 11, 8, 12, 13, 1, 14, 3, 12, 7, 5, 5, 5, 13, 9, 6, 5, 9, 14], [13, 3, 10, 6, 5, 5, 3, 10, 10, 6, 9, 6, 5, 3, 4, 3, 10, 6, 3, 12], [3, 10, 10, 10, 2, 2, 10, 10, 10, 10, 6, 11, 2, 10, 2, 10, 10, 10, 10, 6]]","[[0, 0], [0, 1], [0, 2], [0, 3], [1, 3], [1, 4], [1, 5], [2, 5], [2, 4], [3, 4], [3, 3], [4, 3], [4, 4], [4, 5], [4, 6], [3, 6], [2, 6], [2, 7], [3, 7], [4, 7], [5, 7], [6, 7], [6, 8], [5, 8], [4, 8], [4, 9], [3, 9], [3, 10], [4, 10], [4, 11], [3, 11], [2, 11], [2, 12], [1, 12], [1, 11], [0, 11], [0, 12], [0, 13], [1, 13], [1, 14], [2, 14], [2, 13], [3, 13], [4, 13], [4, 12], [5, 12], [6, 12], [6, 13], [7, 13], [7, 14], [6, 14], [5, 14], [5, 15], [5, 16], [5, 17], [6, 17], [6, 16], [7, 16], [8, 16], [9, 16], [9, 15], [10, 15], [11, 15], [12, 15], [12, 14], [12, 13], [12, 12], [12, 11], [12, 10], [11, 10], [11, 9], [11, 8], [10, 8], [10, 7], [9, 7], [8, 7], [8, 8], [8, 9], [9, 9], [10, 9], [10, 10], [10, 11], [9, 11], [9, 10], [8, 10], [7, 10], [7, 9], [7, 8], [7, 7], [7, 6], [6, 6], [5, 6], [5, 5], [5, 4], [6, 4], [6, 3], [5, 3], [5, 2], [5, 1], [6, 1], [6, 0], [7, 0], [7, 1], [7, 2], [8, 2], [8, 3], [9, 3], [9, 4], [8, 4], [8, 5], [8, 6], [9, 6], [10, 6], [10, 5], [10, 4], [11, 4], [11, 5], [12, 5], [12, 4], [13, 4], [13, 5], [13, 6], [14, 6], [14, 5], [15, 5], [15, 6], [15, 7], [16, 7], [16, 8], [17, 8], [17, 9], [18, 9], [18, 8], [18, 7], [18, 6], [17, 6], [16, 6], [16, 5], [16, 4], [16, 3], [16, 2], [16, 1], [15, 1], [15, 0], [16, 0], [17, 0], [17, 1], [18, 1], [18, 2], [18, 3], [17, 3], [17, 4], [18, 4], [19, 4], [19, 5], [19, 6], [19, 7], [19, 8], [19, 9], [19, 10], [18, 10], [18, 11], [17, 11], [16, 11], [15, 11], [14, 11], [14, 12], [14, 13], [13, 13], [13, 14], [13, 15], [13, 16], [12, 16], [11, 16], [10, 16], [10, 17], [9, 17], [9, 18], [10, 18], [10, 19], [11, 19], [12, 19], [12, 18], [12, 17], [13, 17], [14, 17], [14, 16], [14, 15], [15, 15], [15, 16], [15, 17], [15, 18], [14, 18], [13, 18], [13, 19], [14, 19], [15, 19], [16, 19], [16, 18], [16, 17], [17, 17], [18, 17], [18, 16], [18, 15], [17, 15], [17, 16], [16, 16], [16, 15], [16, 14], [16, 13], [17, 13], [18, 13], [18, 14], [19, 14], [19, 15], [19, 16], [19, 17], [19, 18], [19, 19]]",219,391,0,391,0.0009037000127136707,True
recursive_backtracking,bfs,20,20,3639960595,"[0, 0]","[19, 19]","[[11, 12, 9, 12, 11, 12, 9, 10, 10, 8, 10, 12, 13, 9, 10, 10, 8, 10, 12, 13], [9, 6, 5, 3, 10, 6, 5, 9, 12, 5, 9, 6, 1, 6, 13, 9, 6, 11, 2, 4], [5, 9, 2, 10, 10, 12, 5, 5, 5, 5, 3, 12, 3, 10, 4, 3, 10, 12, 13, 5], [5, 5, 11, 10, 12, 3, 2, 6, 7, 3, 12, 5, 11, 8, 6, 9, 14, 5, 5, 5], [5, 3, 10, 12, 3, 8, 14, 9, 10, 10, 6, 3, 12, 3, 10, 6, 9, 6, 1, 6], [3, 12, 9, 2, 10, 6, 9, 6, 9, 10, 12, 9, 6, 9, 10, 10, 6, 13, 5, 13], [9, 6, 7, 9, 10, 8, 6, 11, 2, 12, 7, 3, 12, 3, 10, 12, 9, 2, 2, 4], [3, 10, 12, 5, 11, 6, 9, 10, 12, 3, 10, 10, 2, 10, 12, 5, 7, 9, 12, 5], [13, 9, 6, 3, 12, 9, 6, 13, 3, 10, 10, 12, 9, 10, 6, 5, 9, 6, 5, 5], [5, 5, 9, 12, 1, 6, 11, 0, 12, 13, 9, 6, 5, 11, 10, 2, 2, 12, 5, 7], [5, 3, 6, 5, 3, 10, 10, 4, 3, 6, 5, 13, 3, 12, 9, 10, 12, 7, 3, 12], [1, 8, 14, 3, 10, 12, 13, 5, 9, 10, 6, 3, 8, 6, 5, 13, 3, 12, 9, 4], [5, 3, 10, 10, 10, 6, 1, 6, 3, 10, 10, 12, 5, 11, 4, 1, 10, 6, 5, 5], [5, 9, 12, 9, 8, 12, 3, 14, 9, 10, 10, 6, 3, 12, 5, 5, 11, 8, 6, 5], [3, 6, 5, 7, 5, 3, 10, 12, 3, 12, 9, 14, 9, 6, 5, 3, 12, 3, 12, 7], [11, 12, 3, 12, 5, 9, 10, 6, 9, 6, 3, 12, 3, 12, 3, 12, 3, 12, 1, 12], [9, 4, 13, 5, 5, 3, 10, 12, 1, 12, 9, 0, 14, 3, 10, 6, 13, 5, 5, 5], [5, 3, 6, 5, 3, 12, 13, 5, 7, 5, 5, 5, 9, 8, 10, 14, 1, 6, 7, 5], [5, 9, 12, 3, 12, 5, 5, 3, 10, 6, 5, 7, 5, 3, 10, 12, 3, 12, 9, 4], [3, 6, 3, 10, 2, 6, 3, 10, 10, 10, 2, 10, 2, 10, 14, 3, 10, 2, 6, 7]]","[[0, 0], [0, 1], [1, 1], [1, 0], [2, 0], [3, 0], [4, 0], [5, 0], [5, 1], [6, 1], [6, 0], [7, 0], [7, 1], [7, 2], [8, 2], [8, 1], [9, 1], [10, 1], [10, 2], [9, 2], [9, 3], [10, 3], [11, 3], [11, 4], [11, 5], [12, 5], [12, 4], [12, 3], [12, 2], [12, 1], [11, 1], [11, 0], [12, 0], [13, 0], [14, 0], [14, 1], [13, 1], [13, 2], [14, 2], [15, 2], [15, 3], [16, 3], [17, 3], [18, 3], [18, 4], [19, 4], [19, 5], [18, 5], [17, 5], [17, 4], [16, 4], [15, 4], [14, 4], [13, 4], [13, 5], [14, 5], [14, 6], [14, 7], [15, 7], [15, 6], [15, 5], [16, 5], [16, 6], [16, 7], [17, 7], [18, 7], [18, 8], [18, 9], [17, 9], [16, 9], [16, 8], [15, 8], [15, 9], [14, 9], [14, 8], [13, 8], [13, 9], [13, 10], [13, 11], [12, 11], [12, 10], [12, 9], [12, 8], [11, 8], [11, 9], [11, 10], [10, 10], [9, 10], [9, 11], [8, 11], [8, 10], [8, 9], [8, 8], [7, 8], [7, 7], [7, 6], [8, 6], [8, 5], [9, 5], [9, 4], [8, 4], [8, 3], [7, 3], [6, 3], [6, 4], [6, 5], [6, 6], [5, 6], [5, 7], [4, 7], [4, 8], [4, 9], [4, 10], [3, 10], [3, 9], [2, 9], [1, 9], [0, 9], [0, 10], [0, 11], [1, 11], [1, 10], [2, 10], [2, 11], [3, 11], [4, 11], [4, 12], [5, 12], [5, 11], [6, 11], [6, 12], [7, 12], [7, 13], [7, 14], [8, 14], [8, 13], [8, 12], [9, 12], [10, 12], [10, 13], [11, 13], [11, 12], [12, 12], [13, 12], [13, 13], [14, 13], [14, 12], [15, 12], [15, 13], [16, 13], [16, 14], [16, 15], [15, 15], [15, 14], [14, 14], [13, 14], [12, 14], [11, 14], [10, 14], [10, 15], [10, 16], [11, 16], [11, 17], [12, 17], [12, 16], [12, 15], [13, 15], [14, 15], [14, 16], [15, 16], [15, 17], [16, 17], [17, 17], [17, 16], [18, 16], [18, 17], [19, 17], [19, 18], [18, 18], [18, 19], [19, 19]]",181,283,0,283,0.0005715000443160534,True
recursive_backtracking,bfs,20,20,2592983555,"[0, 0]","[19, 19]","[[13, 11, 10, 10, 8, 10, 14, 9, 10, 12, 9, 10, 8, 12, 9, 10, 12, 11, 10, 12], [3, 10, 10, 12, 3, 10, 12, 5, 13, 3, 6, 9, 6, 5, 1, 12, 5, 9, 10, 4], [9, 12, 13, 3, 10, 12, 5, 3, 4, 9, 14, 5, 13, 5, 7, 5, 3, 6, 13, 5], [5, 1, 2, 14, 9, 6, 1, 12, 5, 3, 12, 5, 3, 2, 10, 6, 11, 12, 1, 6], [5, 7, 9, 10, 6, 11, 6, 5, 3, 12, 5, 3, 10, 10, 10, 10, 12, 5, 3, 12], [1, 10, 6, 9, 10, 10, 12, 1, 12, 3, 4, 11, 10, 10, 12, 9, 6, 1, 10, 6], [5, 9, 12, 1, 10, 12, 5, 5, 7, 9, 2, 10, 10, 10, 6, 5, 9, 6, 11, 12], [5, 5, 5, 3, 12, 5, 5, 3, 8, 2, 14, 9, 12, 9, 10, 6, 3, 10, 10, 4], [3, 6, 5, 13, 5, 5, 3, 12, 7, 9, 12, 5, 3, 6, 9, 10, 8, 10, 14, 5], [9, 10, 6, 3, 6, 3, 12, 3, 10, 6, 3, 6, 13, 9, 2, 12, 5, 9, 10, 6], [5, 11, 8, 12, 9, 12, 5, 9, 10, 12, 9, 10, 4, 5, 9, 6, 7, 5, 9, 14], [3, 10, 6, 3, 6, 3, 6, 3, 12, 7, 5, 9, 4, 5, 3, 10, 12, 5, 1, 12], [9, 10, 8, 8, 10, 10, 12, 9, 4, 9, 6, 5, 7, 5, 9, 14, 3, 6, 5, 5], [3, 12, 5, 7, 9, 12, 3, 6, 5, 5, 13, 3, 10, 6, 1, 8, 12, 11, 4, 5], [9, 6, 3, 10, 4, 3, 12, 13, 5, 3, 4, 9, 12, 13, 5, 5, 3, 12, 7, 5], [3, 14, 9, 12, 3, 14, 5, 5, 3, 12, 3, 6, 5, 5, 5, 5, 11, 4, 9, 6], [9, 12, 5, 5, 9, 10, 6, 3, 8, 6, 9, 12, 5, 3, 6, 3, 12, 5, 3, 12], [5, 3, 6, 3, 6, 9, 10, 12, 3, 10, 6, 7, 3, 10, 10, 12, 5, 3, 12, 5], [1, 12, 9, 10, 12, 5, 13, 5, 9, 10, 10, 10, 10, 8, 14, 5, 5, 9, 6, 5], [7, 3, 2, 14, 3, 2, 6, 3, 2, 10, 10, 10, 14, 3, 10, 2, 6, 3, 10, 6]]","[[0, 0], [1, 0], [1, 1], [1, 2], [1, 3], [2, 3], [2, 4], [2, 5], [3, 5], [3, 4], [4, 4], [4, 3], [4, 2], [5, 2], [5, 1], [5, 0], [6, 0], [7, 0], [8, 0], [8, 1], [7, 1], [6, 1], [6, 2], [7, 2], [8, 2], [9, 2], [9, 1], [9, 0], [10, 0], [11, 0], [11, 1], [11, 2], [10, 2], [10, 3], [11, 3], [11, 4], [10, 4], [10, 5], [11, 5], [11, 6], [10, 6], [9, 6], [9, 5], [8, 5], [7, 5], [6, 5], [6, 4], [6, 3], [5, 3], [5, 4], [5, 5], [5, 6], [6, 6], [7, 6], [8, 6], [8, 7], [9, 7], [9, 8], [9, 9], [8, 9], [8, 10], [9, 10], [9, 11], [8, 11], [7, 11], [7, 12], [8, 12], [8, 13], [7, 13], [7, 14], [7, 15], [6, 15], [5, 15], [5, 16], [4, 16], [4, 15], [4, 14], [4, 13], [4, 12], [4, 11], [3, 11], [2, 11], [1, 11], [1, 12], [0, 12], [0, 13], [1, 13], [2, 13], [3, 13], [3, 14], [3, 15], [2, 15], [1, 15], [1, 14], [0, 14], [0, 15], [0, 16], [1, 16], [2, 16], [2, 17], [1, 17], [1, 18], [1, 19], [2, 19], [3, 19], [3, 18], [4, 18], [4, 19], [5, 19], [5, 18], [5, 17], [6, 17], [6, 16], [7, 16], [7, 17], [7, 18], [7, 19], [8, 19], [9, 19], [9, 18], [9, 17], [10, 17], [11, 17], [12, 17], [12, 16], [11, 16], [11, 15], [11, 14], [10, 14], [10, 15], [9, 15], [9, 14], [9, 13], [10, 13], [11, 13], [12, 13], [13, 13], [13, 12], [13, 11], [12, 11], [11, 11], [11, 12], [10, 12], [10, 11], [10, 10], [11, 10], [12, 10], [12, 9], [13, 9], [14, 9], [14, 10], [15, 10], [15, 11], [14, 11], [14, 12], [15, 12], [16, 12], [17, 12], [17, 13], [17, 14], [17, 15], [18, 15], [19, 15], [19, 16], [18, 16], [17, 16], [16, 16], [16, 15], [15, 15], [14, 15], [13, 15], [13, 16], [14, 16], [14, 17], [15, 17], [16, 17], [17, 17], [17, 18], [18, 18], [18, 17], [19, 17], [19, 18], [19, 19]]",183,312,0,312,0.0006392000941559672,True
recursive_backtracking,bfs,20,20,3466589567,"[0, 0]","[19, 19]","[[13, 11, 8, 12, 11, 12, 9, 10, 8, 10, 10, 12, 9, 10, 14, 9, 8, 10, 10, 12], [3, 12, 5, 1, 10, 6, 5, 13, 5, 9, 14, 5, 3, 10, 10, 6, 3, 12, 9, 6], [9, 6, 5, 7, 9, 12, 3, 4, 5, 1, 12, 3, 10, 10, 10, 12, 9, 6, 3, 12], [5, 11, 0, 10, 6, 3, 10, 6, 5, 7, 3, 8, 8, 8, 14, 3, 6, 9, 12, 5], [3, 12, 3, 14, 9, 10, 10, 10, 6, 9, 12, 7, 5, 7, 9, 10, 12, 5, 5, 5], [13, 3, 10, 10, 6, 9, 10, 10, 10, 4, 3, 12, 5, 9, 6, 13, 3, 6, 5, 5], [3, 12, 9, 10, 10, 6, 9, 10, 10, 6, 13, 5, 5, 5, 9, 2, 12, 9, 6, 5], [9, 6, 5, 11, 8, 14, 5, 13, 9, 10, 2, 6, 5, 3, 6, 9, 6, 5, 9, 6], [1, 10, 6, 9, 6, 9, 6, 5, 3, 10, 10, 10, 2, 10, 12, 3, 12, 5, 5, 13], [5, 9, 10, 6, 9, 6, 9, 2, 8, 14, 9, 10, 10, 10, 2, 14, 5, 3, 6, 5], [3, 6, 9, 10, 6, 11, 0, 14, 3, 10, 4, 11, 12, 9, 12, 9, 6, 9, 10, 4], [9, 10, 4, 9, 10, 12, 7, 9, 10, 12, 1, 10, 6, 5, 3, 6, 9, 6, 13, 5], [5, 11, 6, 3, 12, 3, 10, 6, 13, 5, 7, 9, 10, 6, 9, 12, 3, 12, 1, 6], [1, 10, 8, 12, 3, 12, 11, 8, 6, 3, 10, 6, 9, 10, 6, 3, 10, 6, 5, 13], [5, 9, 6, 5, 13, 3, 12, 1, 8, 10, 10, 12, 3, 10, 12, 9, 10, 12, 5, 5], [5, 5, 11, 2, 4, 13, 5, 5, 5, 11, 10, 2, 10, 10, 6, 3, 12, 5, 5, 5], [5, 3, 10, 12, 5, 5, 5, 7, 5, 9, 10, 10, 10, 10, 8, 12, 7, 3, 2, 4], [3, 12, 13, 5, 3, 6, 3, 12, 5, 5, 13, 9, 10, 12, 7, 3, 10, 8, 12, 5], [9, 6, 5, 3, 10, 8, 14, 5, 3, 2, 6, 5, 13, 5, 9, 10, 12, 7, 5, 5], [3, 10, 2, 10, 14, 3, 10, 2, 10, 10, 10, 6, 3, 2, 6, 11, 2, 10, 6, 7]]","[[0, 0], [1, 0], [1, 1], [2, 1], [2, 0], [3, 0], [4, 0], [4, 1], [5, 1], [5, 2], [5, 3], [5, 4], [4, 4], [4, 5], [4, 6], [4, 7], [4, 8], [3, 8], [2, 8], [1, 8], [0, 8], [0, 9], [0, 10], [0, 11], [1, 11], [2, 11], [2, 12], [2, 13], [2, 14], [2, 15], [3, 15], [3, 16], [2, 16], [2, 17], [1, 17], [1, 16], [0, 16], [0, 17], [0, 18], [0, 19], [1, 19], [1, 18], [2, 18], [2, 19], [3, 19], [4, 19], [5, 19], [6, 19], [7, 19], [7, 18], [8, 18], [9, 18], [9, 17], [8, 17], [7, 17], [6, 17], [6, 18], [5, 18], [4, 18], [3, 18], [3, 17], [4, 17], [5, 17], [5, 16], [4, 16], [4, 15], [4, 14], [5, 14], [5, 13], [6, 13], [7, 13], [7, 14], [6, 14], [6, 15], [6, 16], [7, 16], [7, 15], [8, 15], [8, 16], [9, 16], [10, 16], [10, 15], [11, 15], [11, 14], [10, 14], [10, 13], [11, 13], [12, 13], [12, 12], [12, 11], [13, 11], [13, 10], [13, 9], [12, 9], [11, 9], [11, 8], [11, 7], [12, 7], [12, 6], [12, 5], [11, 5], [11, 4], [11, 3], [12, 3], [12, 4], [13, 4], [13, 5], [14, 5], [14, 6], [15, 6], [16, 6], [17, 6], [17, 7], [18, 7], [19, 7], [19, 8], [19, 9], [19, 10], [19, 11], [18, 11], [17, 11], [17, 12], [17, 13], [18, 13], [19, 13], [19, 14], [18, 14], [18, 15], [18, 16], [19, 16], [19, 17], [19, 18], [18, 18], [17, 18], [17, 17], [17, 16], [17, 15], [16, 15], [16, 14], [16, 13], [16, 12], [16, 11], [16, 10], [16, 9], [17, 9], [18, 9], [18, 8], [17, 8], [16, 8], [15, 8], [14, 8], [14, 9], [14, 10], [14, 11], [15, 11], [15, 12], [15, 13], [15, 14], [14, 14], [14, 13], [14, 12], [13, 12], [13, 13], [13, 14], [12, 14], [12, 15], [13, 15], [13, 16], [13, 17], [12, 17], [12, 16], [11, 16], [11, 17], [10, 17], [10, 18], [10, 19], [11, 19], [12, 19], [12, 18], [13, 18], [14, 18], [15, 18], [16, 18], [16, 19], [17, 19], [18, 19], [19, 19]]",187,395,0,395,0.0008152000373229384,True
recursive_backtracking,bfs,20,20,3134174160,"[0, 0]","[19, 19]","[[11, 10, 12, 11, 8, 12, 9, 12, 9, 12, 9, 12, 9, 10, 8, 12, 11, 12, 9, 12], [11, 12, 3, 10, 6, 5, 5, 5, 5, 3, 6, 5, 3, 12, 5, 3, 12, 3, 6, 5], [9, 4, 9, 10, 14, 5, 7, 3, 2, 12, 13, 3, 10, 6, 5, 11, 2, 10, 12, 5], [5, 3, 6, 9, 10, 6, 9, 12, 11, 2, 6, 9, 10, 12, 3, 12, 9, 12, 5, 5], [5, 9, 12, 3, 10, 10, 6, 3, 10, 10, 10, 6, 9, 6, 9, 6, 7, 3, 4, 5], [1, 6, 3, 10, 8, 10, 12, 9, 8, 10, 14, 9, 6, 11, 2, 8, 10, 12, 3, 4], [5, 9, 12, 9, 6, 13, 1, 6, 7, 9, 10, 6, 11, 8, 12, 7, 9, 6, 9, 6], [7, 5, 5, 3, 12, 3, 6, 9, 12, 3, 12, 9, 8, 6, 3, 10, 6, 13, 5, 13], [9, 6, 3, 10, 4, 9, 10, 6, 5, 9, 6, 5, 3, 12, 9, 10, 10, 4, 5, 5], [1, 12, 9, 14, 5, 5, 9, 14, 5, 3, 12, 3, 14, 5, 1, 14, 9, 4, 3, 4], [7, 5, 1, 10, 6, 5, 5, 9, 2, 12, 3, 10, 12, 5, 5, 9, 6, 1, 14, 5], [9, 6, 3, 14, 9, 2, 6, 5, 9, 6, 9, 10, 6, 5, 5, 5, 13, 5, 9, 6], [1, 10, 10, 10, 6, 13, 9, 6, 1, 14, 3, 10, 10, 6, 5, 5, 1, 6, 3, 12], [5, 11, 10, 8, 10, 6, 5, 13, 5, 9, 10, 10, 12, 9, 6, 5, 3, 10, 12, 5], [5, 9, 10, 6, 9, 8, 6, 3, 6, 5, 9, 12, 3, 6, 9, 6, 11, 8, 6, 5], [5, 5, 9, 10, 6, 7, 9, 10, 12, 5, 5, 1, 12, 13, 3, 10, 12, 5, 9, 6], [5, 5, 3, 10, 10, 12, 5, 13, 3, 6, 7, 5, 1, 6, 9, 12, 5, 5, 3, 12], [5, 1, 10, 12, 13, 3, 6, 3, 10, 8, 10, 6, 5, 9, 6, 3, 6, 3, 14, 5], [5, 3, 12, 3, 4, 9, 12, 9, 12, 5, 9, 10, 6, 3, 10, 12, 9, 10, 12, 5], [3, 10, 6, 11, 2, 6, 3, 6, 3, 6, 3, 10, 10, 10, 14, 3, 2, 14, 3, 6]]","[[0, 0], [0, 1], [0, 2], [1, 2], [1, 3], [1, 4], [0, 4], [0, 5], [1, 5], [2, 5], [3, 5], [3, 4], [3, 3], [4, 3], [4, 4], [4, 5], [4, 6], [3, 6], [3, 7], [4, 7], [4, 8], [4, 9], [4, 10], [4, 11], [3, 11], [3, 12], [3, 13], [4, 13], [4, 12], [5, 12], [5, 11], [6, 11], [6, 10], [6, 9], [7, 9], [7, 10], [8, 10], [8, 9], [9, 9], [9, 10], [10, 10], [10, 11], [10, 12], [11, 12], [11, 11], [11, 10], [12, 10], [12, 11], [12, 12], [12, 13], [11, 13], [10, 13], [9, 13], [8, 13], [8, 12], [7, 12], [7, 13], [6, 13], [6, 14], [7, 14], [7, 15], [7, 16], [6, 16], [6, 17], [5, 17], [5, 16], [5, 15], [5, 14], [4, 14], [4, 15], [3, 15], [3, 14], [2, 14], [1, 14], [0, 14], [0, 15], [1, 15], [1, 16], [2, 16], [2, 17], [2, 18], [3, 18], [4, 18], [5, 18], [5, 19], [6, 19], [6, 18], [7, 18], [8, 18], [9, 18], [9, 19], [10, 19], [11, 19], [11, 18], [12, 18], [12, 19], [13, 19], [14, 19], [15, 19], [15, 18], [16, 18], [16, 19], [17, 19], [18, 19], [19, 19]]",105,156,0,156,0.00032300001475960016,True
recursive_backtracking,bfs,20,20,2303082117,"[0, 0]","[19, 19]","[[13, 11, 10, 10, 10, 10, 12, 9, 8, 12, 9, 10, 12, 11, 8, 10, 12, 9, 8, 12], [3, 10, 10, 12, 9, 10, 6, 5, 5, 3, 6, 13, 5, 9, 6, 13, 5, 7, 5, 7], [9, 10, 10, 6, 1, 12, 9, 6, 5, 11, 8, 2, 6, 5, 11, 4, 3, 12, 3, 12], [3, 10, 10, 12, 7, 3, 2, 12, 3, 12, 3, 12, 11, 4, 9, 2, 14, 3, 12, 5], [9, 8, 14, 3, 10, 10, 12, 5, 13, 5, 13, 3, 10, 6, 5, 9, 10, 12, 5, 5], [5, 3, 8, 12, 9, 10, 6, 3, 6, 5, 1, 8, 10, 12, 1, 6, 13, 5, 5, 5], [5, 13, 5, 7, 3, 12, 9, 10, 10, 6, 5, 3, 12, 7, 5, 9, 4, 5, 5, 5], [5, 5, 5, 9, 12, 3, 6, 9, 12, 9, 2, 14, 3, 12, 5, 7, 5, 3, 6, 5], [5, 5, 3, 6, 3, 8, 12, 5, 3, 6, 9, 10, 10, 4, 5, 9, 4, 11, 8, 4], [5, 1, 14, 9, 12, 5, 5, 5, 11, 12, 3, 12, 11, 4, 5, 5, 5, 9, 6, 5], [5, 1, 12, 5, 5, 5, 5, 3, 10, 2, 14, 1, 12, 7, 3, 6, 5, 5, 11, 6], [5, 7, 5, 5, 3, 6, 3, 10, 12, 9, 12, 7, 5, 9, 10, 10, 6, 1, 10, 12], [3, 10, 4, 3, 10, 12, 11, 12, 3, 6, 3, 8, 6, 3, 12, 9, 14, 5, 9, 6], [9, 14, 3, 10, 12, 3, 12, 1, 10, 14, 9, 6, 9, 12, 5, 3, 10, 6, 3, 12], [1, 12, 9, 10, 6, 13, 5, 3, 10, 10, 6, 9, 6, 5, 3, 10, 10, 10, 12, 5], [5, 5, 3, 10, 12, 5, 3, 10, 10, 10, 12, 3, 12, 3, 8, 10, 14, 9, 6, 5], [5, 1, 12, 9, 6, 1, 12, 11, 8, 14, 1, 14, 3, 12, 3, 10, 10, 6, 11, 4], [5, 5, 7, 5, 11, 4, 3, 12, 1, 12, 3, 8, 14, 5, 9, 10, 8, 10, 10, 4], [5, 3, 12, 5, 9, 6, 9, 6, 7, 3, 12, 3, 10, 6, 3, 14, 5, 9, 14, 5], [3, 14, 3, 2, 6, 11, 2, 10, 10, 10, 2, 10, 10, 10, 10, 10, 6, 3, 10, 6]]","[[0, 0], [1, 0], [1, 1], [1, 2], [1, 3], [2, 3], [2, 2], [2, 1], [2, 0], [3, 0], [3, 1], [3, 2], [3, 3], [4, 3], [4, 4], [4, 5], [4, 6], [5, 6], [5, 5], [5, 4], [6, 4], [6, 5], [7, 5], [7, 6], [6, 6], [6, 7], [6, 8], [6, 9], [5, 9], [4, 9], [3, 9], [3, 8], [2, 8], [1, 8], [0, 8], [0, 9], [1, 9], [1, 10], [0, 10], [0, 11], [0, 12], [1, 12], [2, 12], [2, 11], [2, 10], [3, 10], [3, 11], [4, 11], [4, 12], [4, 13], [3, 13], [2, 13], [1, 13], [1, 14], [0, 14], [0, 15], [0, 16], [1, 16], [2, 16], [2, 17], [3, 17], [3, 18], [4, 18], [5, 18], [6, 18], [7, 18], [7, 17], [6, 17], [5, 17], [4, 17], [4, 16], [4, 15], [5, 15], [5, 14], [6, 14], [7, 14], [8, 14], [9, 14], [10, 14], [10, 15], [9, 15], [8, 15], [8, 16], [9, 16], [10, 16], [11, 16], [11, 15], [11, 14], [11, 13], [12, 13], [12, 14], [13, 14], [14, 14], [14, 15], [14, 16], [14, 17], [14, 18], [15, 18], [15, 17], [16, 17], [16, 16], [16, 15], [16, 14], [15, 14], [15, 13], [14, 13], [13, 13], [13, 12], [14, 12], [14, 11], [15, 11], [15, 12], [16, 12], [16, 13], [17, 13], [18, 13], [18, 12], [18, 11], [17, 11], [17, 10], [16, 10], [15, 10], [15, 9], [15, 8], [15, 7], [15, 6], [14, 6], [13, 6], [13, 5], [12, 5], [12, 4], [12, 3], [11, 3], [10, 3], [9, 3], [9, 4], [10, 4], [11, 4], [11, 5], [10, 5], [9, 5], [8, 5], [8, 4], [7, 4], [7, 3], [8, 3], [8, 2], [7, 2], [6, 2], [5, 2], [5, 1], [4, 1], [4, 0], [5, 0], [6, 0], [7, 0], [8, 0], [9, 0], [10, 0], [11, 0], [12, 0], [12, 1], [12, 2], [13, 2], [13, 3], [13, 4], [14, 4], [14, 3], [14, 2], [15, 2], [15, 3], [15, 4], [16, 4], [16, 3], [17, 3], [18, 3], [19, 3], [19, 4], [18, 4], [18, 5], [17, 5], [16, 5], [16, 6], [17, 6], [17, 7], [18, 7], [18, 6], [19, 6], [19, 7], [19, 8], [19, 9], [19, 10], [19, 11], [19, 12], [19, 13], [19, 14], [19, 15], [19, 16], [18, 16], [17, 16], [17, 17], [17, 18], [17, 19], [18, 19], [19, 19]]",205,360,0,360,0.0008083999855443835,True
recursive_backtracking,bfs,20,20,1625792787,"[0, 0]","[19, 19]","[[11, 10, 10, 12, 11, 8, 12, 9, 10, 10, 12, 9, 10, 8, 14, 9, 12, 9, 8, 14], [9, 10, 12, 3, 12, 7, 3, 4, 9, 12, 3, 2, 14, 3, 8, 6, 5, 5, 3, 12], [3, 12, 1, 14, 3, 10, 12, 3, 6, 3, 10, 14, 9, 12, 5, 13, 3, 6, 9, 4], [9, 6, 3, 12, 9, 10, 6, 9, 10, 10, 10, 10, 6, 5, 3, 2, 10, 12, 5, 7], [3, 10, 12, 3, 6, 9, 12, 1, 12, 9, 12, 9, 10, 6, 9, 12, 11, 6, 3, 12], [9, 14, 3, 10, 12, 5, 5, 7, 5, 5, 7, 3, 12, 9, 6, 3, 10, 12, 9, 6], [5, 9, 10, 12, 3, 6, 3, 10, 6, 1, 10, 10, 6, 3, 10, 12, 9, 6, 3, 12], [1, 6, 9, 2, 12, 9, 12, 9, 10, 6, 11, 10, 8, 10, 10, 6, 5, 11, 8, 4], [1, 14, 5, 13, 5, 5, 3, 6, 9, 10, 10, 10, 4, 9, 10, 12, 5, 9, 6, 5], [5, 9, 6, 3, 6, 3, 12, 9, 2, 12, 11, 10, 6, 1, 14, 5, 3, 6, 11, 6], [5, 3, 10, 10, 10, 12, 5, 5, 13, 3, 12, 9, 10, 6, 9, 6, 9, 10, 10, 12], [5, 9, 12, 13, 9, 6, 5, 5, 3, 12, 3, 2, 10, 14, 1, 10, 2, 12, 13, 5], [3, 6, 3, 6, 3, 12, 5, 3, 10, 4, 13, 9, 10, 12, 7, 9, 12, 3, 6, 5], [9, 10, 10, 12, 9, 4, 5, 9, 12, 5, 5, 5, 13, 5, 9, 6, 3, 10, 10, 6], [1, 10, 12, 3, 6, 5, 3, 6, 5, 1, 6, 5, 5, 5, 1, 10, 10, 10, 10, 12], [5, 13, 3, 10, 12, 1, 14, 9, 6, 7, 9, 6, 1, 6, 3, 10, 10, 10, 12, 5], [3, 2, 12, 13, 5, 5, 9, 6, 9, 12, 5, 13, 5, 9, 8, 10, 12, 11, 6, 5], [9, 10, 2, 6, 5, 5, 5, 9, 6, 5, 5, 5, 5, 7, 5, 13, 3, 12, 9, 4], [5, 11, 12, 9, 6, 7, 5, 5, 13, 3, 6, 5, 5, 9, 6, 1, 14, 3, 6, 5], [3, 10, 6, 3, 10, 10, 2, 6, 3, 10, 10, 2, 2, 6, 11, 2, 10, 10, 10, 6]]","[[0, 0], [0, 1], [0, 2], [0, 3], [1, 3], [1, 4], [2, 4], [2, 5], [2, 6], [3, 6], [3, 5], [3, 4], [4, 4], [4, 3], [3, 3], [3, 2], [2, 2], [1, 2], [1, 1], [1, 0], [2, 0], [2, 1], [3, 1], [3, 0], [4, 0], [4, 1], [4, 2], [5, 2], [5, 3], [5, 4], [6, 4], [6, 5], [5, 5], [4, 5], [4, 6], [5, 6], [6, 6], [6, 7], [6, 8], [5, 8], [4, 8], [4, 7], [3, 7], [3, 8], [3, 9], [3, 10], [3, 11], [3, 12], [2, 12], [2, 13], [3, 13], [4, 13], [4, 12], [4, 11], [5, 11], [5, 12], [6, 12], [6, 11], [6, 10], [6, 9], [7, 9], [7, 8], [7, 7], [8, 7], [8, 6], [7, 6], [7, 5], [8, 5], [9, 5], [9, 6], [10, 6], [11, 6], [12, 6], [13, 6], [14, 6], [14, 7], [13, 7], [13, 8], [14, 8], [15, 8], [15, 7], [16, 7], [16, 6], [17, 6], [18, 6], [19, 6], [19, 7], [18, 7], [17, 7], [17, 8], [16, 8], [16, 9], [17, 9], [18, 9], [18, 10], [17, 10], [16, 10], [15, 10], [15, 11], [14, 11], [13, 11], [12, 11], [12, 12], [12, 13], [13, 13], [14, 13], [15, 13], [15, 12], [16, 12], [17, 12], [18, 12], [19, 12], [19, 13], [18, 13], [18, 14], [17, 14], [16, 14], [16, 15], [16, 16], [17, 16], [17, 17], [18, 17], [18, 18], [17, 18], [17, 19], [18, 19], [19, 19]]",127,216,0,216,0.00044840003829449415,True
recursive_backtracking,bfs,20,20,2370996465,"[0, 0]","[19, 19]","[[11, 12, 11, 10, 8, 8, 14, 9, 10, 10, 10, 10, 10, 10, 8, 10, 10, 10, 12, 13], [13, 3, 10, 12, 5, 3, 10, 2, 10, 10, 14, 9, 10, 10, 6, 9, 10, 14, 5, 5], [1, 14, 9, 6, 3, 12, 13, 9, 10, 10, 12, 1, 12, 11, 8, 2, 10, 12, 5, 5], [1, 10, 6, 9, 14, 3, 4, 5, 9, 10, 6, 5, 3, 12, 3, 8, 14, 3, 2, 4], [3, 10, 12, 5, 9, 10, 6, 5, 3, 12, 9, 2, 14, 3, 12, 7, 9, 12, 9, 6], [9, 12, 5, 1, 2, 14, 9, 6, 9, 6, 5, 9, 10, 12, 5, 9, 6, 5, 5, 13], [5, 7, 5, 7, 9, 10, 6, 9, 6, 9, 6, 3, 12, 5, 5, 5, 9, 6, 3, 4], [1, 12, 3, 12, 3, 12, 13, 5, 11, 2, 10, 14, 5, 5, 1, 6, 5, 13, 9, 6], [5, 3, 10, 6, 9, 6, 5, 3, 12, 9, 10, 10, 6, 5, 7, 9, 6, 1, 6, 13], [5, 9, 12, 9, 6, 11, 0, 12, 3, 6, 11, 10, 12, 3, 12, 5, 13, 3, 12, 5], [3, 6, 5, 3, 8, 12, 7, 1, 12, 11, 8, 12, 5, 9, 6, 5, 3, 10, 4, 5], [9, 14, 3, 12, 7, 5, 9, 6, 3, 10, 6, 5, 5, 5, 11, 4, 9, 12, 3, 4], [5, 9, 10, 6, 9, 6, 3, 12, 9, 12, 9, 6, 5, 3, 12, 5, 5, 3, 12, 5], [5, 5, 11, 8, 6, 9, 10, 6, 5, 3, 6, 9, 4, 13, 5, 1, 6, 13, 5, 7], [5, 3, 12, 5, 11, 4, 13, 9, 2, 10, 10, 6, 3, 4, 5, 3, 10, 6, 3, 12], [1, 12, 5, 3, 12, 5, 3, 6, 9, 10, 12, 11, 10, 4, 5, 9, 10, 10, 10, 4], [5, 5, 3, 10, 6, 5, 9, 10, 6, 13, 5, 9, 12, 5, 3, 6, 9, 14, 9, 6], [5, 3, 10, 12, 9, 2, 6, 9, 8, 6, 3, 6, 5, 3, 14, 9, 2, 10, 6, 13], [3, 10, 12, 5, 3, 10, 12, 7, 3, 8, 10, 12, 3, 12, 9, 6, 9, 10, 10, 4], [11, 10, 6, 3, 10, 10, 2, 10, 10, 6, 11, 2, 14, 3, 2, 10, 6, 11, 10, 6]]","[[0, 0], [0, 1], [1, 1], [1, 2], [1, 3], [2, 3], [2, 2], [3, 2], [3, 1], [3, 0], [4, 0], [4, 1], [4, 2], [5, 2], [6, 2], [7, 2], [7, 3], [8, 3], [8, 2], [8, 1], [7, 1], [7, 0], [8, 0], [9, 0], [10, 0], [10, 1], [9, 1], [9, 2], [10, 2], [11, 2], [11, 3], [12, 3], [12, 2], [12, 1], [13, 1], [14, 1], [14, 2], [15, 2], [16, 2], [16, 3], [16, 4], [15, 4], [15, 3], [14, 3], [13, 3], [13, 4], [12, 4], [12, 5], [11, 5], [10, 5], [10, 4], [10, 3], [9, 3], [9, 4], [8, 4], [8, 5], [7, 5], [7, 4], [6, 4], [6, 5], [6, 6], [5, 6], [5, 7], [4, 7], [3, 7], [2, 7], [2, 8], [2, 9], [2, 10], [3, 10], [3, 9], [3, 8], [4, 8], [4, 9], [5, 9], [5, 8], [6, 8], [6, 7], [7, 7], [8, 7], [8, 8], [9, 8], [9, 9], [8, 9], [8, 10], [8, 11], [8, 12], [7, 12], [6, 12], [6, 11], [5, 11], [5, 12], [5, 13], [6, 13], [7, 13], [8, 13], [9, 13], [9, 14], [10, 14], [10, 13], [11, 13], [12, 13], [12, 14], [13, 14], [14, 14], [15, 14], [16, 14], [16, 15], [15, 15], [15, 16], [15, 17], [15, 18], [15, 19], [16, 19], [16, 18], [17, 18], [17, 17], [17, 16], [17, 15], [18, 15], [18, 14], [19, 14], [19, 15], [19, 16], [18, 16], [18, 17], [18, 18], [18, 19], [19, 19]]",129,169,0,169,0.00037249992601573467,True
recursive_backtracking,bfs,20,20,3701002945,"[0, 0]","[19, 19]","[[11, 10, 12, 9, 10, 14, 9, 10, 10, 10, 10, 10, 8, 10, 10, 8, 14, 9, 8, 12], [13, 9, 6, 1, 12, 9, 6, 9, 10, 10, 10, 12, 3, 10, 14, 3, 10, 6, 5, 5], [1, 6, 11, 6, 3, 2, 14, 5, 11, 8, 10, 2, 10, 10, 10, 12, 9, 10, 6, 5], [5, 9, 10, 10, 10, 10, 12, 1, 12, 7, 9, 10, 10, 12, 13, 5, 5, 11, 12, 5], [5, 5, 11, 12, 9, 12, 5, 5, 3, 10, 2, 14, 9, 6, 5, 3, 6, 9, 6, 5], [3, 6, 9, 6, 5, 3, 6, 3, 8, 10, 14, 9, 6, 9, 4, 9, 8, 6, 9, 6], [13, 9, 4, 9, 6, 11, 8, 12, 5, 9, 10, 6, 9, 4, 7, 5, 3, 10, 6, 13], [1, 6, 5, 5, 9, 12, 7, 5, 5, 5, 9, 10, 4, 7, 9, 6, 11, 10, 10, 4], [5, 9, 4, 5, 5, 3, 12, 1, 6, 5, 1, 12, 7, 9, 6, 9, 8, 10, 12, 5], [5, 5, 5, 5, 5, 13, 5, 3, 14, 5, 5, 5, 9, 6, 11, 6, 3, 12, 5, 5], [5, 5, 7, 5, 5, 3, 4, 9, 10, 6, 5, 3, 6, 11, 8, 10, 10, 6, 5, 5], [5, 3, 12, 5, 3, 12, 3, 6, 9, 12, 5, 9, 10, 12, 5, 9, 10, 12, 3, 4], [5, 13, 5, 3, 12, 1, 10, 12, 5, 5, 3, 6, 13, 3, 6, 7, 9, 6, 9, 6], [5, 5, 5, 9, 6, 3, 12, 5, 5, 3, 10, 10, 0, 12, 9, 12, 3, 12, 5, 13], [3, 4, 3, 6, 11, 10, 4, 5, 3, 14, 9, 10, 6, 3, 6, 3, 8, 6, 3, 4], [9, 6, 9, 10, 10, 12, 5, 5, 9, 12, 1, 10, 12, 9, 12, 11, 6, 9, 12, 5], [5, 11, 0, 12, 11, 4, 7, 3, 6, 5, 3, 12, 3, 6, 5, 9, 10, 6, 5, 5], [3, 12, 5, 3, 12, 3, 10, 12, 9, 6, 13, 5, 11, 12, 3, 6, 9, 12, 3, 6], [9, 6, 7, 9, 6, 9, 12, 5, 5, 9, 4, 3, 12, 3, 8, 12, 5, 5, 11, 12], [3, 10, 10, 6, 11, 6, 3, 2, 6, 7, 3, 10, 2, 10, 6, 3, 6, 3, 10, 6]]","[[0, 0], [0, 1], [0, 2], [1, 2], [1, 1], [2, 1], [2, 0], [3, 0], [4, 0], [5, 0], [5, 1], [4, 1], [3, 1], [3, 2], [3, 3], [3, 4], [3, 5], [3, 6], [4, 6], [5, 6], [5, 5], [4, 5], [4, 4], [5, 4], [6, 4], [6, 3], [7, 3], [8, 3], [9, 3], [10, 3], [11, 3], [12, 3], [12, 4], [13, 4], [13, 3], [14, 3], [14, 2], [13, 2], [12, 2], [11, 2], [11, 1], [10, 1], [9, 1], [8, 1], [8, 2], [7, 2], [6, 2], [6, 1], [7, 1], [7, 0], [8, 0], [9, 0], [10, 0], [11, 0], [12, 0], [13, 0], [14, 0], [14, 1], [15, 1], [15, 0], [16, 0], [17, 0], [17, 1], [18, 1], [18, 0], [19, 0], [19, 1], [19, 2], [19, 3], [18, 3], [18, 4], [17, 4], [17, 3], [16, 3], [16, 2], [15, 2], [15, 3], [15, 4], [15, 5], [16, 5], [17, 5], [17, 6], [17, 7], [18, 7], [19, 7], [19, 8], [18, 8], [17, 8], [17, 9], [16, 9], [15, 9], [15, 8], [16, 8], [16, 7], [15, 7], [14, 7], [13, 7], [12, 7], [12, 6], [12, 5], [11, 5], [11, 4], [10, 4], [9, 4], [8, 4], [7, 4], [7, 5], [8, 5], [8, 6], [9, 6], [10, 6], [11, 6], [11, 7], [10, 7], [10, 8], [10, 9], [9, 9], [8, 9], [7, 9], [6, 9], [6, 10], [6, 11], [5, 11], [5, 12], [4, 12], [4, 13], [3, 13], [3, 12], [3, 11], [3, 10], [4, 10], [4, 9], [4, 8], [3, 8], [3, 7], [2, 7], [1, 7], [1, 8], [1, 9], [1, 10], [1, 11], [2, 11], [2, 12], [2, 13], [2, 14], [2, 15], [3, 15], [4, 15], [4, 16], [3, 16], [2, 16], [2, 17], [2, 18], [1, 18], [0, 18], [0, 19], [1, 19], [2, 19], [3, 19], [4, 19], [5, 19], [5, 18], [6, 18], [6, 17], [6, 16], [5, 16], [5, 15], [6, 15], [7, 15], [7, 14], [8, 14], [8, 13], [9, 13], [9, 12], [10, 12], [10, 11], [9, 11], [8, 11], [8, 10], [9, 10], [10, 10], [11, 10], [12, 10], [12, 11], [11, 11], [11, 12], [11, 13], [12, 13], [12, 14], [11, 14], [10, 14], [10, 15], [10, 16], [10, 17], [9, 17], [9, 16], [8, 16], [8, 17], [8, 18], [9, 18], [10, 18], [11, 18], [11, 19], [12, 19], [12, 18], [13, 18], [14, 18], [14, 19], [15, 19], [16, 19], [17, 19], [17, 18], [16, 18], [15, 18], [15, 17], [16, 17], [16, 16], [16, 15], [17, 15], [17, 14], [16, 14], [15, 14], [15, 13], [16, 13], [16, 12], [15, 12], [15, 11], [15, 10], [16, 10], [16, 11], [17, 11], [18, 11], [18, 12], [19, 12], [19, 13], [19, 14], [18, 14], [18, 15], [19, 15], [19, 16], [18, 16], [17, 16], [17, 17], [18, 17], [19, 17], [19, 18], [19, 19]]",247,397,0,397,0.0008283999050036073,True
recursive_backtracking,bfs,20,20,2479708607,"[0, 0]","[19, 19]","[[13, 9, 12, 11, 8, 10, 10, 8, 10, 10, 10, 12, 11, 8, 8, 12, 11, 8, 10, 12], [5, 5, 3, 12, 3, 12, 13, 3, 12, 11, 10, 2, 12, 5, 5, 3, 12, 5, 13, 5], [5, 5, 9, 6, 11, 2, 4, 9, 4, 9, 12, 11, 4, 7, 5, 13, 5, 5, 1, 6], [3, 6, 5, 11, 8, 12, 7, 5, 5, 5, 3, 12, 3, 12, 5, 5, 3, 6, 3, 12], [9, 14, 3, 12, 5, 3, 10, 6, 7, 5, 9, 6, 11, 2, 6, 1, 10, 10, 12, 5], [3, 10, 12, 5, 3, 10, 8, 12, 9, 6, 3, 10, 10, 10, 12, 1, 10, 14, 3, 6], [9, 10, 4, 5, 9, 12, 7, 5, 5, 11, 12, 9, 12, 9, 6, 7, 9, 10, 10, 12], [5, 11, 6, 3, 6, 3, 12, 1, 2, 10, 6, 5, 5, 1, 10, 10, 6, 11, 12, 5], [1, 10, 10, 8, 12, 13, 5, 7, 9, 10, 10, 6, 5, 3, 12, 9, 10, 8, 6, 5], [3, 12, 9, 6, 3, 4, 5, 9, 6, 11, 10, 12, 3, 12, 1, 6, 11, 6, 9, 4], [9, 6, 3, 10, 12, 5, 5, 3, 10, 8, 12, 5, 9, 6, 5, 9, 10, 10, 6, 5], [5, 11, 12, 9, 6, 5, 3, 10, 12, 7, 5, 5, 5, 9, 6, 3, 12, 9, 14, 5], [3, 12, 5, 3, 12, 3, 10, 14, 3, 12, 5, 1, 6, 5, 9, 10, 6, 3, 12, 5], [13, 5, 1, 14, 3, 10, 10, 10, 12, 5, 5, 5, 11, 6, 5, 9, 12, 9, 6, 5], [5, 5, 3, 8, 10, 10, 8, 12, 5, 3, 6, 3, 10, 12, 1, 6, 5, 1, 10, 6], [5, 3, 12, 7, 9, 12, 5, 5, 1, 10, 10, 10, 14, 5, 3, 14, 5, 7, 9, 12], [1, 10, 6, 9, 6, 5, 5, 5, 5, 9, 10, 10, 10, 6, 9, 12, 3, 8, 6, 5], [5, 9, 12, 1, 12, 5, 5, 5, 3, 6, 9, 12, 11, 8, 6, 3, 12, 7, 9, 4], [5, 5, 5, 7, 5, 3, 6, 3, 12, 11, 4, 3, 12, 5, 13, 9, 6, 9, 6, 5], [3, 6, 3, 10, 6, 11, 10, 10, 2, 10, 6, 11, 2, 6, 3, 2, 10, 6, 11, 6]]","[[0, 0], [1, 0], [2, 0], [3, 0], [3, 1], [2, 1], [1, 1], [0, 1], [0, 2], [1, 2], [1, 3], [2, 3], [2, 2], [3, 2], [4, 2], [4, 3], [5, 3], [6, 3], [7, 3], [7, 4], [6, 4], [6, 5], [7, 5], [7, 6], [8, 6], [9, 6], [10, 6], [11, 6], [11, 7], [11, 8], [12, 8], [12, 9], [13, 9], [14, 9], [14, 10], [13, 10], [12, 10], [11, 10], [10, 10], [10, 9], [10, 8], [10, 7], [9, 7], [9, 8], [8, 8], [8, 9], [8, 10], [8, 11], [7, 11], [6, 11], [6, 12], [7, 12], [8, 12], [9, 12], [9, 13], [10, 13], [10, 12], [11, 12], [12, 12], [12, 11], [13, 11], [14, 11], [14, 12], [14, 13], [15, 13], [16, 13], [16, 12], [16, 11], [16, 10], [16, 9], [17, 9], [17, 8], [16, 8], [15, 8], [14, 8], [13, 8], [13, 7], [13, 6], [13, 5], [13, 4], [12, 4], [12, 3], [11, 3], [11, 4], [10, 4], [10, 3], [10, 2], [9, 2], [9, 3], [8, 3], [8, 2], [8, 1], [8, 0], [9, 0], [9, 1], [10, 1], [10, 0], [11, 0], [12, 0], [12, 1], [13, 1], [14, 1], [15, 1], [15, 2], [16, 2], [16, 1], [16, 0], [17, 0], [18, 0], [19, 0], [19, 1], [18, 1], [17, 1], [17, 2], [18, 2], [19, 2], [19, 3], [19, 4], [18, 4], [17, 4], [17, 3], [16, 3], [16, 4], [15, 4], [15, 5], [16, 5], [17, 5], [18, 5], [18, 6], [17, 6], [16, 6], [15, 6], [14, 6], [14, 7], [15, 7], [16, 7], [17, 7], [18, 7], [18, 8], [19, 8], [19, 9], [19, 10], [18, 10], [17, 10], [17, 11], [18, 11], [18, 12], [19, 12], [19, 13], [18, 13], [17, 13], [17, 14], [16, 14], [16, 15], [17, 15], [17, 16], [18, 16], [18, 15], [19, 15], [19, 16], [19, 17], [18, 17], [18, 18], [17, 18], [17, 19], [18, 19], [19, 19]]",167,221,0,221,0.0004857999738305807,True
recursive_backtracking,bfs,20,20,3026113008,"[0, 0]","[19, 19]","[[13, 9, 10, 10, 10, 8, 14, 9, 8, 14, 9, 10, 10, 8, 10, 10, 12, 9, 12, 13], [5, 5, 13, 9, 12, 3, 10, 6, 3, 10, 2, 10, 12, 3, 12, 13, 5, 5, 5, 5], [5, 5, 3, 6, 1, 10, 14, 9, 10, 12, 11, 8, 6, 13, 5, 3, 2, 6, 3, 4], [5, 5, 9, 12, 5, 9, 12, 5, 13, 3, 12, 5, 11, 4, 5, 9, 12, 13, 9, 6], [5, 5, 5, 3, 6, 5, 3, 6, 1, 12, 5, 3, 10, 6, 1, 6, 5, 3, 2, 14], [5, 1, 6, 9, 10, 6, 9, 10, 6, 7, 3, 10, 10, 12, 1, 14, 3, 10, 8, 12], [5, 5, 9, 6, 9, 12, 1, 10, 10, 8, 10, 10, 12, 5, 7, 9, 10, 12, 7, 5], [5, 7, 5, 13, 5, 3, 6, 9, 14, 3, 10, 12, 7, 3, 12, 5, 13, 5, 9, 4], [3, 10, 6, 5, 5, 9, 14, 1, 8, 10, 12, 5, 9, 12, 5, 5, 3, 4, 5, 5], [9, 10, 10, 4, 5, 3, 10, 6, 5, 11, 6, 5, 5, 3, 6, 1, 12, 3, 6, 7], [5, 9, 14, 5, 3, 12, 9, 10, 6, 9, 10, 4, 5, 11, 10, 4, 3, 10, 10, 12], [1, 6, 9, 0, 14, 5, 1, 10, 12, 5, 11, 6, 3, 10, 12, 3, 12, 9, 12, 5], [5, 9, 6, 7, 9, 6, 3, 14, 5, 5, 9, 10, 10, 10, 6, 11, 6, 5, 3, 4], [7, 3, 12, 9, 6, 9, 8, 10, 6, 5, 3, 12, 9, 10, 8, 10, 10, 6, 9, 6], [9, 10, 4, 3, 10, 6, 5, 9, 12, 1, 12, 5, 5, 9, 6, 9, 14, 9, 6, 13], [5, 11, 6, 9, 10, 10, 6, 5, 3, 6, 5, 5, 7, 5, 13, 1, 10, 6, 9, 4], [1, 10, 10, 6, 11, 12, 9, 6, 11, 12, 5, 5, 9, 6, 5, 3, 12, 9, 6, 5], [5, 9, 10, 10, 8, 6, 5, 9, 12, 1, 6, 5, 5, 9, 4, 9, 6, 7, 9, 4], [5, 7, 9, 12, 5, 9, 6, 5, 5, 3, 14, 3, 6, 5, 7, 3, 10, 12, 5, 5], [3, 10, 6, 3, 6, 3, 10, 6, 3, 10, 10, 10, 10, 2, 10, 10, 10, 2, 6, 7]]","[[0, 0], [1, 0], [2, 0], [3, 0], [4, 0], [5, 0], [6, 0], [7, 0], [8, 0], [8, 1], [8, 2], [7, 2], [6, 2], [6, 3], [5, 3], [5, 4], [5, 5], [4, 5], [3, 5], [3, 6], [4, 6], [4, 7], [3, 7], [2, 7], [2, 8], [2, 9], [3, 9], [3, 10], [4, 10], [5, 10], [5, 11], [5, 12], [5, 13], [6, 13], [7, 13], [7, 14], [8, 14], [9, 14], [9, 13], [8, 13], [8, 12], [9, 12], [10, 12], [11, 12], [11, 13], [11, 14], [12, 14], [12, 13], [12, 12], [12, 11], [12, 10], [13, 10], [13, 11], [14, 11], [15, 11], [16, 11], [17, 11], [18, 11], [18, 12], [17, 12], [16, 12], [16, 13], [15, 13], [14, 13], [14, 14], [13, 14], [13, 15], [13, 16], [13, 17], [12, 17], [11, 17], [11, 18], [12, 18], [12, 19], [13, 19], [13, 18], [14, 18], [14, 17], [15, 17], [15, 16], [15, 15], [16, 15], [16, 16], [17, 16], [17, 15], [18, 15], [18, 16], [18, 17], [19, 17], [19, 18], [18, 18], [17, 18], [17, 19], [18, 19], [19, 19]]",95,145,0,145,0.0002986999461427331,True
recursive_backtracking,bfs,20,20,433797840,"[0, 0]","[19, 19]","[[11, 10, 10, 10, 10, 10, 12, 11, 8, 10, 10, 12, 9, 10, 10, 10, 8, 12, 9, 12], [9, 8, 10, 14, 9, 12, 3, 12, 5, 9, 10, 6, 5, 9, 12, 9, 6, 3, 6, 5], [5, 5, 9, 10, 6, 1, 14, 5, 5, 3, 10, 14, 5, 7, 5, 5, 9, 10, 12, 5], [5, 7, 5, 9, 14, 3, 12, 5, 1, 12, 9, 10, 2, 10, 4, 5, 5, 11, 6, 5], [1, 10, 6, 3, 10, 12, 3, 6, 5, 3, 6, 9, 10, 12, 5, 5, 3, 10, 10, 6], [3, 12, 11, 8, 12, 1, 10, 12, 3, 12, 9, 6, 11, 4, 7, 3, 10, 10, 10, 12], [13, 5, 9, 6, 5, 3, 12, 5, 11, 6, 3, 10, 12, 3, 10, 10, 10, 12, 9, 6], [1, 6, 5, 13, 3, 10, 6, 5, 9, 10, 10, 10, 6, 13, 9, 8, 12, 5, 1, 12], [3, 10, 6, 1, 10, 8, 12, 3, 6, 13, 9, 10, 8, 6, 5, 5, 7, 5, 7, 5], [13, 9, 10, 2, 12, 5, 3, 10, 10, 6, 5, 13, 3, 10, 6, 3, 12, 3, 12, 5], [5, 5, 9, 12, 7, 5, 9, 10, 12, 9, 6, 1, 10, 12, 9, 10, 6, 9, 6, 5], [5, 5, 5, 3, 8, 6, 5, 13, 5, 3, 12, 5, 11, 6, 3, 12, 9, 6, 9, 6], [1, 6, 5, 9, 6, 9, 6, 5, 3, 10, 6, 5, 9, 10, 12, 3, 6, 9, 2, 12], [5, 13, 5, 3, 14, 3, 12, 1, 10, 12, 9, 2, 6, 9, 4, 11, 10, 4, 9, 6], [3, 4, 3, 10, 12, 9, 6, 5, 9, 6, 3, 14, 9, 6, 3, 10, 12, 5, 3, 12], [13, 5, 9, 10, 4, 3, 12, 5, 3, 10, 10, 12, 3, 12, 11, 8, 6, 3, 12, 5], [5, 5, 5, 11, 2, 14, 5, 1, 12, 9, 12, 3, 12, 3, 12, 5, 9, 12, 7, 5], [3, 6, 5, 9, 10, 12, 5, 7, 5, 5, 1, 14, 3, 12, 5, 5, 5, 5, 9, 6], [9, 10, 6, 5, 13, 3, 6, 9, 6, 5, 7, 9, 12, 3, 6, 5, 5, 5, 3, 12], [3, 10, 10, 2, 2, 10, 10, 6, 11, 2, 10, 6, 3, 10, 10, 2, 6, 3, 10, 6]]","[[0, 0], [0, 1], [0, 2], [0, 3], [0, 4], [0, 5], [0, 6], [1, 6], [1, 7], [2, 7], [3, 7], [4, 7], [4, 6], [3, 6], [3, 5], [2, 5], [1, 5], [1, 4], [2, 4], [2, 3], [2, 2], [3, 2], [4, 2], [4, 1], [4, 0], [5, 0], [5, 1], [6, 1], [7, 1], [7, 0], [8, 0], [8, 1], [8, 2], [7, 2], [6, 2], [6, 3], [5, 3], [5, 4], [6, 4], [7, 4], [7, 5], [7, 6], [6, 6], [6, 5], [5, 5], [5, 6], [5, 7], [6, 7], [7, 7], [8, 7], [8, 8], [7, 8], [7, 9], [7, 10], [7, 11], [7, 12], [6, 12], [6, 11], [6, 10], [5, 10], [5, 11], [4, 11], [4, 12], [4, 13], [5, 13], [6, 13], [6, 14], [6, 15], [6, 16], [6, 17], [7, 17], [8, 17], [9, 17], [9, 18], [10, 18], [10, 17], [11, 17], [11, 16], [12, 16], [12, 15], [11, 15], [11, 14], [10, 14], [10, 15], [10, 16], [9, 16], [9, 15], [8, 15], [7, 15], [7, 14], [8, 14], [9, 14], [9, 13], [9, 12], [8, 12], [8, 11], [8, 10], [9, 10], [10, 10], [10, 9], [11, 9], [11, 10], [12, 10], [12, 9], [12, 8], [11, 8], [10, 8], [10, 7], [10, 6], [11, 6], [12, 6], [12, 5], [13, 5], [13, 6], [14, 6], [14, 5], [15, 5], [15, 6], [16, 6], [17, 6], [18, 6], [18, 5], [17, 5], [17, 4], [17, 3], [18, 3], [19, 3], [19, 4], [19, 5], [19, 6], [19, 7], [18, 7], [18, 8], [17, 8], [16, 8], [16, 7], [15, 7], [14, 7], [13, 7], [13, 8], [13, 9], [14, 9], [14, 8], [15, 8], [15, 9], [15, 10], [15, 11], [16, 11], [16, 12], [17, 12], [17, 13], [18, 13], [18, 14], [17, 14], [16, 14], [16, 13], [15, 13], [15, 12], [14, 12], [14, 13], [13, 13], [13, 14], [14, 14], [14, 15], [14, 16], [15, 16], [15, 15], [16, 15], [17, 15], [18, 15], [19, 15], [19, 16], [18, 16], [17, 16], [16, 16], [16, 17], [17, 17], [18, 17], [19, 17], [19, 18], [19, 19]]",181,296,0,296,0.0006603999063372612,True
recursive_backtracking,bfs,20,20,1193887545,"[0, 0]","[19, 19]","[[13, 11, 10, 10, 8, 10, 10, 8, 10, 12, 11, 8, 12, 9, 10, 12, 9, 8, 10, 14], [5, 9, 10, 12, 3, 10, 14, 3, 12, 3, 12, 5, 3, 6, 13, 5, 7, 3, 10, 12], [5, 5, 9, 6, 9, 10, 10, 10, 6, 13, 5, 3, 12, 13, 1, 2, 10, 10, 12, 5], [3, 6, 5, 9, 4, 9, 10, 12, 11, 2, 2, 10, 6, 3, 6, 9, 12, 9, 6, 5], [13, 9, 6, 5, 7, 5, 13, 3, 10, 12, 9, 10, 12, 9, 10, 6, 5, 3, 12, 5], [1, 6, 13, 1, 10, 6, 5, 9, 10, 6, 5, 13, 5, 3, 8, 14, 5, 13, 3, 4], [5, 13, 1, 6, 9, 10, 6, 3, 10, 12, 3, 4, 3, 10, 6, 9, 6, 3, 10, 6], [5, 3, 2, 12, 5, 9, 10, 10, 12, 1, 12, 5, 9, 12, 13, 5, 9, 10, 10, 12], [5, 9, 12, 1, 6, 3, 10, 12, 5, 5, 3, 6, 5, 5, 5, 3, 6, 9, 12, 5], [5, 5, 5, 7, 9, 10, 12, 5, 5, 5, 9, 12, 5, 3, 2, 12, 9, 6, 3, 4], [3, 6, 3, 10, 6, 13, 5, 5, 5, 5, 5, 3, 4, 11, 10, 4, 3, 12, 13, 5], [9, 8, 12, 13, 9, 2, 6, 5, 5, 3, 4, 11, 6, 9, 12, 3, 14, 5, 5, 5], [5, 5, 3, 6, 5, 9, 10, 6, 5, 11, 4, 9, 10, 6, 3, 10, 12, 5, 3, 6], [5, 3, 10, 10, 6, 3, 10, 12, 3, 12, 5, 5, 11, 8, 10, 12, 5, 3, 10, 12], [5, 11, 10, 10, 10, 8, 10, 6, 9, 6, 7, 3, 12, 5, 11, 6, 3, 12, 9, 6], [5, 9, 10, 10, 12, 5, 9, 12, 3, 12, 9, 10, 6, 5, 9, 10, 10, 6, 3, 12], [5, 1, 12, 13, 3, 6, 5, 1, 12, 3, 6, 9, 10, 4, 5, 9, 12, 9, 12, 5], [5, 7, 5, 1, 10, 10, 6, 5, 5, 9, 12, 5, 13, 3, 6, 5, 3, 6, 5, 5], [5, 9, 6, 5, 9, 12, 13, 5, 7, 5, 5, 3, 2, 12, 11, 2, 12, 13, 5, 5], [3, 6, 11, 2, 6, 3, 6, 3, 10, 6, 3, 10, 10, 2, 10, 10, 6, 3, 2, 6]]","[[0, 0], [1, 0], [2, 0], [3, 0], [3, 1], [2, 1], [1, 1], [1, 2], [1, 3], [2, 3], [2, 2], [3, 2], [4, 2], [4, 1], [5, 1], [5, 0], [6, 0], [7, 0], [8, 0], [9, 0], [10, 0], [10, 1], [9, 1], [8, 1], [8, 2], [9, 2], [10, 2], [10, 3], [10, 4], [9, 4], [9, 5], [9, 6], [10, 6], [11, 6], [11, 5], [11, 4], [12, 4], [13, 4], [13, 3], [13, 2], [13, 1], [12, 1], [11, 1], [11, 0], [12, 0], [13, 0], [14, 0], [15, 0], [16, 0], [17, 0], [18, 0], [19, 0], [19, 1], [18, 1], [18, 2], [17, 2], [16, 2], [16, 1], [15, 1], [15, 2], [15, 3], [15, 4], [16, 4], [16, 5], [15, 5], [14, 5], [14, 6], [14, 7], [13, 7], [13, 6], [13, 5], [12, 5], [12, 6], [12, 7], [11, 7], [10, 7], [9, 7], [8, 7], [8, 6], [8, 5], [7, 5], [7, 6], [7, 7], [7, 8], [8, 8], [9, 8], [10, 8], [11, 8], [12, 8], [13, 8], [13, 9], [14, 9], [14, 8], [15, 8], [15, 9], [16, 9], [16, 10], [15, 10], [15, 11], [15, 12], [14, 12], [14, 11], [13, 11], [12, 11], [12, 12], [12, 13], [11, 13], [11, 14], [12, 14], [12, 15], [12, 16], [13, 16], [14, 16], [14, 17], [15, 17], [15, 16], [15, 15], [15, 14], [16, 14], [17, 14], [17, 13], [16, 13], [16, 12], [16, 11], [17, 11], [18, 11], [18, 12], [18, 13], [19, 13], [19, 14], [19, 15], [19, 16], [18, 16], [18, 15], [17, 15], [16, 15], [16, 16], [17, 16], [17, 17], [16, 17], [16, 18], [17, 18], [18, 18], [19, 18], [19, 19]]",145,185,0,185,0.0003803999861702323,True
recursive_backtracking,bfs,20,20,1566942273,"[0, 0]","[19, 19]","[[13, 9, 8, 10, 10, 10, 12, 9, 10, 12, 9, 10, 10, 12, 9, 10, 10, 10, 8, 14], [5, 7, 5, 11, 10, 12, 3, 6, 13, 5, 5, 9, 10, 4, 5, 11, 8, 12, 3, 12], [3, 12, 5, 9, 12, 3, 8, 10, 6, 5, 7, 5, 13, 5, 3, 12, 5, 7, 9, 6], [13, 5, 3, 6, 3, 12, 3, 10, 10, 2, 8, 6, 3, 4, 9, 6, 3, 12, 3, 12], [5, 3, 12, 9, 12, 5, 9, 12, 9, 12, 7, 9, 12, 7, 5, 11, 8, 4, 9, 6], [1, 12, 3, 6, 5, 3, 6, 3, 6, 5, 9, 6, 3, 10, 6, 9, 6, 7, 3, 12], [5, 1, 10, 14, 5, 9, 10, 10, 10, 4, 5, 9, 12, 9, 12, 3, 10, 8, 12, 5], [5, 3, 10, 12, 5, 1, 12, 11, 10, 6, 5, 5, 5, 5, 1, 10, 10, 6, 5, 5], [5, 11, 12, 3, 6, 5, 3, 12, 9, 12, 3, 6, 3, 4, 7, 9, 12, 11, 4, 5], [3, 12, 3, 8, 14, 3, 12, 3, 6, 3, 10, 8, 10, 6, 9, 6, 3, 12, 7, 5], [13, 3, 12, 3, 10, 10, 2, 10, 14, 9, 12, 3, 10, 14, 1, 10, 12, 3, 10, 6], [3, 12, 3, 10, 10, 12, 9, 10, 10, 6, 3, 10, 10, 12, 3, 12, 3, 12, 9, 12], [9, 2, 10, 10, 14, 5, 3, 10, 8, 10, 12, 13, 9, 6, 13, 5, 9, 6, 5, 5], [1, 10, 10, 10, 10, 6, 9, 12, 7, 9, 6, 5, 3, 12, 1, 6, 3, 10, 6, 5], [3, 10, 12, 11, 10, 8, 6, 3, 12, 3, 12, 1, 12, 5, 3, 10, 12, 9, 10, 6], [9, 14, 3, 10, 12, 3, 12, 11, 2, 10, 6, 5, 7, 3, 10, 12, 7, 3, 10, 12], [1, 10, 10, 12, 3, 12, 3, 12, 9, 10, 12, 3, 12, 9, 12, 3, 10, 10, 10, 4], [3, 10, 12, 3, 12, 3, 10, 6, 5, 9, 2, 10, 4, 5, 3, 8, 14, 9, 12, 5], [9, 14, 3, 12, 3, 10, 10, 10, 4, 7, 9, 12, 7, 5, 13, 5, 9, 6, 5, 5], [3, 10, 10, 2, 10, 10, 10, 14, 3, 10, 6, 3, 10, 2, 6, 3, 2, 14, 3, 6]]","[[0, 0], [1, 0], [2, 0], [2, 1], [3, 1], [4, 1], [4, 2], [5, 2], [5, 3], [4, 3], [4, 4], [5, 4], [6, 4], [7, 4], [8, 4], [8, 3], [7, 3], [7, 2], [7, 1], [6, 1], [5, 1], [5, 0], [6, 0], [7, 0], [8, 0], [9, 0], [9, 1], [10, 1], [10, 2], [11, 2], [11, 3], [11, 4], [11, 5], [12, 5], [13, 5], [13, 4], [13, 3], [13, 2], [13, 1], [13, 0], [14, 0], [14, 1], [14, 2], [15, 2], [15, 3], [15, 4], [16, 4], [16, 5], [17, 5], [17, 6], [17, 7], [16, 7], [16, 6], [15, 6], [15, 5], [14, 5], [14, 6], [13, 6], [13, 7], [14, 7], [14, 8], [15, 8], [15, 9], [15, 10], [14, 10], [14, 9], [13, 9], [13, 10], [12, 10], [12, 9], [12, 8], [12, 7], [12, 6], [11, 6], [11, 7], [11, 8], [11, 9], [10, 9], [10, 10], [11, 10], [11, 11], [11, 12], [11, 13], [12, 13], [12, 12], [13, 12], [13, 13], [14, 13], [15, 13], [15, 14], [15, 15], [16, 15], [16, 16], [16, 17], [16, 18], [16, 19], [17, 19], [18, 19], [19, 19]]",99,118,0,118,0.0002501000417396426,True
recursive_backtracking,bfs,20,20,1589915144,"[0, 0]","[19, 19]","[[11, 12, 9, 12, 11, 10, 10, 8, 10, 10, 12, 9, 10, 10, 10, 12, 11, 10, 10, 12], [9, 6, 5, 5, 9, 10, 12, 1, 12, 13, 5, 3, 12, 9, 12, 3, 12, 9, 12, 5], [3, 10, 6, 3, 6, 9, 6, 7, 5, 5, 3, 12, 1, 6, 3, 12, 5, 5, 3, 4], [11, 10, 8, 12, 9, 6, 9, 10, 6, 3, 12, 5, 3, 10, 12, 5, 3, 6, 13, 5], [9, 8, 6, 7, 5, 11, 4, 9, 8, 10, 6, 5, 9, 12, 7, 5, 9, 10, 2, 6], [5, 7, 9, 12, 3, 10, 6, 5, 5, 9, 12, 3, 6, 5, 9, 6, 3, 14, 9, 12], [1, 10, 6, 1, 8, 10, 10, 6, 5, 5, 3, 12, 9, 6, 5, 9, 10, 10, 6, 5], [3, 14, 9, 6, 7, 9, 10, 12, 7, 3, 12, 5, 5, 9, 6, 3, 10, 12, 9, 4], [9, 12, 3, 12, 9, 6, 13, 3, 10, 10, 6, 3, 6, 3, 10, 12, 9, 6, 5, 5], [5, 3, 8, 6, 5, 9, 6, 9, 8, 14, 9, 10, 10, 8, 12, 3, 2, 12, 5, 5], [3, 12, 5, 9, 6, 5, 9, 6, 3, 10, 6, 9, 14, 5, 3, 12, 11, 6, 5, 5], [9, 6, 5, 5, 11, 4, 5, 9, 8, 10, 10, 6, 9, 6, 13, 3, 10, 10, 6, 5], [1, 12, 5, 3, 12, 1, 6, 5, 7, 9, 12, 9, 6, 9, 2, 8, 12, 9, 12, 5], [5, 5, 3, 12, 5, 3, 10, 6, 9, 6, 5, 5, 9, 6, 13, 5, 7, 5, 3, 6], [5, 5, 13, 5, 3, 12, 9, 12, 5, 13, 3, 6, 5, 11, 4, 3, 12, 3, 12, 13], [5, 5, 3, 2, 14, 3, 6, 5, 5, 1, 12, 9, 2, 10, 6, 9, 4, 9, 6, 5], [5, 5, 9, 12, 9, 10, 12, 5, 5, 5, 3, 6, 13, 9, 8, 6, 7, 5, 9, 4], [5, 3, 6, 5, 3, 12, 5, 3, 6, 5, 11, 8, 4, 5, 7, 9, 10, 6, 5, 5], [3, 12, 13, 1, 14, 5, 3, 8, 14, 3, 12, 5, 5, 3, 10, 6, 11, 10, 4, 5], [11, 2, 6, 3, 10, 2, 14, 3, 10, 10, 2, 6, 3, 10, 10, 10, 10, 10, 6, 7]]","[[0, 0], [0, 1], [1, 1], [1, 0], [2, 0], [2, 1], [2, 2], [1, 2], [0, 2], [0, 3], [1, 3], [2, 3], [2, 4], [1, 4], [1, 5], [1, 6], [2, 6], [2, 5], [3, 5], [3, 4], [4, 4], [5, 4], [5, 5], [5, 6], [4, 6], [3, 6], [3, 7], [3, 8], [2, 8], [1, 8], [1, 7], [0, 7], [0, 8], [0, 9], [0, 10], [1, 10], [2, 10], [2, 11], [3, 11], [4, 11], [5, 11], [5, 12], [4, 12], [4, 13], [5, 13], [6, 13], [6, 12], [7, 12], [8, 12], [8, 11], [7, 11], [6, 11], [6, 10], [5, 10], [5, 9], [6, 9], [7, 9], [7, 10], [8, 10], [8, 9], [8, 8], [8, 7], [7, 7], [7, 6], [7, 5], [8, 5], [8, 4], [9, 4], [10, 4], [10, 3], [11, 3], [12, 3], [12, 4], [13, 4], [14, 4], [14, 5], [15, 5], [15, 6], [14, 6], [14, 7], [15, 7], [16, 7], [17, 7], [17, 8], [16, 8], [15, 8], [14, 8], [13, 8], [13, 9], [12, 9], [12, 10], [13, 10], [14, 10], [14, 11], [13, 11], [12, 11], [12, 12], [11, 12], [11, 13], [10, 13], [9, 13], [9, 14], [10, 14], [10, 15], [11, 15], [11, 16], [11, 17], [11, 18], [10, 18], [9, 18], [8, 18], [7, 18], [7, 19], [8, 19], [9, 19], [10, 19], [11, 19], [12, 19], [13, 19], [13, 18], [12, 18], [12, 17], [13, 17], [14, 17], [14, 18], [15, 18], [15, 17], [16, 17], [17, 17], [17, 16], [17, 15], [18, 15], [18, 14], [18, 13], [17, 13], [16, 13], [16, 14], [16, 15], [15, 15], [15, 16], [14, 16], [14, 15], [13, 15], [12, 15], [12, 14], [12, 13], [13, 13], [13, 12], [14, 12], [15, 12], [15, 11], [16, 11], [16, 10], [15, 10], [15, 9], [16, 9], [17, 9], [18, 9], [18, 10], [19, 10], [19, 11], [18, 11], [17, 11], [17, 12], [18, 12], [19, 12], [19, 13], [19, 14], [19, 15], [19, 16], [19, 17], [19, 18], [18, 18], [17, 18], [16, 18], [16, 19], [17, 19], [18, 19], [19, 19]]",179,321,0,321,0.0006713999900966883,True
recursive_backtracking,bfs,20,20,2783290795,"[0, 0]","[19, 19]","[[11, 12, 9, 10, 8, 10, 10, 12, 9, 10, 12, 9, 10, 12, 9, 10, 12, 9, 10, 12], [13, 5, 7, 9, 6, 9, 10, 6, 5, 9, 6, 5, 9, 6, 5, 11, 2, 6, 13, 5], [5, 3, 12, 3, 12, 3, 10, 10, 6, 5, 11, 4, 5, 11, 0, 12, 9, 12, 5, 5], [1, 12, 5, 9, 6, 9, 10, 10, 12, 3, 10, 6, 3, 12, 5, 3, 6, 5, 1, 6], [5, 7, 3, 6, 11, 2, 10, 14, 1, 10, 10, 8, 14, 5, 5, 9, 10, 6, 5, 13], [1, 10, 10, 8, 12, 9, 10, 12, 7, 9, 12, 5, 9, 6, 7, 1, 10, 12, 3, 4], [3, 12, 9, 6, 3, 6, 13, 3, 8, 6, 3, 6, 3, 10, 12, 1, 14, 3, 12, 5], [11, 6, 5, 13, 9, 10, 2, 8, 6, 9, 10, 12, 9, 12, 5, 5, 9, 10, 6, 7], [9, 10, 6, 1, 6, 9, 12, 3, 14, 5, 13, 3, 6, 3, 6, 5, 3, 12, 9, 12], [5, 9, 12, 7, 9, 6, 5, 9, 10, 6, 3, 10, 8, 10, 12, 3, 14, 3, 6, 5], [5, 5, 3, 12, 5, 13, 5, 5, 9, 10, 8, 10, 6, 13, 3, 10, 10, 10, 12, 5], [3, 2, 14, 5, 3, 4, 5, 5, 3, 14, 5, 13, 9, 4, 9, 8, 10, 12, 5, 5], [9, 12, 9, 2, 12, 5, 3, 6, 9, 12, 5, 1, 6, 3, 6, 5, 11, 6, 5, 5], [5, 3, 6, 9, 6, 5, 9, 12, 5, 5, 5, 7, 9, 10, 12, 1, 10, 12, 5, 5], [1, 12, 9, 2, 14, 5, 5, 3, 6, 5, 1, 10, 6, 9, 6, 3, 12, 5, 3, 4], [5, 5, 7, 9, 10, 6, 5, 9, 12, 5, 3, 12, 13, 3, 12, 9, 6, 3, 10, 6], [5, 5, 9, 6, 13, 9, 4, 5, 3, 6, 13, 5, 3, 12, 5, 5, 11, 10, 8, 12], [5, 3, 6, 11, 2, 6, 5, 3, 10, 12, 5, 5, 9, 4, 5, 3, 10, 12, 5, 7], [5, 11, 10, 8, 10, 12, 5, 13, 9, 6, 3, 2, 6, 7, 3, 12, 13, 5, 3, 12], [3, 10, 10, 6, 11, 2, 6, 3, 2, 10, 10, 10, 10, 10, 10, 6, 3, 2, 10, 6]]","[[0, 0], [0, 1], [1, 1], [2, 1], [2, 2], [3, 2], [4, 2], [4, 3], [3, 3], [3, 4], [2, 4], [2, 3], [1, 3], [1, 4], [0, 4], [0, 5], [0, 6], [0, 7], [1, 7], [1, 6], [1, 5], [2, 5], [2, 6], [2, 7], [2, 8], [1, 8], [0, 8], [0, 9], [0, 10], [1, 10], [1, 9], [2, 9], [3, 9], [3, 10], [3, 11], [2, 11], [1, 11], [0, 11], [0, 12], [0, 13], [1, 13], [1, 12], [2, 12], [3, 12], [3, 13], [4, 13], [5, 13], [5, 12], [6, 12], [6, 13], [6, 14], [7, 14], [8, 14], [8, 13], [7, 13], [7, 12], [8, 12], [8, 11], [7, 11], [7, 10], [7, 9], [8, 9], [9, 9], [9, 8], [9, 7], [10, 7], [11, 7], [12, 7], [12, 6], [11, 6], [10, 6], [9, 6], [8, 6], [8, 5], [9, 5], [9, 4], [10, 4], [11, 4], [11, 5], [12, 5], [13, 5], [14, 5], [15, 5], [15, 4], [15, 3], [16, 3], [16, 2], [17, 2], [17, 1], [16, 1], [15, 1], [14, 1], [14, 0], [15, 0], [16, 0], [17, 0], [18, 0], [19, 0], [19, 1], [19, 2], [19, 3], [18, 3], [18, 4], [18, 5], [19, 5], [19, 6], [18, 6], [17, 6], [16, 6], [15, 6], [14, 6], [13, 6], [13, 7], [14, 7], [14, 8], [13, 8], [12, 8], [12, 9], [13, 9], [14, 9], [15, 9], [16, 9], [16, 8], [15, 8], [15, 7], [16, 7], [17, 7], [17, 8], [17, 9], [18, 9], [18, 8], [19, 8], [19, 9], [19, 10], [19, 11], [19, 12], [19, 13], [19, 14], [19, 15], [18, 15], [18, 14], [17, 14], [16, 14], [15, 14], [15, 13], [14, 13], [14, 14], [13, 14], [13, 13], [13, 12], [14, 12], [14, 11], [14, 10], [13, 10], [12, 10], [11, 10], [10, 10], [10, 11], [10, 12], [9, 12], [9, 13], [9, 14], [10, 14], [10, 15], [10, 16], [10, 17], [10, 18], [11, 18], [12, 18], [13, 18], [14, 18], [14, 19], [15, 19], [15, 18], [15, 17], [14, 17], [13, 17], [13, 16], [13, 15], [14, 15], [14, 16], [15, 16], [15, 15], [16, 15], [17, 15], [17, 16], [17, 17], [18, 17], [19, 17], [19, 18], [19, 19]]",191,351,0,351,0.0009165999945253134,True
recursive_backtracking,bfs,20,20,3131575764,"[0, 0]","[19, 19]","[[11, 12, 9, 10, 8, 10, 14, 9, 8, 10, 12, 11, 12, 9, 10, 10, 10, 10, 8, 12], [13, 5, 5, 13, 3, 10, 10, 6, 3, 12, 5, 9, 4, 3, 12, 9, 14, 9, 6, 5], [5, 5, 3, 4, 9, 8, 12, 13, 9, 6, 3, 6, 5, 9, 6, 5, 9, 6, 11, 6], [5, 3, 12, 5, 7, 5, 1, 6, 5, 13, 9, 10, 6, 3, 12, 5, 3, 10, 10, 12], [1, 10, 6, 3, 10, 6, 5, 9, 6, 3, 2, 10, 12, 13, 5, 3, 10, 8, 14, 5], [5, 11, 8, 10, 12, 11, 6, 3, 10, 8, 12, 9, 2, 6, 3, 12, 9, 4, 9, 6], [3, 12, 5, 13, 3, 12, 9, 10, 12, 7, 5, 7, 9, 10, 10, 6, 5, 7, 3, 12], [13, 3, 6, 1, 12, 5, 3, 12, 3, 12, 3, 12, 5, 9, 10, 10, 6, 9, 12, 5], [1, 14, 9, 4, 5, 3, 12, 1, 12, 5, 9, 6, 5, 5, 9, 10, 10, 6, 3, 4], [1, 10, 6, 5, 7, 9, 6, 7, 5, 5, 3, 12, 5, 5, 5, 9, 12, 11, 8, 6], [5, 11, 12, 5, 9, 6, 9, 10, 6, 3, 12, 1, 6, 5, 5, 5, 3, 12, 5, 13], [3, 10, 4, 3, 6, 9, 6, 9, 10, 12, 5, 3, 10, 4, 3, 2, 14, 5, 3, 4], [9, 12, 5, 9, 12, 1, 12, 5, 11, 4, 5, 9, 14, 1, 14, 9, 10, 6, 13, 5], [5, 3, 6, 5, 5, 7, 5, 3, 12, 5, 5, 1, 10, 6, 9, 6, 9, 10, 4, 5], [3, 12, 9, 6, 3, 10, 6, 9, 6, 7, 5, 1, 10, 14, 5, 9, 6, 13, 3, 6], [13, 5, 5, 9, 10, 14, 9, 2, 10, 10, 6, 5, 9, 10, 6, 3, 12, 1, 12, 13], [5, 5, 5, 3, 10, 12, 3, 12, 9, 12, 9, 6, 5, 11, 10, 12, 3, 6, 5, 5], [5, 5, 3, 10, 12, 1, 12, 5, 7, 3, 4, 9, 6, 9, 10, 0, 10, 14, 5, 5], [5, 5, 9, 12, 5, 5, 7, 5, 9, 12, 7, 5, 13, 1, 12, 7, 9, 12, 5, 5], [3, 2, 6, 3, 6, 3, 10, 2, 6, 3, 10, 6, 3, 6, 3, 10, 6, 3, 2, 6]]","[[0, 0], [0, 1], [1, 1], [2, 1], [3, 1], [3, 2], [4, 2], [4, 1], [4, 0], [5, 0], [6, 0], [6, 1], [7, 1], [7, 2], [6, 2], [5, 2], [5, 3], [5, 4], [6, 4], [6, 5], [7, 5], [8, 5], [8, 6], [9, 6], [9, 5], [10, 5], [10, 4], [11, 4], [11, 3], [10, 3], [9, 3], [8, 3], [8, 2], [9, 2], [9, 1], [9, 0], [10, 0], [11, 0], [11, 1], [11, 2], [12, 2], [13, 2], [13, 1], [12, 1], [12, 0], [13, 0], [14, 0], [14, 1], [15, 1], [16, 1], [17, 1], [18, 1], [19, 1], [19, 2], [18, 2], [18, 3], [19, 3], [19, 4], [18, 4], [17, 4], [17, 3], [17, 2], [16, 2], [15, 2], [14, 2], [14, 3], [13, 3], [12, 3], [12, 4], [13, 4], [14, 4], [14, 5], [14, 6], [13, 6], [12, 6], [12, 5], [11, 5], [11, 6], [10, 6], [10, 7], [10, 8], [9, 8], [8, 8], [8, 7], [7, 7], [7, 6], [6, 6], [6, 7], [6, 8], [7, 8], [7, 9], [8, 9], [9, 9], [10, 9], [10, 10], [11, 10], [12, 10], [13, 10], [14, 10], [15, 10], [15, 9], [15, 8], [15, 7], [15, 6], [16, 6], [16, 7], [17, 7], [18, 7], [19, 7], [19, 8], [18, 8], [18, 9], [19, 9], [19, 10], [19, 11], [18, 11], [17, 11], [17, 12], [16, 12], [15, 12], [15, 13], [15, 14], [14, 14], [13, 14], [13, 15], [12, 15], [12, 16], [12, 17], [11, 17], [10, 17], [10, 16], [9, 16], [9, 15], [10, 15], [11, 15], [11, 14], [10, 14], [9, 14], [8, 14], [8, 15], [8, 16], [8, 17], [7, 17], [7, 18], [8, 18], [8, 19], [9, 19], [9, 18], [10, 18], [11, 18], [11, 19], [12, 19], [13, 19], [14, 19], [14, 18], [13, 18], [13, 17], [13, 16], [14, 16], [14, 15], [15, 15], [15, 16], [16, 16], [16, 17], [15, 17], [15, 18], [16, 18], [17, 18], [18, 18], [19, 18], [19, 19]]",171,251,0,251,0.00063699996098876,True
recursive_backtracking,bfs,20,20,701808367,"[0, 0]","[19, 19]","[[11, 10, 10, 10, 12, 9, 10, 10, 10, 10, 12, 11, 10, 8, 10, 10, 8, 12, 9, 12], [9, 8, 10, 12, 5, 3, 12, 9, 10, 12, 3, 10, 12, 5, 9, 14, 5, 5, 5, 5], [5, 5, 9, 6, 3, 12, 3, 4, 9, 6, 11, 12, 5, 5, 3, 12, 5, 5, 5, 7], [7, 5, 7, 9, 12, 3, 12, 7, 5, 9, 10, 6, 5, 3, 10, 4, 5, 5, 3, 12], [9, 4, 9, 6, 1, 14, 3, 10, 6, 3, 10, 12, 3, 12, 11, 6, 5, 5, 9, 4], [5, 5, 5, 13, 3, 8, 12, 9, 10, 10, 12, 1, 12, 5, 9, 10, 6, 3, 6, 5], [5, 7, 1, 2, 14, 5, 5, 3, 12, 9, 6, 5, 5, 5, 3, 12, 11, 8, 10, 6], [5, 9, 6, 9, 10, 6, 3, 12, 5, 3, 12, 5, 5, 3, 12, 3, 12, 3, 12, 13], [5, 5, 13, 3, 10, 10, 12, 3, 6, 11, 2, 6, 3, 12, 3, 12, 3, 12, 5, 5], [5, 5, 1, 10, 12, 13, 3, 10, 10, 10, 10, 12, 11, 2, 12, 3, 12, 5, 3, 4], [5, 5, 5, 13, 5, 3, 8, 10, 12, 9, 12, 3, 10, 12, 5, 9, 6, 5, 13, 5], [5, 5, 5, 5, 3, 12, 5, 13, 3, 6, 3, 10, 12, 5, 7, 3, 10, 6, 5, 5], [1, 6, 5, 5, 9, 6, 3, 4, 13, 9, 12, 9, 6, 3, 10, 10, 10, 12, 1, 6], [5, 9, 6, 5, 3, 12, 13, 5, 5, 5, 3, 6, 9, 10, 12, 9, 10, 4, 3, 12], [3, 6, 9, 4, 9, 6, 3, 2, 6, 3, 10, 12, 3, 12, 3, 6, 11, 2, 14, 5], [13, 9, 6, 3, 6, 9, 8, 10, 10, 10, 10, 2, 12, 3, 12, 9, 10, 10, 10, 6], [1, 6, 9, 12, 9, 6, 5, 9, 10, 10, 12, 11, 6, 9, 4, 3, 10, 12, 9, 12], [3, 10, 6, 5, 5, 13, 5, 5, 11, 12, 1, 10, 10, 6, 3, 12, 9, 6, 5, 5], [9, 12, 9, 6, 5, 1, 6, 3, 12, 3, 6, 9, 12, 9, 12, 7, 3, 10, 6, 5], [7, 3, 2, 10, 6, 3, 10, 14, 3, 10, 10, 6, 3, 6, 3, 10, 10, 10, 10, 6]]","[[0, 0], [0, 1], [0, 2], [0, 3], [0, 4], [1, 4], [2, 4], [2, 5], [3, 5], [3, 6], [4, 6], [4, 7], [4, 8], [3, 8], [2, 8], [2, 9], [1, 9], [1, 8], [1, 7], [2, 7], [2, 6], [1, 6], [1, 5], [0, 5], [0, 6], [0, 7], [0, 8], [0, 9], [0, 10], [1, 10], [1, 11], [1, 12], [2, 12], [3, 12], [4, 12], [4, 13], [5, 13], [6, 13], [7, 13], [7, 14], [8, 14], [8, 15], [9, 15], [9, 16], [10, 16], [10, 15], [11, 15], [11, 16], [11, 17], [10, 17], [9, 17], [8, 17], [8, 16], [7, 16], [7, 15], [6, 15], [6, 14], [5, 14], [5, 15], [5, 16], [4, 16], [3, 16], [2, 16], [1, 16], [0, 16], [0, 17], [1, 17], [2, 17], [3, 17], [4, 17], [5, 17], [5, 18], [4, 18], [4, 19], [5, 19], [6, 19], [6, 18], [6, 17], [7, 17], [7, 18], [8, 18], [9, 18], [9, 19], [10, 19], [11, 19], [12, 19], [12, 18], [13, 18], [13, 19], [14, 19], [15, 19], [15, 18], [15, 17], [15, 16], [15, 15], [16, 15], [16, 16], [16, 17], [17, 17], [17, 16], [18, 16], [18, 17], [18, 18], [17, 18], [16, 18], [16, 19], [17, 19], [18, 19], [19, 19]]",109,138,0,138,0.0002970000496134162,True
recursive_backtracking,bfs,20,20,1629748727,"[0, 0]","[19, 19]","[[13, 9, 10, 10, 12, 11, 10, 8, 12, 9, 10, 10, 8, 10, 10, 12, 11, 10, 10, 12], [5, 3, 12, 9, 6, 9, 12, 7, 1, 6, 11, 12, 3, 12, 13, 3, 10, 10, 12, 5], [3, 10, 6, 5, 9, 6, 3, 12, 3, 10, 10, 6, 9, 6, 1, 10, 12, 9, 6, 5], [9, 14, 9, 6, 3, 12, 13, 3, 10, 12, 9, 10, 6, 13, 5, 13, 5, 3, 10, 4], [1, 10, 6, 9, 10, 6, 1, 10, 12, 3, 6, 9, 14, 1, 6, 5, 1, 10, 12, 5], [3, 10, 12, 3, 12, 9, 6, 9, 2, 12, 13, 1, 10, 2, 10, 4, 5, 9, 6, 5], [9, 12, 3, 12, 5, 5, 13, 3, 12, 3, 4, 1, 14, 9, 12, 5, 5, 1, 14, 5], [5, 3, 12, 3, 6, 5, 1, 12, 3, 12, 7, 5, 9, 6, 5, 7, 5, 7, 9, 6], [3, 12, 3, 12, 9, 6, 5, 5, 13, 3, 10, 6, 3, 12, 3, 10, 6, 9, 6, 13], [9, 6, 13, 5, 3, 12, 5, 3, 2, 12, 11, 8, 12, 3, 10, 10, 12, 5, 9, 4], [3, 12, 5, 5, 13, 3, 6, 13, 9, 6, 9, 6, 3, 14, 9, 10, 4, 5, 5, 7], [9, 6, 1, 6, 3, 8, 8, 6, 3, 12, 1, 10, 10, 12, 5, 9, 6, 5, 1, 12], [5, 11, 2, 10, 10, 6, 5, 9, 12, 5, 3, 10, 14, 5, 5, 7, 9, 6, 5, 5], [1, 10, 12, 11, 10, 10, 6, 5, 5, 3, 10, 12, 9, 6, 3, 10, 6, 13, 5, 5], [5, 13, 3, 10, 10, 10, 10, 6, 3, 12, 9, 6, 3, 8, 10, 10, 12, 3, 6, 5], [5, 1, 10, 10, 10, 8, 10, 10, 14, 5, 3, 10, 12, 5, 11, 10, 2, 10, 10, 4], [5, 5, 9, 12, 11, 6, 9, 12, 9, 6, 9, 10, 6, 1, 12, 9, 12, 13, 9, 6], [5, 3, 6, 3, 10, 12, 5, 3, 6, 9, 6, 11, 8, 6, 5, 5, 5, 5, 5, 13], [3, 10, 10, 10, 12, 5, 3, 10, 12, 5, 9, 12, 3, 14, 3, 6, 5, 5, 5, 5], [11, 10, 10, 10, 2, 2, 10, 14, 3, 2, 6, 3, 10, 10, 10, 10, 6, 3, 2, 6]]","[[0, 0], [1, 0], [2, 0], [2, 1], [2, 2], [1, 2], [1, 1], [0, 1], [0, 2], [0, 3], [0, 4], [1, 4], [1, 3], [2, 3], [3, 3], [3, 2], [4, 2], [4, 1], [4, 0], [5, 0], [5, 1], [5, 2], [6, 2], [6, 3], [7, 3], [7, 4], [6, 4], [5, 4], [5, 3], [4, 3], [4, 4], [4, 5], [3, 5], [3, 4], [2, 4], [2, 5], [1, 5], [1, 6], [2, 6], [2, 7], [3, 7], [3, 8], [3, 9], [4, 9], [4, 10], [3, 10], [3, 11], [3, 12], [2, 12], [2, 13], [1, 13], [1, 12], [0, 12], [0, 13], [0, 14], [0, 15], [1, 15], [1, 16], [1, 17], [1, 18], [2, 18], [2, 17], [3, 17], [3, 18], [3, 19], [4, 19], [5, 19], [6, 19], [7, 19], [7, 18], [8, 18], [8, 17], [9, 17], [10, 17], [11, 17], [12, 17], [12, 16], [13, 16], [13, 15], [13, 14], [12, 14], [11, 14], [10, 14], [10, 15], [10, 16], [9, 16], [9, 15], [9, 14], [9, 13], [8, 13], [8, 12], [7, 12], [7, 13], [6, 13], [6, 14], [7, 14], [8, 14], [8, 15], [8, 16], [7, 16], [6, 16], [5, 16], [4, 16], [3, 16], [2, 16], [2, 15], [2, 14], [3, 14], [4, 14], [4, 13], [5, 13], [5, 12], [5, 11], [6, 11], [7, 11], [8, 11], [8, 10], [8, 9], [7, 9], [7, 8], [6, 8], [6, 7], [5, 7], [5, 8], [4, 8], [4, 7], [4, 6], [5, 6], [5, 5], [6, 5], [7, 5], [8, 5], [8, 4], [9, 4], [9, 5], [10, 5], [10, 6], [9, 6], [8, 6], [7, 6], [7, 7], [8, 7], [9, 7], [9, 8], [9, 9], [10, 9], [10, 8], [11, 8], [11, 9], [12, 9], [13, 9], [13, 10], [13, 11], [14, 11], [14, 10], [15, 10], [15, 11], [15, 12], [16, 12], [16, 11], [16, 10], [17, 10], [17, 9], [18, 9], [19, 9], [19, 10], [18, 10], [18, 11], [19, 11], [19, 12], [19, 13], [19, 14], [19, 15], [19, 16], [18, 16], [17, 16], [16, 16], [16, 15], [17, 15], [18, 15], [18, 14], [17, 14], [16, 14], [16, 13], [15, 13], [14, 13], [14, 14], [14, 15], [14, 16], [15, 16], [15, 17], [15, 18], [15, 19], [16, 19], [16, 18], [17, 18], [18, 18], [19, 18], [19, 19]]",199,326,0,326,0.0006695000920444727,True
recursive_backtracking,bfs,20,20,2392080953,"[0, 0]","[19, 19]","[[13, 11, 10, 8, 8, 12, 9, 12, 9, 10, 10, 12, 9, 8, 14, 9, 10, 8, 10, 12], [5, 9, 12, 7, 5, 3, 6, 3, 6, 9, 10, 6, 7, 3, 10, 2, 12, 3, 12, 7], [3, 6, 3, 10, 6, 9, 12, 9, 10, 6, 9, 10, 10, 10, 10, 12, 3, 12, 3, 12], [9, 12, 9, 12, 9, 6, 5, 5, 9, 12, 5, 11, 12, 9, 12, 5, 11, 2, 14, 5], [7, 3, 6, 5, 3, 12, 3, 6, 5, 3, 6, 9, 6, 5, 5, 5, 9, 10, 10, 4], [9, 10, 10, 2, 12, 3, 12, 9, 6, 9, 12, 1, 10, 6, 5, 3, 6, 13, 9, 6], [1, 10, 10, 12, 3, 14, 3, 6, 9, 6, 3, 2, 10, 14, 1, 12, 9, 2, 6, 13], [3, 10, 12, 5, 9, 10, 8, 14, 5, 9, 10, 10, 10, 12, 5, 7, 5, 9, 12, 5], [9, 12, 7, 5, 3, 12, 3, 10, 6, 5, 9, 10, 12, 3, 6, 9, 6, 5, 5, 5], [5, 3, 12, 1, 14, 3, 12, 13, 9, 6, 5, 13, 3, 10, 10, 6, 9, 6, 3, 4], [5, 11, 4, 3, 10, 10, 2, 4, 5, 9, 6, 1, 10, 12, 9, 8, 6, 11, 12, 5], [1, 12, 5, 9, 10, 12, 11, 6, 5, 5, 9, 2, 14, 3, 6, 3, 12, 9, 6, 5], [7, 5, 5, 3, 12, 5, 9, 12, 5, 5, 5, 13, 9, 12, 9, 10, 6, 1, 10, 6], [9, 6, 1, 10, 6, 3, 6, 3, 6, 5, 1, 6, 5, 3, 6, 9, 14, 3, 10, 12], [3, 12, 7, 9, 10, 10, 12, 9, 10, 6, 5, 9, 6, 9, 10, 4, 9, 10, 12, 5], [9, 6, 9, 6, 9, 10, 4, 3, 12, 9, 6, 5, 13, 5, 9, 6, 5, 13, 3, 6], [1, 10, 6, 13, 3, 12, 5, 13, 5, 3, 14, 5, 1, 6, 3, 10, 6, 3, 10, 12], [5, 11, 8, 4, 13, 5, 3, 4, 5, 9, 10, 6, 5, 9, 8, 10, 10, 10, 10, 4], [3, 12, 5, 3, 4, 3, 12, 7, 3, 6, 9, 12, 5, 7, 3, 12, 9, 10, 14, 5], [11, 2, 6, 11, 2, 14, 3, 10, 10, 10, 6, 3, 2, 10, 10, 6, 3, 10, 10, 6]]","[[0, 0], [1, 0], [2, 0], [2, 1], [1, 1], [1, 2], [2, 2], [2, 3], [2, 4], [1, 4], [0, 4], [0, 5], [1, 5], [1, 6], [0, 6], [0, 7], [1, 7], [1, 8], [0, 8], [0, 9], [0, 10], [0, 11], [1, 11], [1, 10], [1, 9], [2, 9], [2, 8], [2, 7], [3, 7], [4, 7], [4, 6], [3, 6], [2, 6], [2, 5], [3, 5], [3, 4], [4, 4], [4, 5], [5, 5], [5, 6], [6, 6], [6, 7], [5, 7], [5, 8], [4, 8], [3, 8], [3, 9], [4, 9], [4, 10], [3, 10], [2, 10], [2, 11], [2, 12], [2, 13], [2, 14], [2, 15], [3, 15], [4, 15], [5, 15], [5, 16], [4, 16], [4, 17], [4, 18], [4, 19], [5, 19], [5, 18], [6, 18], [6, 17], [6, 16], [7, 16], [8, 16], [8, 15], [9, 15], [9, 14], [9, 13], [9, 12], [8, 12], [8, 11], [8, 10], [9, 10], [10, 10], [10, 9], [11, 9], [12, 9], [13, 9], [14, 9], [14, 8], [14, 7], [15, 7], [15, 8], [16, 8], [17, 8], [18, 8], [18, 9], [17, 9], [17, 10], [17, 11], [16, 11], [15, 11], [14, 11], [14, 12], [13, 12], [12, 12], [12, 13], [13, 13], [13, 14], [12, 14], [12, 15], [12, 16], [11, 16], [11, 15], [10, 15], [10, 16], [9, 16], [9, 17], [8, 17], [7, 17], [7, 18], [8, 18], [9, 18], [9, 19], [10, 19], [11, 19], [12, 19], [12, 18], [12, 17], [13, 17], [13, 18], [13, 19], [14, 19], [15, 19], [15, 18], [14, 18], [14, 17], [14, 16], [15, 16], [16, 16], [16, 15], [16, 14], [15, 14], [15, 15], [14, 15], [14, 14], [14, 13], [15, 13], [16, 13], [16, 12], [17, 12], [18, 12], [19, 12], [19, 13], [19, 14], [19, 15], [18, 15], [18, 14], [17, 14], [17, 15], [17, 16], [17, 17], [17, 18], [17, 19], [18, 19], [19, 19]]",163,238,0,238,0.00048719998449087143,True
recursive_backtracking,bfs,20,20,2940395823,"[0, 0]","[19, 19]","[[13, 9, 14, 9, 8, 12, 9, 8, 10, 14, 9, 10, 8, 12, 11, 10, 8, 10, 10, 12], [5, 1, 10, 6, 5, 3, 6, 5, 9, 10, 6, 13, 5, 3, 10, 12, 5, 9, 10, 6], [5, 3, 10, 14, 3, 12, 11, 6, 3, 12, 9, 4, 5, 11, 12, 5, 7, 3, 10, 12], [3, 10, 12, 9, 12, 3, 10, 8, 12, 3, 4, 7, 3, 12, 1, 2, 10, 10, 10, 4], [9, 14, 3, 6, 3, 10, 12, 7, 3, 10, 6, 9, 12, 5, 3, 14, 9, 12, 9, 6], [1, 10, 10, 12, 9, 12, 3, 10, 12, 9, 10, 6, 5, 5, 9, 10, 6, 5, 3, 14], [5, 11, 12, 3, 6, 5, 9, 12, 3, 6, 13, 9, 6, 1, 2, 10, 12, 3, 10, 12], [3, 12, 1, 10, 12, 3, 6, 3, 10, 10, 4, 5, 11, 6, 9, 12, 5, 9, 14, 5], [13, 5, 3, 14, 1, 10, 12, 11, 8, 12, 5, 3, 10, 10, 6, 5, 3, 6, 9, 6], [5, 3, 10, 12, 5, 11, 0, 10, 6, 7, 5, 9, 10, 10, 12, 3, 10, 12, 3, 12], [5, 9, 12, 5, 1, 12, 5, 9, 10, 12, 3, 6, 13, 9, 2, 14, 9, 6, 9, 4], [5, 5, 3, 6, 5, 5, 7, 3, 12, 3, 10, 10, 4, 3, 10, 12, 5, 11, 4, 5], [5, 3, 12, 11, 4, 3, 12, 9, 6, 9, 10, 12, 1, 10, 12, 5, 3, 10, 6, 5], [3, 12, 3, 12, 3, 12, 5, 5, 13, 5, 11, 0, 6, 11, 6, 1, 10, 12, 13, 5], [9, 6, 9, 6, 11, 4, 3, 2, 6, 1, 12, 7, 9, 12, 9, 6, 9, 2, 6, 5], [1, 10, 6, 9, 12, 3, 14, 9, 12, 7, 1, 12, 5, 5, 3, 12, 3, 14, 9, 6], [3, 10, 10, 6, 3, 10, 10, 6, 3, 12, 7, 3, 6, 5, 9, 6, 9, 10, 6, 13], [13, 9, 10, 10, 10, 12, 9, 8, 14, 3, 10, 10, 10, 4, 5, 9, 6, 9, 12, 5], [5, 3, 10, 10, 12, 3, 6, 5, 9, 10, 8, 10, 14, 5, 5, 3, 10, 6, 3, 4], [3, 10, 10, 10, 2, 10, 14, 3, 2, 14, 3, 10, 10, 6, 3, 10, 10, 10, 10, 6]]","[[0, 0], [1, 0], [2, 0], [3, 0], [3, 1], [3, 2], [4, 2], [4, 3], [3, 3], [3, 4], [4, 4], [4, 5], [4, 6], [5, 6], [5, 7], [5, 8], [6, 8], [6, 9], [5, 9], [5, 10], [5, 11], [4, 11], [4, 12], [5, 12], [6, 12], [6, 11], [7, 11], [8, 11], [8, 12], [8, 13], [8, 14], [7, 14], [7, 15], [8, 15], [9, 15], [9, 16], [9, 17], [10, 17], [10, 16], [11, 16], [12, 16], [12, 17], [12, 18], [11, 18], [10, 18], [10, 19], [11, 19], [12, 19], [13, 19], [14, 19], [15, 19], [15, 18], [16, 18], [16, 17], [16, 16], [17, 16], [17, 15], [18, 15], [18, 16], [18, 17], [17, 17], [17, 18], [18, 18], [18, 19], [19, 19]]",65,94,0,94,0.00019729998894035816,True
recursive_backtracking,bfs,20,20,3332894265,"[0, 0]","[19, 19]","[[11, 12, 9, 10, 12, 9, 10, 8, 8, 14, 9, 12, 9, 8, 10, 10, 10, 10, 10, 12], [13, 5, 5, 13, 3, 6, 9, 6, 7, 9, 6, 3, 6, 5, 11, 8, 8, 14, 9, 6], [1, 6, 3, 2, 12, 13, 3, 10, 10, 6, 9, 10, 10, 6, 9, 6, 5, 9, 6, 13], [3, 10, 10, 12, 3, 2, 10, 12, 9, 14, 5, 13, 9, 12, 1, 12, 5, 5, 11, 4], [13, 9, 10, 6, 13, 9, 10, 6, 5, 9, 6, 3, 6, 5, 5, 5, 5, 3, 12, 5], [1, 6, 11, 10, 2, 4, 9, 12, 5, 3, 10, 10, 12, 3, 6, 5, 3, 14, 5, 5], [3, 12, 9, 10, 12, 3, 6, 3, 2, 10, 12, 13, 3, 10, 12, 3, 10, 12, 5, 5], [13, 3, 6, 13, 5, 11, 10, 10, 10, 10, 2, 6, 9, 12, 1, 12, 9, 6, 5, 5], [1, 10, 8, 6, 3, 10, 12, 9, 10, 12, 9, 12, 5, 5, 5, 5, 3, 8, 6, 5], [3, 12, 3, 10, 8, 14, 5, 5, 11, 2, 6, 5, 5, 5, 5, 3, 12, 5, 9, 4], [9, 2, 10, 14, 3, 12, 5, 3, 12, 11, 8, 6, 5, 5, 3, 14, 5, 3, 6, 5], [1, 14, 9, 10, 10, 4, 3, 12, 1, 12, 3, 12, 5, 3, 10, 10, 6, 11, 12, 5], [7, 9, 6, 9, 12, 5, 9, 6, 7, 3, 12, 3, 6, 9, 10, 8, 12, 9, 6, 5], [9, 6, 9, 6, 3, 6, 3, 10, 10, 10, 6, 11, 12, 5, 9, 6, 5, 3, 12, 5], [5, 13, 3, 12, 9, 10, 10, 10, 8, 12, 11, 8, 6, 5, 5, 11, 2, 8, 6, 5], [5, 1, 10, 6, 3, 10, 8, 14, 5, 3, 12, 5, 9, 6, 3, 10, 12, 5, 9, 6], [5, 3, 10, 12, 13, 9, 6, 9, 6, 11, 2, 4, 5, 13, 9, 10, 4, 7, 3, 12], [3, 10, 12, 3, 4, 5, 13, 3, 10, 10, 12, 7, 3, 4, 3, 12, 7, 9, 10, 6], [9, 10, 6, 11, 6, 3, 4, 11, 10, 12, 5, 9, 12, 5, 9, 6, 9, 6, 11, 12], [3, 10, 10, 10, 10, 10, 2, 10, 10, 6, 3, 6, 3, 6, 3, 10, 2, 10, 10, 6]]","[[0, 0], [0, 1], [1, 1], [2, 1], [2, 0], [3, 0], [3, 1], [3, 2], [3, 3], [4, 3], [4, 2], [4, 1], [5, 1], [5, 0], [6, 0], [6, 1], [7, 1], [7, 2], [6, 2], [6, 3], [6, 4], [7, 4], [8, 4], [8, 5], [8, 6], [9, 6], [10, 6], [11, 6], [11, 7], [12, 7], [12, 6], [13, 6], [13, 7], [13, 8], [13, 9], [13, 10], [12, 10], [12, 9], [11, 9], [11, 8], [10, 8], [10, 7], [9, 7], [8, 7], [8, 8], [8, 9], [9, 9], [9, 10], [8, 10], [8, 11], [9, 11], [10, 11], [10, 10], [11, 10], [11, 11], [12, 11], [12, 12], [11, 12], [10, 12], [9, 12], [8, 12], [7, 12], [7, 13], [8, 13], [9, 13], [10, 13], [11, 13], [11, 14], [11, 15], [11, 16], [10, 16], [9, 16], [9, 15], [8, 15], [7, 15], [7, 14], [6, 14], [6, 13], [6, 12], [5, 12], [5, 11], [5, 10], [5, 9], [4, 9], [4, 10], [3, 10], [2, 10], [2, 11], [2, 12], [2, 13], [1, 13], [0, 13], [0, 14], [0, 15], [0, 16], [0, 17], [0, 18], [0, 19], [1, 19], [1, 18], [2, 18], [2, 17], [3, 17], [4, 17], [4, 18], [5, 18], [6, 18], [7, 18], [8, 18], [8, 17], [9, 17], [10, 17], [10, 18], [9, 18], [9, 19], [10, 19], [11, 19], [12, 19], [13, 19], [14, 19], [15, 19], [15, 18], [16, 18], [16, 19], [17, 19], [17, 18], [17, 17], [18, 17], [18, 16], [19, 16], [19, 17], [19, 18], [19, 19]]",133,234,0,234,0.00047109997831285,True
recursive_backtracking,bfs,20,20,1354860540,"[0, 0]","[19, 19]","[[11, 12, 9, 14, 9, 8, 12, 11, 8, 12, 11, 8, 12, 9, 12, 11, 8, 12, 9, 12], [13, 5, 3, 8, 6, 5, 5, 9, 6, 3, 12, 5, 3, 6, 3, 10, 6, 5, 7, 5], [5, 3, 12, 7, 9, 6, 3, 6, 13, 9, 6, 5, 9, 10, 12, 9, 12, 3, 10, 4], [1, 14, 3, 10, 6, 11, 8, 12, 1, 6, 9, 6, 5, 13, 5, 5, 1, 12, 13, 5], [1, 8, 10, 10, 10, 12, 5, 7, 3, 10, 6, 9, 4, 3, 6, 5, 5, 3, 6, 5], [5, 3, 10, 10, 12, 5, 3, 8, 10, 10, 12, 5, 3, 10, 10, 6, 3, 10, 12, 5], [5, 11, 12, 9, 6, 3, 10, 6, 9, 12, 5, 5, 9, 10, 8, 10, 12, 13, 3, 6], [3, 12, 5, 3, 10, 12, 13, 9, 6, 3, 6, 5, 7, 9, 6, 13, 5, 1, 12, 13], [11, 2, 2, 14, 9, 6, 1, 2, 14, 9, 12, 3, 10, 6, 11, 4, 5, 5, 3, 4], [9, 12, 9, 12, 5, 13, 1, 14, 9, 6, 3, 10, 10, 8, 10, 6, 5, 1, 12, 7], [5, 3, 6, 3, 6, 5, 5, 9, 6, 11, 8, 10, 12, 3, 12, 9, 6, 5, 3, 12], [3, 12, 9, 14, 9, 2, 6, 5, 9, 10, 6, 9, 6, 13, 3, 6, 11, 2, 14, 5], [9, 6, 1, 10, 6, 9, 12, 3, 6, 9, 10, 6, 11, 0, 12, 9, 10, 10, 10, 4], [3, 12, 3, 10, 10, 6, 7, 9, 10, 6, 9, 10, 10, 6, 3, 6, 13, 9, 12, 5], [9, 4, 9, 10, 12, 9, 10, 6, 11, 8, 6, 9, 12, 11, 10, 12, 1, 6, 5, 5], [5, 7, 5, 9, 4, 5, 9, 8, 12, 5, 9, 6, 5, 9, 12, 5, 3, 12, 3, 6], [5, 9, 6, 5, 5, 5, 5, 5, 5, 3, 6, 9, 6, 5, 3, 0, 14, 3, 10, 12], [1, 6, 9, 6, 7, 5, 7, 5, 3, 10, 10, 6, 9, 2, 12, 7, 9, 10, 12, 5], [3, 12, 3, 10, 12, 3, 12, 5, 9, 8, 10, 14, 5, 13, 3, 10, 6, 13, 3, 6], [11, 2, 10, 14, 3, 10, 2, 6, 7, 3, 10, 10, 2, 2, 10, 10, 10, 2, 10, 14]]","[[0, 0], [0, 1], [1, 1], [2, 1], [2, 2], [3, 2], [3, 3], [3, 4], [2, 4], [2, 5], [1, 5], [0, 5], [0, 6], [1, 6], [2, 6], [2, 7], [1, 7], [1, 8], [0, 8], [0, 9], [1, 9], [1, 10], [2, 10], [2, 9], [3, 9], [3, 8], [4, 8], [4, 9], [4, 10], [3, 10], [3, 11], [2, 11], [1, 11], [0, 11], [0, 12], [1, 12], [1, 13], [0, 13], [0, 14], [1, 14], [1, 15], [1, 16], [0, 16], [0, 17], [1, 17], [2, 17], [2, 18], [2, 19], [3, 19], [4, 19], [5, 19], [6, 19], [6, 18], [5, 18], [5, 17], [5, 16], [4, 16], [3, 16], [2, 16], [2, 15], [3, 15], [4, 15], [5, 15], [5, 14], [5, 13], [5, 12], [4, 12], [4, 11], [5, 11], [6, 11], [7, 11], [8, 11], [8, 12], [8, 13], [7, 13], [7, 14], [6, 14], [6, 15], [6, 16], [7, 16], [8, 16], [9, 16], [10, 16], [10, 15], [11, 15], [11, 14], [10, 14], [10, 13], [9, 13], [9, 12], [9, 11], [9, 10], [8, 10], [8, 9], [9, 9], [9, 8], [10, 8], [10, 7], [11, 7], [12, 7], [12, 8], [11, 8], [11, 9], [11, 10], [10, 10], [10, 11], [10, 12], [11, 12], [11, 11], [12, 11], [12, 10], [12, 9], [13, 9], [13, 8], [13, 7], [14, 7], [14, 6], [14, 5], [15, 5], [16, 5], [17, 5], [18, 5], [18, 6], [19, 6], [19, 7], [18, 7], [17, 7], [16, 7], [15, 7], [15, 8], [16, 8], [17, 8], [17, 9], [17, 10], [17, 11], [16, 11], [16, 12], [15, 12], [14, 12], [14, 11], [15, 11], [15, 10], [16, 10], [16, 9], [15, 9], [14, 9], [14, 10], [13, 10], [13, 11], [13, 12], [13, 13], [12, 13], [12, 14], [13, 14], [13, 15], [12, 15], [12, 16], [12, 17], [12, 18], [12, 19], [13, 19], [14, 19], [15, 19], [15, 18], [14, 18], [13, 18], [13, 17], [14, 17], [14, 16], [15, 16], [15, 17], [16, 17], [16, 18], [16, 19], [17, 19], [18, 19], [18, 18], [17, 18], [17, 17], [17, 16], [18, 16], [18, 15], [18, 14], [17, 14], [17, 13], [17, 12], [18, 12], [19, 12], [19, 13], [19, 14], [19, 15], [19, 16], [19, 17], [19, 18], [19, 19]]",195,378,0,378,0.0008332999423146248,True
recursive_backtracking,bfs,20,20,1149938334,"[0, 0]","[19, 19]","[[13, 9, 10, 10, 8, 10, 10, 10, 12, 11, 10, 8, 10, 8, 10, 14, 9, 8, 12, 13], [5, 3, 12, 9, 6, 9, 12, 9, 6, 9, 10, 6, 11, 6, 9, 10, 6, 5, 5, 5], [5, 11, 6, 3, 12, 5, 5, 5, 11, 4, 9, 10, 10, 10, 6, 9, 10, 6, 3, 4], [5, 9, 10, 12, 5, 7, 5, 1, 10, 6, 5, 9, 12, 13, 9, 6, 13, 9, 12, 5], [3, 6, 13, 5, 3, 12, 5, 5, 9, 10, 6, 5, 3, 6, 3, 12, 5, 5, 5, 5], [9, 8, 4, 5, 9, 6, 1, 6, 3, 10, 12, 5, 9, 10, 10, 6, 5, 5, 3, 6], [5, 5, 7, 5, 5, 11, 6, 9, 10, 10, 6, 5, 3, 12, 13, 9, 4, 3, 10, 12], [5, 3, 10, 6, 5, 9, 12, 5, 11, 10, 8, 2, 12, 5, 3, 4, 3, 12, 9, 6], [5, 11, 8, 10, 2, 6, 5, 5, 9, 10, 6, 13, 5, 3, 12, 7, 9, 6, 5, 13], [3, 12, 3, 12, 9, 10, 4, 5, 5, 9, 12, 1, 6, 13, 3, 12, 5, 9, 2, 6], [13, 5, 11, 6, 5, 11, 6, 5, 3, 6, 5, 5, 11, 0, 14, 5, 3, 6, 9, 12], [1, 6, 9, 10, 6, 9, 10, 2, 10, 10, 6, 3, 12, 3, 12, 3, 10, 12, 5, 5], [5, 9, 2, 10, 10, 0, 14, 9, 10, 12, 11, 12, 1, 10, 2, 10, 14, 3, 6, 5], [5, 7, 9, 10, 12, 7, 9, 6, 13, 3, 12, 5, 5, 9, 10, 12, 9, 10, 10, 4], [3, 10, 6, 13, 3, 12, 5, 9, 2, 14, 5, 1, 6, 5, 13, 3, 6, 9, 14, 5], [9, 10, 8, 2, 14, 3, 6, 5, 9, 10, 6, 3, 14, 5, 1, 14, 9, 2, 12, 5], [5, 13, 5, 9, 10, 10, 10, 4, 3, 12, 9, 8, 10, 6, 3, 12, 1, 14, 5, 5], [3, 4, 3, 6, 9, 12, 9, 4, 9, 6, 7, 5, 9, 8, 10, 6, 5, 9, 6, 5], [13, 3, 10, 10, 6, 5, 5, 7, 3, 10, 12, 5, 5, 3, 12, 9, 6, 5, 9, 6], [3, 10, 10, 10, 10, 6, 3, 10, 10, 10, 2, 6, 3, 14, 3, 2, 14, 3, 2, 14]]","[[0, 0], [1, 0], [2, 0], [3, 0], [4, 0], [4, 1], [3, 1], [3, 2], [3, 3], [4, 3], [5, 3], [6, 3], [7, 3], [7, 2], [7, 1], [6, 1], [5, 1], [5, 0], [6, 0], [7, 0], [8, 0], [9, 0], [9, 1], [10, 1], [11, 1], [11, 0], [12, 0], [13, 0], [14, 0], [14, 1], [14, 2], [13, 2], [13, 3], [13, 4], [14, 4], [14, 5], [15, 5], [15, 6], [14, 6], [13, 6], [13, 7], [12, 7], [12, 8], [12, 9], [13, 9], [13, 10], [14, 10], [15, 10], [15, 9], [15, 8], [16, 8], [16, 9], [17, 9], [17, 8], [18, 8], [18, 9], [18, 10], [19, 10], [19, 11], [18, 11], [17, 11], [16, 11], [16, 12], [16, 13], [15, 13], [14, 13], [13, 13], [13, 14], [13, 15], [14, 15], [14, 16], [13, 16], [13, 17], [13, 18], [13, 19], [14, 19], [15, 19], [16, 19], [17, 19], [18, 19], [18, 18], [19, 18], [19, 19]]",83,133,0,133,0.00027379998937249184,True
recursive_backtracking,bfs,20,20,1351531223,"[0, 0]","[19, 19]","[[11, 12, 9, 12, 13, 9, 10, 10, 10, 8, 14, 9, 10, 8, 10, 10, 10, 12, 9, 12], [9, 6, 5, 1, 6, 3, 10, 10, 12, 3, 12, 5, 9, 6, 9, 12, 9, 2, 6, 5], [5, 11, 4, 7, 9, 10, 10, 10, 6, 13, 3, 6, 5, 9, 6, 5, 7, 9, 12, 5], [3, 12, 1, 10, 6, 9, 10, 10, 8, 4, 9, 12, 3, 6, 13, 3, 10, 6, 5, 5], [9, 6, 5, 11, 10, 2, 14, 9, 6, 3, 6, 5, 13, 9, 2, 10, 12, 9, 6, 5], [5, 9, 6, 9, 10, 10, 12, 3, 12, 9, 14, 5, 3, 6, 9, 12, 5, 5, 9, 6], [5, 5, 9, 6, 9, 14, 1, 10, 6, 3, 10, 2, 10, 10, 4, 3, 6, 5, 3, 14], [5, 3, 6, 11, 2, 10, 6, 9, 10, 10, 12, 13, 9, 10, 6, 9, 12, 3, 10, 12], [5, 9, 12, 9, 12, 9, 12, 5, 9, 12, 5, 1, 6, 9, 10, 6, 5, 9, 10, 4], [3, 6, 3, 6, 3, 6, 5, 5, 7, 5, 5, 7, 9, 6, 9, 10, 6, 3, 12, 5], [13, 9, 10, 12, 9, 10, 6, 5, 9, 4, 5, 9, 6, 11, 2, 10, 10, 10, 6, 5], [3, 6, 9, 4, 3, 10, 10, 6, 5, 5, 5, 5, 9, 10, 10, 10, 12, 9, 14, 5], [9, 12, 5, 3, 12, 13, 9, 10, 4, 7, 5, 1, 6, 13, 9, 10, 6, 1, 10, 6], [5, 3, 6, 11, 4, 5, 3, 12, 3, 12, 5, 3, 10, 4, 3, 10, 12, 3, 10, 12], [5, 9, 10, 12, 3, 2, 14, 3, 12, 5, 3, 12, 11, 6, 9, 12, 5, 9, 10, 6], [5, 3, 12, 5, 9, 12, 9, 10, 6, 3, 12, 5, 9, 10, 6, 5, 5, 3, 10, 14], [3, 12, 5, 3, 6, 5, 5, 11, 8, 12, 3, 6, 5, 9, 10, 6, 5, 9, 10, 12], [9, 6, 3, 12, 9, 6, 3, 12, 7, 1, 10, 10, 6, 3, 12, 11, 2, 6, 9, 4], [1, 12, 9, 6, 3, 8, 14, 3, 12, 5, 9, 10, 10, 12, 3, 10, 10, 12, 5, 5], [7, 3, 2, 10, 14, 3, 10, 10, 2, 6, 3, 10, 14, 3, 10, 10, 10, 2, 6, 7]]","[[0, 0], [0, 1], [1, 1], [1, 0], [2, 0], [3, 0], [3, 1], [4, 1], [4, 0], [5, 0], [6, 0], [7, 0], [8, 0], [9, 0], [9, 1], [8, 1], [8, 2], [9, 2], [9, 3], [8, 3], [8, 4], [9, 4], [9, 5], [8, 5], [8, 6], [9, 6], [10, 6], [10, 5], [10, 4], [11, 4], [11, 5], [11, 6], [11, 7], [10, 7], [9, 7], [8, 7], [7, 7], [7, 8], [7, 9], [7, 10], [8, 10], [9, 10], [10, 10], [11, 10], [12, 10], [13, 10], [14, 10], [14, 11], [15, 11], [16, 11], [16, 10], [15, 10], [15, 9], [14, 9], [13, 9], [13, 8], [12, 8], [12, 7], [12, 6], [13, 6], [13, 7], [14, 7], [14, 8], [15, 8], [15, 7], [15, 6], [16, 6], [17, 6], [17, 7], [18, 7], [18, 8], [19, 8], [19, 9], [18, 9], [17, 9], [17, 10], [17, 11], [17, 12], [16, 12], [15, 12], [15, 13], [15, 14], [14, 14], [14, 15], [15, 15], [16, 15], [16, 14], [16, 13], [17, 13], [17, 14], [18, 14], [18, 15], [18, 16], [18, 17], [19, 17], [19, 18], [18, 18], [17, 18], [17, 19], [18, 19], [19, 19]]",101,155,0,155,0.00034440006129443645,True
recursive_backtracking,bfs,20,20,2815087637,"[0, 0]","[19, 19]","[[11, 12, 11, 10, 10, 10, 10, 10, 8, 8, 10, 10, 12, 11, 10, 8, 10, 10, 12, 13], [13, 3, 12, 9, 10, 10, 10, 12, 7, 3, 12, 11, 2, 10, 12, 1, 12, 13, 5, 5], [1, 14, 5, 1, 10, 12, 9, 6, 9, 12, 3, 10, 12, 9, 6, 5, 5, 1, 2, 6], [3, 12, 5, 3, 12, 5, 3, 10, 6, 3, 10, 12, 5, 3, 12, 7, 5, 7, 9, 12], [9, 6, 5, 11, 6, 5, 9, 12, 11, 10, 10, 4, 3, 12, 3, 12, 3, 10, 6, 5], [1, 10, 6, 9, 12, 3, 6, 3, 10, 10, 12, 3, 12, 3, 12, 5, 9, 10, 12, 5], [5, 11, 10, 4, 3, 10, 10, 10, 10, 12, 5, 11, 2, 10, 6, 3, 6, 13, 5, 5], [3, 10, 12, 5, 9, 10, 10, 12, 9, 6, 3, 8, 10, 10, 10, 12, 9, 6, 3, 4], [9, 12, 5, 5, 1, 12, 13, 5, 3, 10, 12, 3, 10, 10, 12, 5, 5, 9, 12, 5], [5, 5, 5, 5, 5, 5, 3, 4, 9, 12, 3, 10, 12, 11, 6, 5, 3, 6, 3, 6], [5, 7, 5, 5, 7, 3, 12, 7, 5, 3, 10, 12, 3, 10, 12, 5, 9, 12, 9, 12], [1, 10, 6, 3, 10, 12, 1, 10, 6, 9, 12, 3, 10, 12, 5, 3, 6, 3, 6, 5], [3, 12, 9, 10, 10, 6, 3, 10, 10, 6, 7, 9, 10, 4, 5, 9, 10, 10, 10, 4], [9, 6, 3, 12, 9, 10, 10, 12, 9, 10, 10, 6, 9, 6, 3, 6, 13, 9, 10, 6], [5, 11, 8, 6, 5, 9, 12, 5, 5, 13, 9, 10, 6, 9, 10, 12, 5, 5, 9, 12], [3, 12, 3, 10, 4, 5, 3, 6, 5, 1, 6, 11, 10, 0, 12, 5, 5, 5, 5, 5], [9, 6, 9, 12, 7, 5, 9, 10, 6, 3, 12, 9, 12, 7, 5, 3, 6, 5, 5, 5], [3, 12, 5, 5, 9, 6, 5, 11, 10, 10, 2, 6, 3, 10, 6, 9, 10, 6, 7, 5], [13, 3, 6, 5, 5, 9, 4, 9, 10, 10, 10, 12, 9, 10, 12, 3, 12, 9, 10, 4], [3, 10, 10, 2, 6, 7, 3, 2, 10, 10, 14, 3, 2, 14, 3, 10, 2, 6, 11, 6]]","[[0, 0], [0, 1], [1, 1], [1, 2], [2, 2], [3, 2], [4, 2], [5, 2], [5, 1], [5, 0], [6, 0], [7, 0], [7, 1], [7, 2], [8, 2], [9, 2], [10, 2], [11, 2], [11, 1], [11, 0], [12, 0], [12, 1], [13, 1], [13, 0], [14, 0], [15, 0], [15, 1], [16, 1], [16, 0], [17, 0], [17, 1], [18, 1], [18, 2], [17, 2], [16, 2], [16, 3], [17, 3], [18, 3], [19, 3], [19, 4], [18, 4], [17, 4], [17, 5], [16, 5], [15, 5], [14, 5], [14, 6], [15, 6], [15, 7], [14, 7], [13, 7], [13, 6], [13, 5], [13, 4], [14, 4], [15, 4], [15, 3], [15, 2], [14, 2], [14, 3], [13, 3], [13, 2], [12, 2], [12, 3], [12, 4], [12, 5], [11, 5], [11, 4], [11, 3], [10, 3], [9, 3], [8, 3], [7, 3], [6, 3], [5, 3], [5, 4], [6, 4], [6, 5], [6, 6], [6, 7], [6, 8], [6, 9], [7, 9], [7, 8], [8, 8], [8, 9], [8, 10], [9, 10], [9, 11], [9, 12], [10, 12], [10, 13], [10, 14], [11, 14], [12, 14], [13, 14], [13, 15], [12, 15], [12, 16], [12, 17], [12, 18], [12, 19], [13, 19], [13, 18], [13, 17], [14, 17], [15, 17], [16, 17], [17, 17], [17, 16], [17, 15], [18, 15], [18, 16], [19, 16], [19, 17], [18, 17], [18, 18], [18, 19], [19, 19]]",119,165,0,165,0.00034509995020926,True
recursive_backtracking,bfs,20,20,1970753705,"[0, 0]","[19, 19]","[[11, 10, 12, 9, 8, 12, 9, 10, 10, 12, 13, 9, 10, 10, 8, 12, 11, 8, 10, 12], [9, 14, 5, 5, 5, 5, 1, 12, 11, 2, 6, 5, 9, 10, 6, 3, 10, 6, 13, 5], [3, 12, 5, 7, 5, 5, 7, 5, 9, 10, 12, 5, 5, 9, 10, 8, 14, 9, 4, 5], [9, 6, 5, 9, 6, 3, 12, 3, 2, 12, 3, 6, 5, 3, 12, 5, 9, 6, 3, 6], [3, 12, 5, 5, 11, 8, 6, 9, 12, 3, 14, 9, 6, 9, 6, 7, 5, 9, 12, 13], [9, 6, 5, 1, 12, 3, 12, 5, 5, 9, 10, 6, 11, 4, 9, 12, 5, 5, 3, 4], [3, 12, 5, 7, 5, 9, 6, 5, 3, 6, 9, 10, 10, 4, 5, 3, 6, 3, 12, 5], [9, 6, 3, 10, 6, 5, 11, 2, 12, 13, 1, 12, 11, 4, 5, 11, 8, 12, 5, 5], [1, 10, 12, 9, 10, 6, 9, 10, 6, 1, 6, 3, 12, 7, 3, 10, 6, 3, 6, 5], [1, 14, 5, 5, 9, 12, 5, 11, 10, 6, 9, 12, 3, 8, 10, 10, 10, 8, 14, 5], [5, 9, 6, 3, 6, 3, 6, 9, 10, 10, 6, 3, 12, 5, 9, 10, 12, 5, 9, 6], [5, 5, 9, 8, 10, 14, 9, 2, 12, 11, 8, 10, 6, 5, 3, 12, 5, 5, 5, 13], [7, 5, 5, 3, 10, 10, 6, 13, 3, 12, 3, 8, 10, 2, 14, 5, 5, 7, 5, 5], [9, 6, 5, 11, 10, 8, 10, 2, 14, 5, 9, 6, 9, 10, 10, 6, 3, 12, 3, 4], [3, 12, 3, 10, 12, 1, 10, 10, 12, 5, 3, 12, 5, 9, 8, 12, 9, 2, 12, 5], [9, 2, 12, 9, 6, 3, 10, 12, 5, 3, 12, 7, 5, 7, 5, 7, 3, 12, 5, 5], [5, 9, 6, 3, 12, 9, 12, 5, 3, 12, 3, 12, 3, 10, 4, 9, 10, 6, 7, 5], [5, 3, 10, 14, 3, 6, 5, 5, 13, 3, 12, 3, 8, 14, 5, 5, 9, 10, 10, 6], [1, 12, 9, 12, 9, 10, 6, 3, 6, 9, 2, 12, 5, 9, 6, 5, 5, 9, 12, 13], [7, 3, 6, 3, 2, 10, 10, 10, 10, 6, 11, 6, 3, 2, 14, 3, 2, 6, 3, 6]]","[[0, 0], [0, 1], [0, 2], [1, 2], [2, 2], [3, 2], [4, 2], [5, 2], [6, 2], [7, 2], [7, 3], [7, 4], [6, 4], [5, 4], [5, 3], [4, 3], [3, 3], [3, 4], [2, 4], [1, 4], [0, 4], [0, 5], [1, 5], [2, 5], [3, 5], [3, 6], [4, 6], [4, 5], [5, 5], [5, 6], [6, 6], [6, 5], [7, 5], [8, 5], [8, 4], [8, 3], [9, 3], [10, 3], [10, 4], [9, 4], [9, 5], [10, 5], [10, 6], [9, 6], [8, 6], [8, 7], [8, 8], [7, 8], [7, 7], [6, 7], [5, 7], [4, 7], [4, 8], [5, 8], [6, 8], [6, 9], [5, 9], [5, 10], [5, 11], [4, 11], [4, 12], [3, 12], [2, 12], [1, 12], [1, 13], [1, 14], [0, 14], [0, 15], [1, 15], [1, 16], [1, 17], [0, 17], [0, 18], [0, 19], [1, 19], [2, 19], [3, 19], [3, 18], [2, 18], [2, 17], [3, 17], [3, 16], [4, 16], [5, 16], [6, 16], [6, 15], [5, 15], [5, 14], [6, 14], [7, 14], [8, 14], [8, 15], [8, 16], [7, 16], [7, 17], [8, 17], [8, 18], [7, 18], [6, 18], [6, 17], [5, 17], [4, 17], [4, 18], [5, 18], [5, 19], [6, 19], [7, 19], [8, 19], [9, 19], [10, 19], [10, 18], [11, 18], [12, 18], [13, 18], [13, 19], [14, 19], [15, 19], [16, 19], [17, 19], [17, 18], [17, 17], [17, 16], [18, 16], [19, 16], [19, 17], [18, 17], [18, 18], [19, 18], [19, 19]]",129,172,0,172,0.0003611000720411539,True
recursive_backtracking,bfs,20,20,1137651678,"[0, 0]","[19, 19]","[[13, 9, 10, 10, 10, 10, 12, 11, 8, 10, 10, 12, 9, 12, 9, 10, 10, 8, 10, 14], [5, 3, 10, 10, 12, 13, 3, 10, 6, 9, 14, 3, 6, 5, 5, 11, 12, 3, 10, 12], [3, 10, 10, 10, 6, 3, 10, 10, 8, 6, 9, 10, 12, 5, 3, 12, 1, 14, 9, 4], [9, 12, 9, 12, 9, 12, 9, 10, 4, 9, 6, 9, 6, 3, 12, 5, 5, 9, 6, 5], [5, 3, 6, 3, 6, 3, 4, 11, 6, 5, 13, 3, 12, 9, 6, 5, 5, 5, 13, 5], [1, 12, 13, 9, 10, 12, 5, 9, 10, 6, 3, 12, 3, 6, 9, 2, 6, 5, 1, 6], [5, 5, 1, 6, 9, 6, 5, 3, 10, 10, 10, 2, 12, 11, 6, 9, 12, 5, 5, 13], [7, 5, 5, 13, 3, 10, 6, 9, 8, 14, 9, 12, 3, 12, 9, 6, 5, 5, 3, 4], [9, 6, 3, 2, 10, 12, 9, 6, 5, 9, 6, 3, 12, 3, 6, 9, 6, 5, 13, 5], [5, 9, 10, 12, 9, 2, 6, 11, 6, 5, 9, 12, 3, 8, 12, 5, 9, 6, 1, 6], [1, 6, 13, 5, 7, 9, 10, 12, 9, 2, 6, 7, 9, 6, 7, 3, 6, 13, 3, 12], [3, 10, 4, 3, 12, 5, 9, 4, 3, 12, 9, 10, 6, 9, 10, 10, 12, 1, 12, 5], [9, 10, 6, 13, 5, 5, 5, 7, 9, 6, 3, 10, 12, 3, 12, 13, 5, 5, 3, 6], [3, 10, 10, 4, 5, 5, 3, 10, 6, 9, 10, 12, 3, 10, 6, 5, 3, 6, 11, 12], [9, 10, 12, 5, 3, 6, 9, 12, 9, 6, 9, 6, 11, 10, 8, 2, 10, 12, 9, 4], [3, 12, 5, 5, 11, 8, 6, 5, 1, 12, 5, 9, 8, 10, 6, 11, 12, 5, 5, 5], [13, 5, 5, 3, 10, 6, 13, 5, 7, 5, 5, 5, 5, 11, 10, 8, 6, 5, 5, 5], [5, 5, 1, 10, 14, 9, 4, 5, 9, 6, 5, 7, 3, 10, 12, 1, 12, 3, 6, 5], [1, 6, 5, 9, 10, 6, 5, 5, 5, 9, 6, 9, 10, 12, 5, 5, 3, 10, 10, 6], [3, 14, 3, 2, 10, 14, 3, 2, 6, 3, 10, 6, 11, 2, 6, 3, 10, 10, 10, 14]]","[[0, 0], [1, 0], [2, 0], [2, 1], [2, 2], [2, 3], [2, 4], [1, 4], [1, 3], [1, 2], [1, 1], [0, 1], [0, 2], [0, 3], [0, 4], [0, 5], [0, 6], [1, 6], [1, 7], [1, 8], [0, 8], [0, 9], [0, 10], [0, 11], [1, 11], [1, 12], [0, 12], [0, 13], [1, 13], [2, 13], [3, 13], [3, 14], [4, 14], [4, 13], [5, 13], [5, 12], [4, 12], [4, 11], [3, 11], [3, 12], [2, 12], [2, 11], [2, 10], [3, 10], [3, 9], [4, 9], [5, 9], [5, 8], [5, 7], [6, 7], [6, 8], [6, 9], [6, 10], [6, 11], [6, 12], [7, 12], [7, 13], [8, 13], [8, 14], [7, 14], [7, 15], [6, 15], [6, 16], [7, 16], [8, 16], [8, 15], [9, 15], [10, 15], [10, 16], [9, 16], [9, 17], [8, 17], [7, 17], [6, 17], [5, 17], [4, 17], [3, 17], [3, 18], [2, 18], [2, 19], [3, 19], [4, 19], [5, 19], [5, 18], [6, 18], [7, 18], [7, 19], [8, 19], [9, 19], [9, 18], [10, 18], [10, 19], [11, 19], [12, 19], [12, 18], [11, 18], [11, 17], [12, 17], [13, 17], [13, 16], [12, 16], [11, 16], [11, 15], [11, 14], [11, 13], [12, 13], [12, 14], [13, 14], [13, 13], [13, 12], [12, 12], [12, 11], [12, 10], [11, 10], [11, 11], [11, 12], [10, 12], [10, 13], [9, 13], [9, 12], [8, 12], [8, 11], [7, 11], [7, 10], [8, 10], [8, 9], [9, 9], [10, 9], [10, 8], [11, 8], [11, 9], [12, 9], [12, 8], [13, 8], [13, 7], [13, 6], [12, 6], [11, 6], [11, 7], [10, 7], [10, 6], [10, 5], [11, 5], [12, 5], [13, 5], [14, 5], [14, 4], [13, 4], [12, 4], [11, 4], [11, 3], [10, 3], [9, 3], [9, 2], [9, 1], [10, 1], [10, 0], [11, 0], [11, 1], [11, 2], [12, 2], [12, 1], [12, 0], [13, 0], [13, 1], [13, 2], [13, 3], [14, 3], [15, 3], [16, 3], [16, 4], [16, 5], [15, 5], [15, 6], [14, 6], [14, 7], [15, 7], [16, 7], [17, 7], [18, 7], [19, 7], [19, 8], [18, 8], [17, 8], [17, 9], [16, 9], [15, 9], [15, 8], [14, 8], [14, 9], [13, 9], [13, 10], [13, 11], [14, 11], [14, 10], [15, 10], [16, 10], [17, 10], [18, 10], [18, 9], [19, 9], [19, 10], [19, 11], [18, 11], [18, 12], [18, 13], [19, 13], [19, 14], [18, 14], [17, 14], [17, 13], [17, 12], [16, 12], [15, 12], [15, 13], [15, 14], [14, 14], [14, 15], [14, 16], [14, 17], [15, 17], [16, 17], [17, 17], [17, 18], [16, 18], [15, 18], [14, 18], [14, 19], [15, 19], [16, 19], [17, 19], [18, 19], [18, 18], [18, 17], [18, 16], [17, 16], [17, 15], [18, 15], [19, 15], [19, 16], [19, 17], [19, 18], [19, 19]]",243,399,0,399,0.0009014999959617853,True
recursive_backtracking,bfs,20,20,2510777721,"[0, 0]","[19, 19]","[[11, 12, 9, 10, 8, 8, 10, 14, 9, 10, 10, 8, 10, 10, 10, 10, 12, 9, 8, 14], [9, 6, 7, 9, 6, 5, 9, 10, 6, 9, 12, 5, 9, 10, 10, 14, 5, 5, 3, 12], [5, 9, 10, 6, 9, 6, 5, 11, 10, 4, 5, 5, 1, 10, 10, 10, 6, 3, 14, 5], [5, 5, 9, 10, 2, 14, 3, 10, 12, 5, 5, 5, 5, 9, 12, 9, 8, 10, 12, 5], [5, 5, 3, 10, 14, 9, 12, 9, 6, 5, 5, 5, 5, 5, 5, 7, 5, 13, 3, 4], [5, 5, 9, 10, 10, 6, 3, 2, 10, 6, 7, 5, 3, 6, 5, 9, 6, 1, 10, 6], [5, 3, 2, 14, 9, 10, 10, 10, 10, 10, 10, 6, 9, 10, 6, 3, 12, 3, 10, 12], [5, 9, 10, 10, 6, 9, 10, 8, 10, 10, 10, 14, 3, 10, 10, 10, 6, 13, 9, 6], [5, 1, 12, 13, 9, 2, 12, 7, 9, 10, 10, 10, 8, 10, 14, 9, 10, 4, 5, 13], [5, 5, 5, 1, 6, 13, 3, 12, 3, 10, 12, 13, 3, 10, 10, 6, 13, 5, 3, 4], [5, 7, 5, 5, 13, 1, 12, 5, 9, 12, 3, 4, 9, 10, 10, 12, 5, 3, 12, 5], [3, 10, 6, 5, 3, 6, 5, 5, 5, 3, 10, 6, 1, 10, 12, 5, 1, 12, 5, 5], [11, 8, 12, 5, 9, 10, 6, 5, 5, 9, 12, 9, 6, 9, 6, 3, 6, 5, 3, 6], [9, 6, 5, 5, 5, 9, 12, 5, 3, 6, 5, 3, 14, 1, 12, 9, 14, 5, 11, 12], [3, 12, 7, 5, 1, 6, 5, 3, 12, 9, 6, 9, 12, 7, 5, 3, 10, 4, 9, 4], [9, 4, 9, 6, 7, 9, 2, 12, 5, 5, 11, 4, 3, 12, 1, 10, 12, 3, 6, 5], [5, 5, 5, 9, 12, 3, 12, 5, 3, 6, 9, 6, 9, 6, 3, 14, 3, 12, 9, 6], [5, 7, 3, 6, 5, 9, 6, 3, 10, 10, 6, 9, 6, 11, 8, 12, 9, 6, 5, 13], [1, 10, 12, 9, 6, 3, 10, 10, 10, 12, 9, 6, 11, 8, 6, 3, 6, 13, 3, 4], [3, 14, 3, 2, 10, 10, 10, 10, 10, 6, 3, 10, 10, 6, 11, 10, 10, 2, 10, 6]]","[[0, 0], [0, 1], [1, 1], [1, 0], [2, 0], [3, 0], [4, 0], [5, 0], [6, 0], [7, 0], [8, 0], [9, 0], [10, 0], [11, 0], [11, 1], [11, 2], [10, 2], [9, 2], [8, 2], [8, 1], [7, 1], [7, 2], [7, 3], [7, 4], [6, 4], [6, 5], [6, 6], [6, 7], [6, 8], [6, 9], [6, 10], [6, 11], [5, 11], [4, 11], [3, 11], [2, 11], [1, 11], [0, 11], [0, 12], [0, 13], [0, 14], [0, 15], [0, 16], [1, 16], [2, 16], [2, 15], [2, 14], [2, 13], [2, 12], [3, 12], [4, 12], [5, 12], [5, 13], [4, 13], [3, 13], [3, 14], [4, 14], [5, 14], [6, 14], [6, 13], [6, 12], [7, 12], [7, 13], [7, 14], [7, 15], [7, 16], [6, 16], [6, 15], [5, 15], [5, 16], [4, 16], [3, 16], [3, 17], [3, 18], [4, 18], [4, 19], [5, 19], [5, 18], [5, 17], [6, 17], [6, 18], [6, 19], [7, 19], [7, 18], [8, 18], [9, 18], [9, 19], [10, 19], [11, 19], [12, 19], [12, 18], [11, 18], [10, 18], [10, 17], [9, 17], [8, 17], [8, 16], [8, 15], [9, 15], [9, 14], [9, 13], [9, 12], [8, 12], [8, 11], [8, 10], [8, 9], [8, 8], [9, 8], [9, 9], [9, 10], [10, 10], [10, 11], [11, 11], [11, 10], [11, 9], [10, 9], [10, 8], [11, 8], [12, 8], [13, 8], [13, 9], [12, 9], [12, 10], [13, 10], [14, 10], [14, 9], [15, 9], [16, 9], [16, 8], [15, 8], [14, 8], [14, 7], [13, 7], [12, 7], [11, 7], [10, 7], [9, 7], [9, 6], [8, 6], [8, 5], [8, 4], [9, 4], [9, 3], [10, 3], [11, 3], [12, 3], [13, 3], [14, 3], [15, 3], [15, 2], [16, 2], [17, 2], [17, 3], [16, 3], [16, 4], [17, 4], [18, 4], [18, 3], [19, 3], [19, 4], [19, 5], [19, 6], [19, 7], [19, 8], [19, 9], [18, 9], [18, 8], [18, 7], [18, 6], [18, 5], [17, 5], [17, 6], [16, 6], [16, 5], [15, 5], [15, 6], [15, 7], [16, 7], [17, 7], [17, 8], [17, 9], [17, 10], [16, 10], [16, 11], [15, 11], [14, 11], [14, 12], [15, 12], [15, 13], [16, 13], [16, 12], [17, 12], [17, 11], [18, 11], [18, 10], [19, 10], [19, 11], [19, 12], [19, 13], [18, 13], [18, 14], [17, 14], [17, 15], [18, 15], [18, 16], [17, 16], [17, 17], [16, 17], [16, 16], [15, 16], [15, 15], [15, 14], [14, 14], [13, 14], [13, 13], [12, 13], [12, 14], [11, 14], [11, 13], [11, 12], [10, 12], [10, 13], [10, 14], [10, 15], [11, 15], [12, 15], [12, 16], [11, 16], [11, 17], [12, 17], [13, 17], [14, 17], [15, 17], [15, 18], [14, 18], [14, 19], [15, 19], [16, 19], [16, 18], [17, 18], [18, 18], [18, 19], [19, 19]]",243,393,0,393,0.0008101999992504716,True
recursive_backtracking,bfs,20,20,1715412119,"[0, 0]","[19, 19]","[[11, 12, 9, 10, 10, 12, 9, 10, 10, 10, 8, 12, 9, 10, 14, 9, 8, 10, 12, 13], [13, 3, 6, 9, 12, 5, 5, 13, 9, 10, 6, 3, 4, 9, 12, 5, 3, 12, 3, 4], [1, 12, 9, 6, 3, 6, 3, 6, 5, 11, 10, 10, 6, 5, 3, 6, 9, 6, 11, 6], [7, 5, 3, 12, 11, 8, 10, 12, 3, 12, 9, 10, 10, 6, 9, 12, 3, 12, 9, 12], [9, 2, 12, 5, 9, 6, 13, 5, 9, 6, 3, 12, 9, 12, 7, 1, 14, 3, 6, 5], [5, 11, 6, 3, 6, 13, 1, 6, 5, 9, 12, 3, 6, 3, 12, 3, 8, 10, 14, 5], [1, 10, 10, 10, 12, 1, 6, 11, 0, 6, 3, 10, 8, 12, 3, 12, 3, 12, 9, 6], [5, 9, 10, 10, 4, 3, 10, 12, 3, 10, 12, 9, 6, 5, 13, 3, 12, 5, 3, 12], [7, 3, 12, 11, 2, 10, 12, 5, 9, 10, 6, 3, 12, 3, 2, 14, 5, 3, 12, 5], [9, 12, 5, 9, 12, 11, 4, 5, 3, 12, 9, 12, 3, 10, 10, 12, 3, 10, 4, 5], [5, 3, 6, 5, 3, 12, 5, 5, 11, 4, 5, 3, 8, 10, 12, 3, 10, 10, 6, 5], [1, 10, 10, 6, 13, 5, 5, 3, 12, 5, 7, 9, 6, 11, 6, 9, 10, 10, 10, 4], [5, 9, 10, 10, 4, 5, 3, 12, 5, 3, 12, 5, 9, 10, 12, 3, 10, 12, 9, 6], [5, 7, 9, 10, 6, 5, 9, 6, 5, 11, 4, 3, 6, 9, 4, 9, 14, 5, 5, 13], [3, 10, 4, 9, 10, 6, 3, 14, 3, 12, 3, 10, 12, 5, 3, 4, 9, 6, 5, 5], [9, 14, 5, 5, 9, 12, 9, 10, 10, 6, 9, 12, 5, 5, 9, 6, 3, 12, 3, 4], [5, 9, 6, 3, 6, 3, 6, 9, 10, 10, 6, 3, 2, 6, 5, 9, 12, 3, 12, 5], [5, 5, 9, 10, 8, 10, 12, 3, 10, 14, 9, 10, 10, 12, 7, 5, 3, 10, 6, 5], [5, 5, 3, 14, 5, 13, 3, 12, 9, 12, 3, 10, 12, 3, 10, 6, 9, 8, 14, 5], [3, 2, 10, 10, 6, 3, 10, 2, 6, 3, 10, 10, 6, 11, 10, 10, 6, 3, 10, 6]]","[[0, 0], [0, 1], [1, 1], [1, 2], [0, 2], [0, 3], [0, 4], [0, 5], [1, 5], [2, 5], [2, 4], [1, 4], [1, 3], [2, 3], [2, 2], [3, 2], [3, 3], [4, 3], [5, 3], [5, 4], [4, 4], [4, 5], [3, 5], [3, 6], [3, 7], [4, 7], [5, 7], [5, 6], [6, 6], [6, 5], [7, 5], [7, 6], [7, 7], [8, 7], [9, 7], [10, 7], [11, 7], [11, 8], [12, 8], [13, 8], [14, 8], [14, 9], [15, 9], [15, 8], [15, 7], [15, 6], [16, 6], [16, 5], [15, 5], [15, 4], [16, 4], [16, 3], [15, 3], [14, 3], [14, 4], [14, 5], [13, 5], [12, 5], [11, 5], [10, 5], [10, 4], [9, 4], [9, 3], [10, 3], [11, 3], [11, 2], [11, 1], [11, 0], [12, 0], [13, 0], [14, 0], [14, 1], [14, 2], [15, 2], [16, 2], [16, 1], [17, 1], [18, 1], [19, 1], [19, 2], [19, 3], [19, 4], [18, 4], [17, 4], [17, 5], [17, 6], [18, 6], [18, 7], [19, 7], [19, 8], [18, 8], [18, 9], [19, 9], [19, 10], [19, 11], [19, 12], [18, 12], [18, 11], [18, 10], [17, 10], [17, 11], [17, 12], [17, 13], [18, 13], [18, 14], [18, 15], [17, 15], [16, 15], [16, 16], [17, 16], [17, 17], [17, 18], [16, 18], [16, 17], [15, 17], [15, 16], [14, 16], [14, 17], [13, 17], [12, 17], [12, 16], [12, 15], [11, 15], [11, 16], [11, 17], [11, 18], [11, 19], [12, 19], [12, 18], [13, 18], [14, 18], [15, 18], [15, 19], [16, 19], [17, 19], [18, 19], [19, 19]]",137,218,0,218,0.00044510001316666603,True
recursive_backtracking,bfs,20,20,4284391408,"[0, 0]","[19, 19]","[[13, 9, 10, 8, 10, 10, 10, 12, 9, 12, 11, 10, 12, 9, 10, 10, 10, 10, 10, 12], [5, 7, 9, 6, 9, 10, 10, 6, 5, 3, 10, 12, 5, 3, 12, 9, 14, 9, 12, 5], [5, 9, 6, 9, 6, 9, 10, 12, 1, 12, 11, 2, 2, 14, 3, 4, 9, 6, 5, 5], [5, 5, 13, 3, 12, 3, 14, 5, 5, 3, 10, 10, 10, 12, 9, 6, 5, 13, 5, 5], [5, 5, 3, 12, 3, 10, 12, 1, 6, 9, 10, 10, 12, 3, 6, 9, 6, 5, 5, 5], [5, 5, 9, 4, 9, 12, 5, 3, 14, 3, 12, 9, 6, 9, 12, 1, 12, 1, 6, 5], [3, 6, 5, 7, 5, 3, 6, 9, 10, 10, 6, 3, 10, 6, 5, 7, 5, 3, 10, 4], [9, 12, 1, 12, 3, 10, 12, 3, 12, 9, 10, 12, 9, 10, 6, 9, 6, 9, 12, 5], [5, 3, 6, 3, 10, 12, 5, 9, 6, 3, 12, 5, 3, 10, 12, 5, 9, 6, 5, 7], [5, 9, 10, 10, 12, 3, 6, 5, 11, 10, 6, 3, 8, 12, 5, 3, 2, 14, 1, 12], [5, 3, 10, 12, 1, 10, 12, 3, 12, 9, 12, 9, 6, 7, 5, 9, 10, 12, 7, 5], [3, 10, 12, 7, 5, 11, 2, 12, 3, 6, 5, 1, 10, 10, 6, 5, 11, 2, 10, 4], [9, 12, 5, 9, 6, 9, 12, 3, 10, 12, 5, 3, 12, 11, 12, 1, 10, 12, 9, 6], [5, 5, 5, 1, 10, 6, 5, 9, 12, 3, 6, 13, 5, 9, 6, 5, 9, 6, 3, 12], [7, 5, 5, 3, 14, 9, 6, 7, 3, 8, 14, 1, 6, 3, 10, 6, 3, 10, 12, 5], [9, 4, 3, 12, 9, 6, 9, 8, 10, 4, 9, 6, 9, 12, 9, 12, 9, 12, 5, 7], [5, 3, 12, 5, 5, 9, 6, 3, 12, 5, 5, 11, 4, 3, 6, 3, 6, 5, 3, 12], [5, 9, 6, 3, 6, 5, 11, 12, 5, 7, 3, 12, 1, 12, 9, 12, 11, 2, 10, 4], [5, 3, 14, 9, 12, 5, 9, 4, 3, 10, 12, 5, 7, 3, 6, 3, 12, 9, 12, 5], [3, 10, 10, 6, 3, 2, 6, 3, 10, 14, 3, 2, 10, 10, 10, 10, 6, 7, 3, 6]]","[[0, 0], [1, 0], [2, 0], [3, 0], [4, 0], [5, 0], [6, 0], [6, 1], [5, 1], [4, 1], [3, 1], [2, 1], [2, 2], [1, 2], [1, 3], [0, 3], [0, 4], [0, 5], [0, 6], [0, 7], [1, 7], [1, 6], [1, 5], [1, 4], [2, 4], [2, 3], [3, 3], [3, 4], [4, 4], [4, 5], [4, 6], [5, 6], [6, 6], [6, 5], [5, 5], [5, 4], [6, 4], [7, 4], [7, 5], [7, 6], [8, 6], [9, 6], [9, 5], [8, 5], [8, 4], [8, 3], [7, 3], [7, 2], [8, 2], [8, 1], [7, 1], [7, 0], [8, 0], [9, 0], [10, 0], [11, 0], [11, 1], [11, 2], [12, 2], [13, 2], [14, 2], [15, 2], [15, 3], [16, 3], [17, 3], [17, 4], [16, 4], [15, 4], [15, 5], [14, 5], [14, 6], [13, 6], [12, 6], [12, 5], [13, 5], [13, 4], [13, 3], [12, 3], [12, 4], [11, 4], [10, 4], [10, 5], [10, 6], [11, 6], [11, 7], [12, 7], [12, 8], [12, 9], [13, 9], [13, 10], [12, 10], [11, 10], [10, 10], [10, 9], [11, 9], [11, 8], [10, 8], [10, 7], [9, 7], [8, 7], [8, 8], [7, 8], [7, 7], [6, 7], [6, 8], [6, 9], [6, 10], [5, 10], [5, 9], [4, 9], [4, 10], [4, 11], [4, 12], [5, 12], [5, 11], [6, 11], [6, 12], [6, 13], [5, 13], [5, 14], [6, 14], [7, 14], [7, 13], [7, 12], [8, 12], [8, 13], [8, 14], [9, 14], [10, 14], [11, 14], [11, 13], [11, 12], [11, 11], [12, 11], [12, 12], [13, 12], [14, 12], [14, 11], [15, 11], [15, 10], [16, 10], [17, 10], [17, 11], [18, 11], [19, 11], [19, 12], [19, 13], [19, 14], [19, 15], [19, 16], [18, 16], [18, 15], [17, 15], [17, 14], [18, 14], [18, 13], [17, 13], [17, 12], [16, 12], [15, 12], [15, 13], [16, 13], [16, 14], [15, 14], [15, 15], [16, 15], [16, 16], [15, 16], [15, 17], [16, 17], [17, 17], [17, 18], [17, 19], [18, 19], [19, 19]]",175,269,0,269,0.0005555000388994813,True
recursive_backtracking,bfs,20,20,2188398760,"[0, 0]","[19, 19]","[[13, 11, 10, 12, 9, 10, 10, 10, 12, 9, 10, 10, 8, 14, 9, 12, 9, 10, 10, 12], [3, 10, 12, 5, 1, 10, 10, 14, 3, 2, 10, 14, 5, 9, 6, 3, 6, 9, 12, 5], [9, 10, 6, 5, 5, 9, 10, 12, 9, 12, 9, 12, 3, 6, 9, 10, 10, 6, 3, 4], [3, 12, 9, 4, 5, 5, 11, 2, 6, 3, 6, 5, 9, 10, 6, 11, 8, 10, 14, 5], [9, 6, 7, 5, 5, 3, 12, 13, 9, 8, 14, 3, 6, 11, 8, 10, 4, 9, 10, 6], [3, 10, 12, 5, 3, 12, 5, 1, 6, 3, 8, 10, 12, 9, 4, 11, 6, 5, 9, 12], [9, 14, 5, 3, 10, 4, 5, 3, 10, 12, 3, 12, 3, 6, 5, 9, 12, 5, 5, 5], [1, 10, 6, 9, 12, 7, 5, 9, 14, 3, 12, 3, 10, 12, 7, 5, 3, 6, 7, 5], [3, 10, 10, 6, 3, 12, 5, 1, 10, 12, 5, 9, 14, 3, 12, 3, 10, 10, 10, 4], [9, 10, 12, 9, 10, 6, 5, 3, 12, 3, 6, 5, 9, 10, 4, 11, 8, 10, 12, 5], [3, 12, 7, 5, 11, 10, 0, 12, 5, 9, 12, 5, 5, 13, 3, 12, 5, 11, 6, 5], [9, 6, 9, 6, 9, 12, 7, 5, 5, 5, 5, 5, 5, 3, 12, 5, 3, 10, 12, 5], [5, 9, 6, 9, 6, 3, 10, 6, 3, 6, 3, 4, 3, 12, 1, 2, 10, 12, 5, 5], [5, 3, 10, 6, 13, 9, 8, 10, 10, 10, 14, 5, 9, 6, 5, 9, 12, 5, 5, 5], [3, 12, 9, 10, 2, 6, 3, 12, 9, 10, 12, 5, 5, 11, 6, 5, 5, 1, 6, 5], [9, 6, 3, 12, 9, 10, 14, 5, 3, 12, 3, 6, 3, 10, 12, 5, 5, 7, 9, 6], [1, 12, 9, 6, 3, 12, 9, 6, 9, 6, 11, 10, 8, 12, 3, 6, 5, 9, 6, 13], [5, 5, 3, 10, 10, 4, 3, 10, 6, 9, 10, 10, 6, 5, 13, 9, 6, 3, 12, 5], [5, 3, 8, 10, 14, 5, 9, 10, 12, 5, 9, 10, 10, 6, 5, 5, 9, 12, 3, 4], [3, 14, 3, 10, 10, 2, 6, 11, 2, 6, 3, 10, 10, 10, 6, 3, 6, 3, 10, 6]]","[[0, 0], [1, 0], [1, 1], [1, 2], [2, 2], [2, 1], [2, 0], [3, 0], [3, 1], [4, 1], [4, 0], [5, 0], [5, 1], [5, 2], [6, 2], [7, 2], [7, 1], [7, 0], [8, 0], [8, 1], [8, 2], [8, 3], [7, 3], [7, 4], [8, 4], [8, 5], [9, 5], [9, 4], [9, 3], [10, 3], [11, 3], [11, 2], [12, 2], [12, 1], [13, 1], [13, 2], [13, 3], [12, 3], [12, 4], [11, 4], [11, 5], [12, 5], [12, 6], [12, 7], [11, 7], [10, 7], [10, 6], [9, 6], [8, 6], [7, 6], [6, 6], [5, 6], [4, 6], [4, 5], [3, 5], [2, 5], [2, 6], [2, 7], [3, 7], [3, 8], [2, 8], [2, 9], [3, 9], [3, 10], [2, 10], [2, 11], [3, 11], [4, 11], [4, 12], [3, 12], [3, 13], [3, 14], [2, 14], [2, 15], [2, 16], [2, 17], [1, 17], [1, 18], [2, 18], [2, 19], [3, 19], [4, 19], [4, 18], [4, 17], [5, 17], [6, 17], [7, 17], [7, 16], [6, 16], [6, 15], [7, 15], [8, 15], [8, 16], [8, 17], [8, 18], [8, 19], [9, 19], [10, 19], [11, 19], [12, 19], [13, 19], [14, 19], [15, 19], [15, 18], [16, 18], [16, 17], [17, 17], [17, 18], [18, 18], [18, 19], [19, 19]]",111,162,0,162,0.00034179992508143187,True
recursive_backtracking,bfs,20,20,470939445,"[0, 0]","[19, 19]","[[13, 9, 10, 10, 12, 9, 10, 14, 9, 10, 12, 9, 8, 12, 11, 8, 10, 12, 9, 14], [3, 6, 9, 10, 6, 5, 9, 10, 2, 14, 1, 6, 5, 3, 12, 3, 12, 5, 3, 12], [9, 12, 5, 9, 10, 4, 1, 14, 9, 12, 7, 9, 6, 13, 3, 10, 6, 3, 12, 5], [5, 5, 5, 3, 12, 3, 6, 9, 6, 3, 12, 5, 9, 4, 9, 10, 10, 12, 3, 4], [5, 5, 5, 11, 4, 9, 14, 3, 12, 13, 3, 6, 5, 5, 5, 9, 10, 0, 14, 5], [5, 7, 3, 12, 3, 6, 9, 10, 6, 1, 10, 10, 6, 5, 5, 3, 12, 7, 9, 6], [5, 9, 10, 6, 9, 10, 6, 11, 12, 1, 10, 12, 13, 5, 3, 12, 3, 12, 5, 13], [5, 3, 10, 10, 6, 9, 10, 10, 4, 5, 13, 5, 3, 2, 14, 5, 13, 3, 6, 5], [1, 8, 12, 11, 8, 6, 9, 10, 6, 3, 4, 5, 9, 10, 12, 5, 3, 8, 10, 4], [5, 5, 5, 9, 6, 13, 5, 11, 10, 12, 5, 3, 6, 9, 6, 3, 12, 7, 9, 4], [7, 5, 3, 6, 9, 4, 3, 10, 10, 4, 3, 12, 9, 6, 9, 12, 3, 12, 5, 7], [9, 6, 9, 12, 5, 5, 9, 12, 9, 2, 14, 5, 5, 9, 6, 5, 9, 6, 1, 12], [3, 10, 6, 5, 5, 5, 5, 3, 6, 9, 10, 6, 3, 6, 13, 3, 6, 13, 5, 5], [9, 10, 10, 4, 7, 3, 2, 12, 13, 3, 10, 12, 9, 8, 2, 12, 11, 2, 6, 5], [5, 9, 12, 7, 9, 12, 11, 2, 2, 12, 13, 5, 7, 5, 13, 3, 12, 9, 10, 4], [1, 6, 5, 9, 6, 3, 10, 12, 11, 2, 6, 3, 10, 6, 1, 12, 3, 6, 9, 6], [3, 12, 3, 6, 9, 10, 12, 3, 10, 10, 10, 10, 8, 10, 6, 7, 9, 10, 6, 13], [13, 3, 10, 12, 3, 14, 3, 8, 10, 12, 9, 14, 5, 9, 10, 12, 3, 12, 9, 6], [1, 14, 9, 6, 9, 10, 10, 6, 9, 6, 3, 12, 5, 3, 12, 5, 9, 6, 3, 12], [3, 10, 2, 10, 6, 11, 10, 10, 2, 10, 10, 6, 3, 10, 6, 3, 2, 10, 10, 6]]","[[0, 0], [1, 0], [1, 1], [0, 1], [0, 2], [0, 3], [0, 4], [1, 4], [1, 3], [1, 2], [2, 2], [3, 2], [4, 2], [5, 2], [5, 3], [6, 3], [6, 2], [6, 1], [7, 1], [7, 2], [7, 3], [7, 4], [6, 4], [6, 5], [6, 6], [5, 6], [5, 7], [5, 8], [4, 8], [4, 7], [3, 7], [3, 8], [2, 8], [2, 9], [3, 9], [3, 10], [4, 10], [4, 11], [3, 11], [2, 11], [2, 12], [1, 12], [0, 12], [0, 13], [1, 13], [1, 14], [2, 14], [2, 15], [2, 16], [1, 16], [1, 15], [0, 15], [0, 16], [0, 17], [1, 17], [2, 17], [2, 18], [3, 18], [3, 19], [4, 19], [5, 19], [5, 18], [6, 18], [7, 18], [7, 17], [6, 17], [6, 16], [5, 16], [5, 15], [4, 15], [4, 16], [4, 17], [3, 17], [3, 16], [3, 15], [3, 14], [4, 14], [5, 14], [6, 14], [6, 15], [7, 15], [8, 15], [9, 15], [9, 16], [10, 16], [10, 17], [11, 17], [11, 16], [12, 16], [12, 15], [11, 15], [10, 15], [10, 14], [11, 14], [11, 13], [12, 13], [12, 12], [11, 12], [10, 12], [10, 13], [9, 13], [9, 14], [8, 14], [8, 13], [8, 12], [9, 12], [9, 11], [8, 11], [7, 11], [6, 11], [6, 10], [6, 9], [7, 9], [8, 9], [8, 10], [9, 10], [10, 10], [10, 11], [11, 11], [12, 11], [12, 10], [12, 9], [13, 9], [13, 10], [13, 11], [14, 11], [15, 11], [15, 12], [15, 13], [14, 13], [13, 13], [13, 14], [13, 15], [14, 15], [14, 16], [15, 16], [15, 17], [14, 17], [14, 18], [14, 19], [15, 19], [15, 18], [16, 18], [16, 17], [16, 16], [17, 16], [17, 17], [18, 17], [18, 16], [19, 16], [19, 17], [19, 18], [19, 19]]",153,234,0,234,0.0006180999334901571,True
recursive_backtracking,bfs,20,20,2694860228,"[0, 0]","[19, 19]","[[11, 10, 12, 9, 10, 10, 10, 10, 12, 11, 10, 10, 10, 12, 9, 10, 8, 12, 9, 12], [9, 12, 3, 6, 9, 10, 10, 12, 3, 10, 10, 10, 12, 3, 6, 9, 6, 5, 5, 5], [7, 3, 10, 12, 1, 10, 12, 3, 12, 13, 9, 12, 3, 10, 12, 3, 12, 5, 7, 5], [9, 10, 12, 3, 6, 9, 6, 13, 5, 5, 5, 3, 10, 12, 3, 10, 6, 3, 10, 4], [5, 11, 2, 10, 10, 6, 13, 1, 6, 5, 5, 9, 12, 3, 8, 10, 10, 12, 9, 6], [1, 12, 9, 14, 9, 12, 1, 2, 10, 6, 5, 5, 3, 10, 6, 9, 12, 5, 5, 13], [7, 5, 1, 12, 5, 3, 2, 14, 9, 10, 6, 5, 9, 10, 10, 6, 3, 4, 5, 5], [9, 6, 7, 1, 2, 14, 9, 10, 6, 9, 8, 6, 7, 9, 12, 9, 12, 7, 5, 5], [3, 10, 12, 5, 9, 10, 6, 9, 14, 5, 7, 9, 10, 6, 3, 6, 5, 9, 6, 5], [9, 10, 6, 5, 5, 13, 9, 2, 12, 3, 10, 6, 9, 10, 8, 14, 3, 6, 9, 6], [5, 11, 10, 6, 5, 3, 2, 12, 1, 10, 14, 9, 2, 12, 5, 9, 10, 10, 2, 12], [5, 9, 10, 10, 6, 9, 12, 7, 3, 12, 9, 6, 9, 6, 5, 5, 11, 12, 9, 4], [5, 5, 11, 10, 8, 6, 3, 12, 9, 6, 5, 13, 5, 11, 6, 3, 12, 5, 5, 7], [1, 6, 9, 12, 5, 13, 9, 6, 3, 10, 2, 6, 3, 10, 8, 14, 3, 4, 3, 12], [5, 9, 6, 5, 5, 3, 4, 11, 8, 12, 9, 12, 9, 12, 1, 10, 12, 5, 9, 6], [3, 6, 9, 6, 3, 12, 3, 12, 5, 3, 6, 5, 5, 5, 5, 13, 5, 5, 3, 12], [9, 14, 5, 9, 10, 6, 13, 5, 5, 9, 10, 6, 5, 5, 5, 5, 5, 3, 12, 5], [3, 12, 3, 6, 9, 10, 6, 3, 6, 5, 11, 8, 4, 5, 5, 5, 1, 14, 5, 5], [9, 6, 9, 8, 6, 9, 10, 10, 12, 3, 12, 7, 5, 5, 3, 6, 3, 10, 6, 5], [3, 10, 6, 3, 10, 2, 10, 14, 3, 10, 2, 10, 6, 3, 10, 10, 10, 10, 10, 6]]","[[0, 0], [0, 1], [0, 2], [1, 2], [1, 3], [0, 3], [0, 4], [0, 5], [0, 6], [0, 7], [0, 8], [1, 8], [1, 9], [1, 10], [1, 11], [1, 12], [2, 12], [2, 13], [2, 14], [3, 14], [3, 15], [3, 16], [2, 16], [2, 15], [1, 15], [1, 16], [0, 16], [0, 17], [1, 17], [2, 17], [3, 17], [3, 18], [3, 19], [4, 19], [4, 18], [5, 18], [6, 18], [7, 18], [8, 18], [8, 17], [9, 17], [9, 16], [8, 16], [7, 16], [7, 15], [8, 15], [8, 14], [7, 14], [7, 13], [8, 13], [8, 12], [8, 11], [9, 11], [9, 10], [9, 9], [8, 9], [7, 9], [7, 10], [7, 11], [6, 11], [5, 11], [4, 11], [4, 12], [5, 12], [5, 13], [5, 14], [4, 14], [4, 13], [3, 13], [3, 12], [3, 11], [2, 11], [2, 10], [3, 10], [4, 10], [5, 10], [6, 10], [6, 9], [6, 8], [7, 8], [7, 7], [7, 6], [8, 6], [8, 5], [8, 4], [9, 4], [10, 4], [11, 4], [11, 3], [11, 2], [11, 1], [12, 1], [13, 1], [13, 0], [14, 0], [15, 0], [15, 1], [14, 1], [14, 2], [13, 2], [13, 3], [14, 3], [15, 3], [15, 2], [16, 2], [17, 2], [17, 3], [16, 3], [16, 4], [16, 5], [15, 5], [15, 4], [14, 4], [13, 4], [12, 4], [12, 5], [11, 5], [11, 6], [12, 6], [12, 7], [13, 7], [13, 6], [14, 6], [15, 6], [15, 7], [16, 7], [17, 7], [17, 8], [16, 8], [15, 8], [14, 8], [14, 9], [15, 9], [15, 10], [14, 10], [14, 11], [15, 11], [16, 11], [16, 10], [16, 9], [17, 9], [18, 9], [18, 10], [19, 10], [19, 11], [19, 12], [18, 12], [17, 12], [16, 12], [15, 12], [14, 12], [14, 13], [15, 13], [16, 13], [17, 13], [18, 13], [19, 13], [19, 14], [19, 15], [19, 16], [19, 17], [19, 18], [19, 19]]",163,300,0,300,0.0006469000363722444,True
recursive_backtracking,bfs,20,20,272849424,"[0, 0]","[19, 19]","[[13, 9, 10, 10, 10, 10, 10, 12, 11, 10, 10, 10, 10, 10, 8, 14, 9, 10, 10, 12], [5, 5, 9, 10, 10, 8, 12, 3, 10, 12, 9, 10, 10, 12, 3, 8, 6, 9, 10, 4], [3, 6, 5, 9, 10, 6, 3, 12, 13, 3, 6, 9, 14, 3, 12, 7, 9, 6, 11, 4], [13, 9, 6, 3, 12, 9, 12, 3, 4, 9, 12, 1, 8, 14, 5, 9, 6, 9, 12, 5], [5, 5, 9, 12, 3, 6, 1, 12, 5, 7, 3, 6, 5, 9, 6, 3, 10, 6, 5, 5], [3, 6, 5, 5, 9, 12, 7, 5, 1, 10, 10, 12, 5, 5, 9, 10, 10, 10, 6, 5], [9, 12, 5, 3, 6, 3, 12, 5, 7, 9, 12, 3, 4, 3, 6, 9, 14, 9, 12, 5], [5, 5, 5, 9, 12, 9, 6, 5, 9, 6, 3, 12, 5, 9, 12, 1, 10, 6, 5, 5], [5, 3, 6, 5, 3, 2, 10, 4, 1, 10, 14, 5, 5, 5, 5, 5, 9, 12, 3, 6], [3, 10, 12, 5, 9, 10, 12, 7, 5, 9, 10, 6, 5, 7, 5, 3, 6, 3, 10, 12], [9, 12, 5, 7, 5, 13, 3, 10, 6, 3, 10, 12, 5, 9, 2, 12, 11, 8, 14, 5], [5, 3, 6, 9, 6, 1, 12, 9, 12, 9, 12, 5, 5, 5, 9, 6, 9, 4, 9, 6], [5, 9, 12, 3, 12, 5, 5, 5, 5, 5, 3, 6, 3, 6, 5, 11, 4, 7, 5, 13], [1, 6, 1, 12, 5, 5, 3, 6, 5, 3, 10, 12, 11, 10, 2, 10, 4, 9, 6, 5], [5, 9, 6, 7, 5, 5, 11, 10, 2, 12, 13, 3, 12, 9, 10, 12, 7, 5, 11, 4], [5, 3, 12, 9, 6, 3, 10, 10, 12, 3, 6, 9, 6, 3, 12, 3, 12, 3, 12, 5], [3, 12, 3, 6, 11, 8, 8, 10, 6, 9, 8, 6, 9, 10, 6, 13, 1, 14, 5, 5], [13, 3, 12, 9, 12, 5, 7, 9, 10, 6, 7, 9, 6, 9, 10, 4, 5, 9, 6, 5], [1, 12, 5, 5, 5, 5, 9, 6, 9, 10, 10, 6, 9, 6, 13, 5, 3, 6, 11, 4], [7, 3, 2, 6, 3, 6, 3, 10, 2, 10, 10, 10, 6, 11, 2, 2, 10, 10, 10, 6]]","[[0, 0], [1, 0], [2, 0], [2, 1], [1, 1], [0, 1], [0, 2], [0, 3], [0, 4], [0, 5], [0, 6], [0, 7], [1, 7], [1, 8], [1, 9], [2, 9], [2, 10], [1, 10], [1, 11], [1, 12], [1, 13], [2, 13], [2, 14], [3, 14], [4, 14], [4, 13], [5, 13], [6, 13], [6, 14], [5, 14], [5, 15], [5, 16], [5, 17], [5, 18], [4, 18], [3, 18], [3, 17], [4, 17], [4, 16], [4, 15], [3, 15], [3, 16], [2, 16], [2, 17], [1, 17], [1, 18], [1, 19], [2, 19], [3, 19], [4, 19], [5, 19], [6, 19], [7, 19], [8, 19], [8, 18], [7, 18], [6, 18], [6, 17], [7, 17], [7, 16], [7, 15], [8, 15], [9, 15], [9, 16], [8, 16], [8, 17], [9, 17], [9, 18], [9, 19], [10, 19], [11, 19], [11, 18], [12, 18], [13, 18], [13, 17], [14, 17], [15, 17], [15, 18], [16, 18], [17, 18], [17, 17], [18, 17], [18, 16], [17, 16], [16, 16], [15, 16], [15, 15], [14, 15], [14, 14], [14, 13], [15, 13], [15, 14], [16, 14], [16, 13], [16, 12], [17, 12], [17, 11], [18, 11], [18, 10], [18, 9], [18, 8], [19, 8], [19, 9], [19, 10], [19, 11], [19, 12], [18, 12], [18, 13], [17, 13], [17, 14], [17, 15], [18, 15], [19, 15], [19, 16], [19, 17], [19, 18], [19, 19]]",117,156,0,156,0.00033240008633583784,True
recursive_backtracking,bfs,20,20,4278308761,"[0, 0]","[19, 19]","[[11, 12, 11, 10, 12, 9, 10, 10, 10, 8, 10, 12, 11, 10, 8, 10, 10, 10, 12, 13], [13, 3, 10, 12, 3, 2, 10, 12, 9, 6, 13, 3, 12, 9, 6, 9, 10, 10, 6, 5], [3, 10, 12, 3, 10, 12, 13, 5, 5, 9, 2, 10, 6, 5, 11, 2, 12, 11, 10, 4], [9, 12, 3, 12, 9, 6, 1, 6, 5, 3, 12, 9, 12, 1, 12, 13, 3, 12, 9, 6], [5, 3, 10, 6, 5, 9, 6, 13, 3, 12, 5, 5, 5, 7, 5, 3, 12, 5, 1, 12], [5, 9, 10, 12, 5, 3, 10, 4, 9, 6, 3, 6, 3, 12, 3, 12, 5, 5, 7, 5], [5, 3, 12, 3, 6, 9, 10, 6, 5, 9, 10, 10, 12, 5, 9, 6, 5, 3, 10, 4], [3, 12, 5, 11, 12, 5, 9, 12, 5, 3, 10, 12, 5, 5, 5, 11, 2, 12, 9, 6], [9, 6, 3, 12, 1, 2, 6, 7, 3, 10, 12, 5, 5, 5, 3, 10, 12, 5, 5, 13], [5, 9, 10, 6, 3, 14, 9, 10, 8, 10, 6, 7, 5, 3, 12, 9, 6, 5, 5, 5], [5, 3, 12, 9, 10, 12, 5, 11, 6, 9, 10, 12, 3, 12, 3, 6, 9, 4, 3, 4], [3, 12, 5, 3, 12, 5, 3, 10, 10, 2, 12, 3, 12, 1, 10, 12, 5, 7, 9, 6], [9, 4, 3, 10, 6, 3, 10, 10, 12, 11, 2, 14, 5, 5, 11, 2, 6, 9, 6, 13], [5, 3, 14, 9, 12, 9, 8, 12, 5, 9, 12, 9, 6, 1, 10, 10, 12, 3, 10, 4], [3, 12, 9, 6, 3, 6, 5, 7, 5, 5, 3, 6, 11, 2, 10, 12, 1, 14, 9, 6], [9, 4, 5, 11, 10, 12, 5, 9, 6, 1, 12, 9, 12, 11, 12, 5, 3, 10, 6, 13], [5, 7, 3, 10, 12, 5, 3, 6, 11, 4, 5, 5, 5, 9, 6, 3, 10, 10, 10, 4], [1, 10, 8, 14, 5, 3, 10, 8, 12, 7, 3, 6, 5, 5, 9, 10, 10, 8, 14, 5], [3, 12, 5, 9, 6, 9, 10, 6, 3, 10, 12, 9, 6, 5, 5, 11, 12, 3, 10, 6], [11, 6, 3, 2, 10, 6, 11, 10, 10, 10, 2, 6, 11, 2, 2, 10, 2, 10, 10, 14]]","[[0, 0], [0, 1], [1, 1], [1, 2], [1, 3], [2, 3], [2, 4], [2, 5], [3, 5], [3, 4], [4, 4], [5, 4], [6, 4], [6, 3], [5, 3], [5, 2], [5, 1], [6, 1], [6, 2], [7, 2], [8, 2], [8, 3], [9, 3], [9, 2], [9, 1], [10, 1], [10, 2], [11, 2], [12, 2], [12, 3], [12, 4], [11, 4], [11, 3], [10, 3], [10, 4], [10, 5], [11, 5], [12, 5], [12, 6], [12, 7], [12, 8], [13, 8], [14, 8], [15, 8], [15, 7], [16, 7], [16, 6], [15, 6], [14, 6], [13, 6], [13, 5], [14, 5], [14, 4], [13, 4], [13, 3], [14, 3], [14, 2], [15, 2], [16, 2], [16, 3], [16, 4], [17, 4], [18, 4], [18, 3], [19, 3], [19, 4], [19, 5], [18, 5], [18, 6], [18, 7], [17, 7], [17, 8], [18, 8], [18, 9], [18, 10], [19, 10], [19, 11], [18, 11], [18, 12], [17, 12], [16, 12], [15, 12], [15, 11], [16, 11], [17, 11], [17, 10], [16, 10], [15, 10], [15, 9], [14, 9], [13, 9], [13, 10], [14, 10], [14, 11], [13, 11], [13, 12], [12, 12], [11, 12], [11, 11], [10, 11], [10, 10], [10, 9], [11, 9], [11, 8], [11, 7], [11, 6], [10, 6], [9, 6], [9, 7], [9, 8], [9, 9], [9, 10], [8, 10], [8, 9], [8, 8], [7, 8], [6, 8], [5, 8], [5, 9], [4, 9], [4, 8], [3, 8], [2, 8], [1, 8], [1, 9], [0, 9], [0, 10], [0, 11], [1, 11], [1, 12], [2, 12], [2, 11], [2, 10], [2, 9], [3, 9], [3, 10], [4, 10], [5, 10], [5, 11], [4, 11], [3, 11], [3, 12], [4, 12], [5, 12], [5, 13], [6, 13], [7, 13], [8, 13], [9, 13], [9, 14], [10, 14], [10, 15], [9, 15], [9, 16], [8, 16], [8, 15], [8, 14], [7, 14], [6, 14], [6, 15], [5, 15], [5, 14], [4, 14], [3, 14], [3, 13], [2, 13], [1, 13], [1, 14], [0, 14], [0, 15], [0, 16], [0, 17], [0, 18], [1, 18], [1, 17], [1, 16], [1, 15], [2, 15], [2, 16], [3, 16], [3, 17], [4, 17], [5, 17], [6, 17], [6, 18], [6, 19], [7, 19], [7, 18], [8, 18], [9, 18], [10, 18], [10, 19], [11, 19], [11, 18], [12, 18], [12, 17], [13, 17], [13, 18], [13, 19], [14, 19], [14, 18], [15, 18], [15, 17], [15, 16], [14, 16], [13, 16], [13, 15], [13, 14], [13, 13], [14, 13], [14, 14], [14, 15], [15, 15], [16, 15], [16, 16], [16, 17], [16, 18], [16, 19], [17, 19], [18, 19], [18, 18], [18, 17], [17, 17], [17, 16], [17, 15], [17, 14], [18, 14], [19, 14], [19, 15], [19, 16], [19, 17], [19, 18], [19, 19]]",233,397,0,397,0.0008063000859692693,True
recursive_backtracking,bfs,20,20,2272528809,"[0, 0]","[19, 19]","[[11, 12, 9, 14, 9, 10, 10, 10, 12, 9, 10, 10, 8, 10, 12, 9, 10, 10, 12, 13], [9, 6, 5, 9, 6, 9, 8, 14, 3, 6, 9, 12, 3, 12, 3, 6, 9, 12, 3, 6], [3, 12, 1, 6, 11, 6, 1, 8, 10, 12, 7, 3, 12, 3, 10, 12, 5, 3, 10, 12], [9, 6, 5, 9, 10, 12, 5, 5, 11, 2, 10, 10, 2, 12, 13, 3, 6, 9, 10, 4], [5, 9, 6, 5, 9, 6, 7, 5, 9, 12, 11, 8, 10, 6, 5, 9, 12, 3, 12, 5], [5, 3, 10, 6, 3, 10, 12, 3, 6, 3, 12, 5, 11, 10, 4, 5, 1, 14, 5, 5], [5, 11, 10, 10, 10, 10, 2, 10, 10, 12, 5, 3, 12, 9, 6, 5, 5, 9, 6, 5], [3, 10, 10, 10, 10, 10, 10, 12, 13, 3, 6, 9, 6, 3, 10, 4, 5, 3, 12, 7], [9, 10, 10, 10, 10, 10, 14, 5, 1, 10, 12, 3, 10, 10, 12, 5, 3, 12, 3, 12], [1, 10, 12, 9, 10, 10, 12, 5, 5, 13, 3, 10, 10, 10, 4, 5, 9, 6, 9, 4], [3, 12, 3, 6, 9, 12, 3, 6, 5, 1, 14, 9, 10, 12, 5, 7, 5, 9, 6, 5], [9, 6, 11, 10, 6, 3, 8, 12, 1, 6, 9, 6, 13, 5, 3, 10, 4, 5, 11, 6], [5, 11, 8, 10, 10, 10, 6, 5, 7, 9, 6, 13, 1, 6, 11, 10, 6, 1, 10, 12], [3, 12, 3, 12, 9, 12, 9, 6, 9, 6, 13, 1, 2, 10, 10, 10, 12, 7, 9, 4], [9, 6, 9, 6, 5, 5, 5, 13, 1, 12, 3, 6, 9, 10, 10, 12, 5, 9, 6, 5], [3, 10, 6, 11, 4, 5, 5, 5, 5, 5, 9, 12, 3, 12, 13, 5, 3, 6, 11, 4], [11, 10, 8, 8, 6, 7, 5, 3, 4, 3, 6, 3, 10, 2, 4, 3, 10, 10, 12, 7], [9, 10, 6, 7, 9, 12, 3, 12, 1, 14, 9, 10, 10, 12, 5, 9, 10, 12, 1, 12], [1, 10, 10, 10, 6, 1, 14, 5, 7, 9, 6, 9, 10, 6, 7, 5, 13, 5, 7, 5], [3, 10, 10, 10, 14, 3, 10, 2, 10, 6, 11, 2, 10, 10, 10, 6, 3, 2, 10, 6]]","[[0, 0], [0, 1], [1, 1], [1, 0], [2, 0], [2, 1], [3, 1], [3, 0], [4, 0], [5, 0], [6, 0], [7, 0], [7, 1], [7, 2], [7, 3], [7, 4], [7, 5], [7, 6], [7, 7], [8, 7], [9, 7], [10, 7], [10, 6], [9, 6], [9, 5], [9, 4], [9, 3], [10, 3], [10, 2], [9, 2], [9, 1], [9, 0], [10, 0], [10, 1], [11, 1], [11, 0], [12, 0], [13, 0], [13, 1], [14, 1], [14, 0], [15, 0], [15, 1], [15, 2], [14, 2], [14, 3], [13, 3], [13, 2], [12, 2], [12, 3], [12, 4], [12, 5], [12, 6], [11, 6], [11, 7], [12, 7], [13, 7], [13, 6], [14, 6], [15, 6], [16, 6], [17, 6], [17, 7], [18, 7], [19, 7], [19, 8], [19, 9], [18, 9], [18, 10], [17, 10], [17, 11], [17, 12], [17, 13], [18, 13], [18, 12], [18, 11], [19, 11], [19, 12], [19, 13], [19, 14], [19, 15], [18, 15], [17, 15], [17, 16], [17, 17], [18, 17], [19, 17], [19, 18], [19, 19]]",89,138,0,138,0.0002894999925047159,True
recursive_backtracking,bfs,20,20,3095476665,"[0, 0]","[19, 19]","[[11, 10, 10, 10, 10, 12, 11, 10, 8, 10, 10, 10, 12, 9, 10, 12, 9, 8, 12, 13], [11, 8, 10, 8, 14, 3, 12, 9, 6, 9, 12, 13, 3, 6, 13, 5, 5, 5, 5, 5], [9, 6, 9, 6, 9, 10, 6, 5, 9, 6, 3, 4, 11, 10, 4, 5, 7, 5, 3, 4], [5, 11, 2, 12, 5, 9, 10, 4, 3, 10, 12, 3, 10, 12, 5, 3, 10, 6, 13, 5], [1, 10, 12, 5, 5, 5, 9, 6, 9, 12, 1, 12, 9, 6, 3, 10, 12, 9, 2, 6], [5, 13, 5, 5, 5, 7, 1, 10, 6, 5, 7, 5, 3, 10, 10, 10, 6, 5, 11, 12], [5, 5, 5, 7, 3, 12, 3, 10, 12, 3, 12, 1, 12, 9, 12, 9, 12, 5, 9, 4], [5, 5, 3, 10, 10, 6, 9, 12, 7, 9, 6, 7, 3, 6, 3, 4, 5, 3, 6, 5], [5, 3, 10, 12, 9, 10, 4, 3, 12, 5, 9, 10, 12, 9, 12, 5, 3, 12, 9, 6], [3, 10, 12, 5, 1, 14, 5, 13, 5, 5, 5, 13, 3, 6, 5, 3, 12, 5, 5, 13], [9, 10, 6, 3, 4, 9, 6, 3, 2, 4, 5, 3, 12, 9, 6, 11, 4, 5, 5, 5], [3, 10, 10, 12, 7, 5, 9, 12, 11, 6, 3, 10, 4, 5, 9, 12, 7, 3, 4, 5], [9, 10, 14, 3, 12, 5, 5, 3, 12, 9, 8, 12, 5, 3, 6, 5, 9, 12, 5, 5], [1, 10, 12, 9, 6, 3, 6, 9, 4, 5, 5, 7, 5, 9, 12, 3, 6, 5, 5, 5], [3, 14, 5, 3, 10, 10, 12, 5, 7, 5, 3, 10, 2, 6, 7, 9, 8, 6, 3, 4], [9, 12, 1, 8, 12, 13, 5, 1, 10, 6, 11, 8, 12, 9, 8, 6, 7, 9, 12, 5], [5, 5, 7, 5, 3, 4, 5, 5, 9, 10, 10, 6, 7, 5, 7, 9, 10, 6, 5, 7], [5, 3, 10, 6, 11, 6, 5, 3, 6, 9, 10, 10, 12, 3, 10, 2, 10, 12, 3, 12], [1, 10, 12, 9, 10, 10, 6, 9, 10, 6, 9, 12, 3, 10, 12, 11, 10, 2, 14, 5], [3, 14, 3, 2, 10, 10, 10, 6, 11, 10, 6, 3, 10, 10, 2, 10, 10, 10, 10, 6]]","[[0, 0], [0, 1], [0, 2], [0, 3], [0, 4], [0, 5], [1, 5], [1, 6], [2, 6], [2, 5], [2, 4], [3, 4], [4, 4], [5, 4], [6, 4], [6, 5], [7, 5], [7, 4], [7, 3], [7, 2], [6, 2], [5, 2], [4, 2], [4, 1], [4, 0], [5, 0], [6, 0], [7, 0], [8, 0], [9, 0], [9, 1], [9, 2], [10, 2], [10, 1], [10, 0], [11, 0], [11, 1], [11, 2], [11, 3], [12, 3], [12, 4], [13, 4], [13, 3], [14, 3], [14, 4], [14, 5], [14, 6], [15, 6], [16, 6], [17, 6], [18, 6], [18, 5], [18, 4], [18, 3], [19, 3], [19, 4], [19, 5], [19, 6], [19, 7], [18, 7], [18, 8], [18, 9], [17, 9], [17, 10], [17, 11], [17, 12], [18, 12], [18, 13], [18, 14], [19, 14], [19, 15], [19, 16], [19, 17], [19, 18], [19, 19]]",75,125,0,125,0.00025510007981210947,True
recursive_backtracking,bfs,20,20,2752909971,"[0, 0]","[19, 19]","[[11, 10, 12, 11, 8, 10, 10, 10, 10, 10, 10, 12, 9, 10, 14, 9, 10, 12, 9, 12], [9, 14, 3, 12, 3, 10, 10, 12, 11, 10, 10, 4, 1, 10, 10, 6, 13, 5, 5, 5], [1, 10, 10, 6, 9, 12, 9, 4, 9, 10, 12, 5, 3, 8, 10, 10, 6, 3, 6, 5], [3, 12, 9, 10, 6, 5, 5, 7, 5, 13, 5, 5, 13, 5, 9, 10, 12, 9, 12, 5], [13, 3, 6, 13, 9, 6, 1, 10, 2, 4, 5, 5, 3, 6, 3, 12, 5, 5, 3, 4], [1, 12, 9, 4, 3, 12, 5, 9, 12, 7, 5, 5, 9, 10, 10, 6, 5, 3, 12, 7], [5, 5, 7, 1, 12, 5, 7, 5, 3, 10, 6, 3, 6, 9, 10, 12, 3, 12, 3, 12], [5, 3, 12, 7, 5, 3, 12, 5, 9, 12, 9, 12, 11, 2, 14, 5, 9, 6, 9, 6], [5, 9, 6, 9, 0, 14, 3, 6, 5, 3, 6, 3, 10, 10, 10, 4, 5, 11, 2, 12], [5, 3, 10, 6, 5, 9, 10, 10, 2, 10, 10, 10, 12, 9, 12, 7, 5, 9, 10, 6], [1, 12, 11, 12, 5, 3, 10, 12, 11, 8, 12, 13, 3, 6, 3, 10, 6, 1, 10, 12], [5, 3, 12, 3, 2, 10, 14, 3, 12, 5, 5, 3, 8, 12, 9, 14, 9, 2, 14, 5], [3, 12, 5, 9, 10, 10, 10, 10, 6, 5, 5, 9, 6, 5, 3, 12, 5, 13, 9, 4], [13, 5, 3, 6, 11, 10, 8, 10, 10, 6, 3, 6, 13, 3, 12, 5, 3, 4, 5, 5], [5, 5, 11, 8, 10, 10, 6, 9, 8, 8, 14, 9, 0, 14, 5, 3, 8, 6, 5, 5], [5, 3, 10, 6, 9, 10, 10, 6, 5, 7, 9, 6, 3, 12, 3, 12, 5, 9, 6, 7], [1, 10, 8, 12, 5, 11, 10, 12, 3, 10, 6, 11, 12, 3, 10, 6, 5, 3, 10, 12], [7, 9, 6, 5, 3, 12, 9, 2, 10, 12, 11, 8, 4, 11, 10, 8, 6, 13, 9, 4], [9, 6, 11, 2, 14, 5, 3, 12, 13, 3, 12, 5, 5, 9, 12, 3, 10, 6, 5, 5], [3, 10, 10, 10, 10, 2, 10, 6, 3, 10, 2, 6, 3, 6, 3, 10, 10, 10, 6, 7]]","[[0, 0], [0, 1], [0, 2], [1, 2], [1, 3], [2, 3], [2, 2], [2, 1], [2, 0], [3, 0], [3, 1], [4, 1], [4, 2], [3, 2], [3, 3], [3, 4], [2, 4], [2, 5], [3, 5], [4, 5], [4, 4], [5, 4], [5, 5], [6, 5], [7, 5], [7, 6], [8, 6], [8, 7], [7, 7], [6, 7], [5, 7], [5, 8], [6, 8], [6, 9], [6, 10], [5, 10], [4, 10], [3, 10], [2, 10], [2, 9], [2, 8], [3, 8], [4, 8], [4, 7], [4, 6], [3, 6], [2, 6], [2, 7], [1, 7], [1, 6], [1, 5], [1, 4], [0, 4], [0, 5], [0, 6], [0, 7], [0, 8], [0, 9], [0, 10], [0, 11], [1, 11], [2, 11], [3, 11], [4, 11], [5, 11], [6, 11], [6, 12], [5, 12], [5, 13], [5, 14], [5, 15], [4, 15], [4, 14], [3, 14], [3, 15], [3, 16], [4, 16], [5, 16], [6, 16], [6, 17], [7, 17], [7, 16], [8, 16], [9, 16], [10, 16], [10, 15], [10, 14], [9, 14], [9, 13], [10, 13], [10, 12], [9, 12], [9, 11], [9, 10], [9, 9], [9, 8], [9, 7], [9, 6], [9, 5], [10, 5], [10, 6], [10, 7], [11, 7], [11, 8], [12, 8], [12, 7], [12, 6], [12, 5], [12, 4], [12, 3], [13, 3], [13, 2], [12, 2], [11, 2], [11, 1], [10, 1], [10, 0], [11, 0], [12, 0], [12, 1], [13, 1], [14, 1], [15, 1], [15, 2], [15, 3], [14, 3], [14, 4], [14, 5], [14, 6], [13, 6], [13, 7], [13, 8], [13, 9], [12, 9], [11, 9], [10, 9], [10, 10], [11, 10], [12, 10], [13, 10], [13, 11], [12, 11], [12, 12], [11, 12], [11, 13], [12, 13], [13, 13], [13, 14], [14, 14], [15, 14], [15, 15], [16, 15], [16, 14], [16, 13], [15, 13], [15, 12], [14, 12], [14, 11], [15, 11], [15, 10], [16, 10], [16, 9], [16, 8], [15, 8], [14, 8], [14, 7], [15, 7], [15, 6], [15, 5], [15, 4], [16, 4], [17, 4], [17, 5], [18, 5], [19, 5], [19, 6], [19, 7], [18, 7], [18, 6], [17, 6], [17, 7], [17, 8], [17, 9], [18, 9], [18, 10], [19, 10], [19, 11], [18, 11], [17, 11], [17, 12], [18, 12], [19, 12], [19, 13], [18, 13], [18, 14], [19, 14], [19, 15], [19, 16], [19, 17], [19, 18], [18, 18], [17, 18], [17, 19], [18, 19], [19, 19]]",205,314,0,314,0.0008663999615237117,True
recursive_backtracking,bfs,20,20,479112937,"[0, 0]","[19, 19]","[[11, 12, 11, 8, 10, 12, 11, 8, 12, 11, 10, 10, 8, 12, 9, 10, 12, 9, 8, 12], [13, 3, 10, 6, 13, 3, 12, 5, 3, 10, 10, 10, 6, 3, 6, 13, 5, 7, 5, 7], [1, 12, 9, 10, 0, 14, 5, 5, 9, 12, 11, 10, 8, 12, 9, 6, 3, 12, 3, 12], [7, 3, 0, 14, 3, 12, 5, 3, 6, 5, 9, 10, 6, 5, 3, 12, 9, 6, 9, 4], [9, 12, 7, 9, 10, 6, 3, 10, 10, 6, 5, 9, 14, 3, 12, 5, 3, 12, 5, 5], [5, 3, 12, 3, 10, 10, 8, 8, 10, 10, 6, 3, 8, 12, 5, 1, 14, 3, 6, 5], [1, 12, 3, 10, 12, 9, 4, 7, 9, 12, 11, 8, 6, 7, 5, 5, 9, 10, 12, 5], [7, 5, 9, 14, 3, 6, 5, 9, 6, 3, 12, 3, 8, 12, 3, 4, 5, 13, 3, 6], [9, 6, 3, 8, 10, 10, 6, 3, 10, 12, 3, 12, 7, 3, 8, 6, 5, 5, 9, 12], [1, 10, 12, 1, 14, 9, 10, 10, 12, 5, 9, 6, 9, 12, 3, 14, 5, 3, 6, 5], [3, 12, 5, 7, 9, 6, 9, 12, 3, 6, 5, 9, 6, 3, 10, 12, 3, 12, 9, 4], [9, 6, 3, 12, 3, 12, 5, 1, 10, 12, 3, 6, 9, 10, 10, 2, 12, 5, 5, 7], [5, 11, 12, 5, 9, 6, 7, 5, 11, 6, 9, 12, 3, 12, 13, 9, 6, 5, 3, 12], [5, 9, 4, 5, 5, 9, 8, 6, 9, 10, 6, 1, 12, 5, 3, 2, 14, 3, 10, 4], [5, 5, 7, 5, 5, 7, 5, 9, 6, 9, 12, 5, 5, 3, 12, 9, 10, 10, 10, 6], [5, 3, 12, 5, 3, 12, 3, 4, 9, 6, 7, 5, 3, 14, 5, 3, 12, 9, 10, 12], [3, 12, 5, 3, 12, 3, 12, 5, 3, 10, 12, 5, 9, 12, 3, 10, 6, 5, 9, 6], [9, 6, 1, 14, 3, 12, 5, 1, 10, 10, 6, 3, 4, 1, 12, 11, 8, 6, 3, 12], [5, 11, 2, 8, 12, 3, 6, 7, 9, 10, 10, 12, 7, 5, 3, 12, 5, 9, 12, 5], [3, 10, 10, 6, 3, 10, 10, 10, 6, 11, 10, 2, 10, 6, 11, 2, 6, 7, 3, 6]]","[[0, 0], [0, 1], [1, 1], [1, 2], [1, 3], [0, 3], [0, 4], [0, 5], [1, 5], [1, 6], [2, 6], [3, 6], [4, 6], [4, 7], [4, 8], [4, 9], [3, 9], [2, 9], [2, 8], [3, 8], [3, 7], [2, 7], [1, 7], [0, 7], [0, 8], [1, 8], [1, 9], [1, 10], [1, 11], [1, 12], [0, 12], [0, 13], [1, 13], [1, 14], [0, 14], [0, 15], [0, 16], [1, 16], [2, 16], [2, 17], [3, 17], [3, 16], [4, 16], [4, 17], [5, 17], [5, 18], [4, 18], [3, 18], [3, 19], [4, 19], [5, 19], [6, 19], [7, 19], [7, 18], [6, 18], [6, 17], [6, 16], [7, 16], [8, 16], [9, 16], [10, 16], [10, 17], [11, 17], [12, 17], [13, 17], [13, 18], [13, 19], [14, 19], [14, 18], [14, 17], [14, 16], [14, 15], [15, 15], [15, 16], [16, 16], [16, 15], [16, 14], [15, 14], [14, 14], [14, 13], [13, 13], [12, 13], [12, 12], [11, 12], [11, 13], [11, 14], [11, 15], [10, 15], [10, 14], [10, 13], [9, 13], [9, 12], [10, 12], [10, 11], [11, 11], [11, 10], [10, 10], [9, 10], [9, 11], [8, 11], [8, 10], [7, 10], [7, 9], [6, 9], [6, 8], [7, 8], [7, 7], [8, 7], [8, 8], [8, 9], [9, 9], [10, 9], [10, 8], [9, 8], [9, 7], [9, 6], [9, 5], [10, 5], [10, 4], [11, 4], [11, 5], [12, 5], [12, 4], [13, 4], [14, 4], [15, 4], [15, 5], [16, 5], [16, 6], [17, 6], [18, 6], [18, 5], [17, 5], [17, 4], [16, 4], [16, 3], [15, 3], [14, 3], [13, 3], [12, 3], [11, 3], [11, 2], [10, 2], [9, 2], [9, 1], [9, 0], [10, 0], [10, 1], [11, 1], [11, 0], [12, 0], [13, 0], [14, 0], [15, 0], [16, 0], [16, 1], [17, 1], [17, 0], [18, 0], [19, 0], [19, 1], [19, 2], [19, 3], [18, 3], [18, 4], [19, 4], [19, 5], [19, 6], [19, 7], [19, 8], [18, 8], [18, 9], [18, 10], [18, 11], [19, 11], [19, 12], [19, 13], [18, 13], [17, 13], [17, 14], [18, 14], [18, 15], [19, 15], [19, 16], [18, 16], [17, 16], [17, 17], [16, 17], [15, 17], [15, 18], [15, 19], [16, 19], [16, 18], [17, 18], [17, 19], [18, 19], [19, 19]]",197,372,0,372,0.0007521000225096941,True
recursive_backtracking,bfs,20,20,1867302554,"[0, 0]","[19, 19]","[[13, 11, 10, 8, 10, 12, 9, 12, 9, 12, 9, 10, 10, 8, 12, 11, 10, 8, 10, 12], [5, 9, 10, 6, 13, 5, 5, 3, 6, 7, 3, 12, 9, 6, 3, 10, 10, 6, 13, 5], [3, 6, 11, 8, 4, 5, 1, 10, 10, 12, 9, 6, 3, 12, 9, 12, 9, 10, 2, 6], [9, 8, 12, 5, 7, 5, 3, 10, 12, 5, 3, 12, 13, 3, 6, 5, 3, 12, 11, 12], [5, 5, 3, 6, 9, 6, 13, 9, 6, 3, 12, 1, 2, 14, 9, 6, 13, 3, 12, 5], [5, 3, 12, 9, 6, 9, 6, 3, 12, 13, 3, 6, 9, 12, 3, 12, 1, 14, 5, 5], [5, 13, 5, 5, 11, 2, 10, 12, 5, 1, 14, 9, 6, 3, 12, 5, 3, 12, 3, 4], [5, 5, 5, 3, 12, 9, 12, 3, 2, 4, 9, 6, 9, 12, 3, 6, 9, 6, 9, 6], [1, 6, 3, 12, 3, 6, 3, 12, 11, 6, 3, 10, 4, 3, 12, 13, 1, 10, 6, 13], [5, 9, 10, 6, 9, 10, 12, 3, 10, 10, 10, 12, 7, 9, 6, 5, 3, 12, 11, 4], [5, 5, 9, 12, 5, 9, 4, 9, 8, 10, 14, 3, 10, 6, 9, 0, 12, 3, 12, 5], [5, 3, 6, 3, 6, 5, 5, 5, 3, 12, 9, 8, 14, 9, 6, 5, 5, 13, 3, 4], [7, 9, 10, 10, 12, 5, 5, 5, 13, 5, 5, 3, 10, 6, 13, 5, 5, 5, 9, 6], [9, 6, 9, 12, 3, 6, 5, 5, 5, 5, 3, 12, 9, 8, 6, 5, 5, 5, 3, 12], [5, 9, 6, 5, 9, 12, 7, 3, 4, 3, 10, 6, 5, 5, 9, 6, 3, 2, 12, 5], [3, 2, 14, 5, 5, 3, 10, 10, 6, 9, 12, 9, 6, 5, 5, 9, 10, 10, 6, 5], [9, 10, 12, 5, 3, 12, 9, 12, 11, 4, 3, 6, 13, 5, 5, 7, 9, 10, 12, 5], [5, 11, 2, 6, 9, 6, 5, 3, 12, 1, 12, 11, 2, 6, 3, 12, 5, 13, 3, 6], [1, 12, 9, 12, 3, 10, 6, 13, 5, 7, 3, 10, 10, 10, 12, 5, 3, 4, 9, 12], [7, 3, 6, 3, 10, 10, 10, 2, 2, 10, 10, 10, 10, 10, 6, 3, 10, 2, 6, 7]]","[[0, 0], [1, 0], [2, 0], [2, 1], [1, 1], [1, 2], [1, 3], [0, 3], [0, 4], [0, 5], [1, 5], [2, 5], [3, 5], [4, 5], [4, 4], [5, 4], [5, 3], [6, 3], [7, 3], [7, 4], [8, 4], [8, 5], [7, 5], [7, 6], [8, 6], [8, 7], [9, 7], [9, 8], [9, 9], [9, 10], [9, 11], [10, 11], [10, 12], [10, 13], [9, 13], [9, 14], [8, 14], [8, 13], [7, 13], [7, 12], [8, 12], [8, 11], [8, 10], [7, 10], [7, 11], [6, 11], [6, 12], [5, 12], [5, 13], [6, 13], [6, 14], [7, 14], [7, 15], [6, 15], [5, 15], [5, 14], [4, 14], [4, 15], [3, 15], [2, 15], [2, 14], [3, 14], [3, 13], [2, 13], [2, 12], [1, 12], [1, 13], [0, 13], [0, 14], [1, 14], [1, 15], [1, 16], [1, 17], [0, 17], [0, 18], [0, 19], [1, 19], [2, 19], [2, 18], [2, 17], [2, 16], [3, 16], [3, 17], [4, 17], [4, 18], [5, 18], [6, 18], [6, 19], [7, 19], [7, 18], [8, 18], [8, 17], [8, 16], [9, 16], [9, 17], [10, 17], [10, 18], [11, 18], [11, 19], [12, 19], [12, 18], [13, 18], [13, 19], [14, 19], [15, 19], [16, 19], [17, 19], [17, 18], [16, 18], [16, 17], [16, 16], [17, 16], [18, 16], [18, 17], [19, 17], [19, 18], [18, 18], [18, 19], [19, 19]]",119,197,0,197,0.00040120002813637257,True
recursive_backtracking,bfs,20,20,1948728483,"[0, 0]","[19, 19]","[[13, 11, 10, 8, 12, 9, 10, 8, 10, 12, 9, 12, 9, 8, 12, 9, 8, 10, 10, 14], [3, 10, 12, 5, 5, 5, 9, 6, 11, 2, 6, 5, 7, 5, 7, 5, 3, 12, 9, 12], [9, 10, 6, 5, 5, 7, 3, 10, 12, 9, 14, 3, 12, 3, 10, 0, 14, 3, 6, 5], [3, 12, 9, 4, 3, 10, 12, 9, 6, 3, 8, 14, 3, 10, 12, 5, 9, 10, 12, 5], [13, 5, 7, 3, 12, 9, 6, 5, 9, 10, 6, 9, 10, 10, 6, 7, 5, 9, 6, 5], [5, 3, 12, 9, 6, 5, 9, 6, 5, 9, 12, 5, 11, 8, 10, 10, 6, 5, 9, 4], [1, 14, 5, 5, 13, 3, 6, 9, 2, 6, 5, 5, 9, 6, 9, 8, 14, 5, 5, 5], [1, 10, 6, 5, 1, 10, 12, 5, 9, 10, 6, 5, 1, 12, 7, 1, 12, 3, 6, 5], [3, 10, 10, 6, 3, 14, 3, 6, 5, 9, 10, 6, 5, 3, 12, 5, 5, 9, 10, 6], [9, 12, 9, 10, 8, 12, 9, 10, 4, 3, 10, 12, 7, 9, 6, 5, 3, 6, 9, 12], [5, 5, 3, 14, 5, 3, 6, 13, 1, 10, 14, 5, 9, 6, 11, 4, 9, 10, 6, 5], [5, 3, 12, 9, 6, 9, 10, 2, 6, 9, 10, 6, 5, 9, 12, 3, 6, 9, 12, 5], [1, 12, 3, 6, 9, 2, 14, 9, 12, 5, 9, 10, 2, 6, 5, 9, 10, 6, 3, 6], [5, 3, 10, 12, 7, 9, 10, 6, 5, 5, 1, 14, 9, 10, 6, 5, 9, 10, 10, 14], [3, 10, 12, 3, 12, 5, 9, 12, 3, 6, 7, 9, 6, 11, 12, 1, 6, 9, 10, 12], [9, 12, 5, 13, 5, 5, 7, 3, 8, 12, 9, 6, 9, 12, 3, 6, 9, 6, 9, 4], [5, 3, 6, 5, 5, 3, 10, 12, 5, 5, 3, 10, 6, 3, 10, 12, 5, 9, 6, 5], [5, 11, 8, 4, 3, 8, 14, 3, 6, 3, 10, 12, 9, 10, 12, 5, 5, 3, 12, 7], [3, 10, 6, 5, 13, 5, 9, 8, 10, 14, 9, 6, 3, 12, 5, 3, 2, 14, 3, 12], [11, 10, 10, 2, 6, 3, 6, 3, 10, 10, 2, 10, 10, 6, 3, 10, 10, 10, 10, 6]]","[[0, 0], [1, 0], [1, 1], [1, 2], [2, 2], [2, 1], [2, 0], [3, 0], [3, 1], [4, 1], [5, 1], [5, 2], [6, 2], [7, 2], [7, 1], [7, 0], [8, 0], [8, 1], [8, 2], [8, 3], [7, 3], [6, 3], [5, 3], [5, 4], [4, 4], [4, 3], [3, 3], [2, 3], [1, 3], [0, 3], [0, 4], [1, 4], [2, 4], [3, 4], [3, 5], [3, 6], [4, 6], [4, 5], [5, 5], [6, 5], [6, 6], [5, 6], [5, 7], [4, 7], [3, 7], [3, 8], [2, 8], [2, 7], [2, 6], [1, 6], [1, 7], [0, 7], [0, 8], [0, 9], [1, 9], [1, 10], [0, 10], [0, 11], [1, 11], [2, 11], [2, 12], [3, 12], [3, 13], [3, 14], [4, 14], [4, 13], [4, 12], [4, 11], [5, 11], [6, 11], [7, 11], [8, 11], [8, 10], [8, 9], [9, 9], [9, 10], [9, 11], [10, 11], [11, 11], [11, 10], [11, 9], [12, 9], [13, 9], [14, 9], [14, 8], [13, 8], [12, 8], [12, 7], [13, 7], [13, 6], [13, 5], [14, 5], [15, 5], [16, 5], [16, 6], [16, 7], [17, 7], [17, 8], [16, 8], [15, 8], [15, 9], [16, 9], [17, 9], [17, 10], [17, 11], [18, 11], [18, 10], [19, 10], [19, 11], [19, 12], [19, 13], [18, 13], [18, 12], [17, 12], [17, 13], [17, 14], [18, 14], [19, 14], [19, 15], [19, 16], [19, 17], [19, 18], [19, 19]]",123,157,0,157,0.0003895999398082495,True
recursive_backtracking,bfs,20,20,3919706735,"[0, 0]","[19, 19]","[[11, 10, 12, 11, 12, 9, 8, 14, 9, 10, 10, 8, 14, 9, 10, 8, 10, 10, 10, 12], [13, 9, 6, 9, 6, 5, 5, 9, 6, 9, 12, 5, 9, 6, 9, 4, 11, 10, 8, 6], [1, 6, 9, 6, 9, 6, 3, 2, 10, 6, 5, 5, 5, 13, 5, 5, 9, 12, 3, 12], [5, 9, 2, 10, 6, 9, 10, 12, 11, 10, 6, 3, 2, 6, 5, 5, 5, 5, 13, 5], [5, 3, 10, 14, 9, 6, 13, 5, 9, 12, 9, 10, 10, 12, 5, 7, 5, 5, 3, 4], [3, 12, 9, 10, 6, 9, 6, 3, 6, 3, 6, 11, 12, 5, 3, 8, 6, 3, 12, 7], [13, 3, 6, 11, 12, 1, 12, 9, 10, 12, 9, 8, 6, 3, 12, 7, 9, 12, 3, 12], [3, 8, 10, 10, 4, 5, 3, 6, 13, 3, 6, 3, 10, 10, 6, 9, 6, 3, 10, 4], [9, 6, 13, 9, 6, 3, 10, 12, 1, 10, 10, 8, 14, 9, 8, 6, 9, 14, 9, 6], [5, 9, 6, 5, 11, 10, 12, 5, 3, 10, 14, 5, 9, 6, 5, 9, 2, 12, 3, 12], [5, 3, 12, 3, 12, 9, 6, 5, 9, 10, 12, 1, 6, 9, 6, 3, 12, 3, 10, 6], [1, 12, 5, 9, 6, 5, 9, 6, 5, 13, 5, 5, 13, 3, 12, 13, 5, 11, 10, 12], [5, 5, 3, 2, 10, 6, 5, 9, 6, 5, 5, 5, 1, 14, 5, 3, 2, 10, 10, 4], [5, 3, 10, 12, 9, 10, 6, 1, 12, 5, 5, 5, 3, 12, 5, 9, 10, 10, 12, 7], [3, 10, 12, 3, 6, 9, 10, 6, 5, 1, 6, 3, 8, 6, 5, 3, 8, 14, 3, 12], [9, 10, 6, 11, 10, 6, 9, 10, 6, 5, 9, 12, 5, 9, 2, 14, 5, 9, 10, 6], [5, 11, 10, 8, 10, 12, 5, 13, 9, 6, 5, 5, 5, 3, 10, 10, 6, 3, 10, 12], [3, 10, 12, 5, 13, 3, 6, 5, 5, 9, 6, 3, 2, 8, 10, 10, 8, 14, 9, 4], [13, 9, 6, 5, 1, 8, 14, 1, 6, 7, 9, 12, 11, 6, 9, 12, 7, 9, 6, 5], [3, 2, 10, 6, 7, 3, 10, 2, 10, 10, 6, 3, 10, 10, 6, 3, 10, 6, 11, 6]]","[[0, 0], [0, 1], [0, 2], [1, 2], [1, 1], [2, 1], [2, 0], [3, 0], [4, 0], [5, 0], [5, 1], [6, 1], [6, 2], [5, 2], [5, 3], [5, 4], [4, 4], [4, 5], [3, 5], [3, 6], [3, 7], [4, 7], [5, 7], [5, 8], [4, 8], [4, 9], [5, 9], [5, 10], [4, 10], [4, 11], [4, 12], [4, 13], [5, 13], [6, 13], [6, 14], [7, 14], [7, 13], [7, 12], [7, 11], [6, 11], [6, 10], [7, 10], [7, 9], [6, 9], [6, 8], [6, 7], [7, 7], [7, 6], [6, 6], [6, 5], [7, 5], [8, 5], [8, 6], [8, 7], [9, 7], [10, 7], [11, 7], [11, 6], [12, 6], [13, 6], [13, 5], [13, 4], [14, 4], [14, 3], [13, 3], [13, 2], [13, 1], [12, 1], [11, 1], [11, 0], [12, 0], [13, 0], [14, 0], [14, 1], [14, 2], [15, 2], [15, 1], [15, 0], [16, 0], [17, 0], [17, 1], [17, 2], [18, 2], [18, 1], [19, 1], [19, 2], [19, 3], [18, 3], [17, 3], [16, 3], [16, 4], [16, 5], [17, 5], [17, 6], [16, 6], [15, 6], [15, 7], [15, 8], [14, 8], [13, 8], [13, 7], [12, 7], [12, 8], [11, 8], [10, 8], [10, 9], [10, 10], [11, 10], [12, 10], [13, 10], [14, 10], [14, 9], [15, 9], [16, 9], [16, 8], [17, 8], [18, 8], [18, 7], [19, 7], [19, 8], [19, 9], [19, 10], [18, 10], [18, 11], [19, 11], [19, 12], [19, 13], [19, 14], [18, 14], [18, 15], [19, 15], [19, 16], [19, 17], [18, 17], [18, 18], [17, 18], [17, 19], [18, 19], [19, 19]]",139,205,0,205,0.00041939993388950825,True
recursive_backtracking,bfs,20,20,2615507143,"[0, 0]","[19, 19]","[[11, 10, 12, 11, 10, 10, 8, 10, 12, 9, 10, 8, 14, 9, 8, 12, 9, 12, 11, 12], [9, 10, 6, 9, 12, 9, 6, 13, 5, 5, 13, 5, 9, 6, 5, 5, 5, 5, 9, 4], [3, 10, 10, 6, 5, 3, 12, 1, 6, 3, 6, 3, 2, 12, 5, 3, 6, 3, 6, 5], [11, 8, 12, 13, 3, 10, 6, 5, 9, 8, 10, 12, 13, 5, 5, 9, 10, 12, 9, 6], [9, 6, 3, 4, 11, 10, 12, 5, 7, 5, 11, 4, 3, 6, 3, 2, 14, 5, 3, 12], [1, 12, 13, 1, 10, 10, 6, 3, 12, 3, 12, 3, 10, 10, 12, 9, 10, 6, 9, 6], [5, 5, 5, 5, 9, 10, 8, 12, 3, 12, 3, 12, 11, 12, 3, 6, 9, 14, 5, 13], [7, 5, 1, 6, 3, 12, 5, 3, 14, 3, 12, 3, 12, 3, 12, 9, 2, 12, 5, 5], [9, 6, 3, 14, 9, 6, 3, 10, 8, 12, 3, 12, 5, 9, 6, 3, 12, 5, 3, 4], [3, 12, 9, 12, 5, 9, 12, 9, 6, 5, 13, 3, 6, 3, 8, 12, 5, 3, 10, 6], [9, 6, 5, 5, 5, 5, 7, 5, 9, 6, 1, 12, 9, 8, 6, 7, 5, 9, 12, 13], [5, 9, 6, 3, 6, 5, 9, 6, 3, 10, 6, 7, 5, 5, 9, 10, 6, 5, 3, 4], [1, 6, 9, 10, 12, 5, 3, 10, 12, 9, 10, 12, 5, 3, 6, 9, 12, 5, 11, 6], [3, 12, 5, 13, 5, 1, 10, 14, 5, 5, 13, 5, 5, 9, 10, 6, 5, 5, 9, 12], [13, 3, 6, 5, 3, 4, 9, 12, 5, 3, 4, 3, 6, 5, 9, 14, 5, 3, 4, 5], [3, 10, 8, 2, 14, 5, 5, 3, 2, 12, 3, 10, 12, 5, 3, 12, 3, 12, 5, 5], [9, 10, 6, 9, 10, 6, 5, 9, 12, 7, 9, 12, 5, 3, 12, 1, 10, 6, 7, 5], [5, 9, 10, 6, 9, 12, 5, 5, 3, 12, 5, 5, 3, 10, 6, 3, 10, 12, 9, 6], [5, 3, 10, 10, 6, 5, 5, 5, 13, 3, 6, 1, 14, 9, 10, 8, 14, 5, 3, 12], [3, 10, 10, 10, 10, 6, 3, 2, 2, 10, 14, 3, 10, 2, 14, 3, 10, 2, 10, 6]]","[[0, 0], [0, 1], [0, 2], [1, 2], [1, 1], [1, 0], [2, 0], [2, 1], [2, 2], [2, 3], [1, 3], [1, 4], [2, 4], [3, 4], [3, 5], [3, 6], [2, 6], [2, 5], [1, 5], [1, 6], [0, 6], [0, 7], [0, 8], [1, 8], [2, 8], [2, 7], [3, 7], [4, 7], [5, 7], [5, 8], [6, 8], [6, 9], [7, 9], [7, 10], [8, 10], [8, 11], [9, 11], [9, 12], [8, 12], [7, 12], [7, 11], [6, 11], [6, 10], [5, 10], [5, 9], [4, 9], [3, 9], [3, 10], [3, 11], [4, 11], [5, 11], [5, 12], [5, 13], [5, 14], [6, 14], [6, 15], [5, 15], [5, 16], [5, 17], [4, 17], [3, 17], [3, 16], [3, 15], [4, 15], [4, 14], [3, 14], [2, 14], [1, 14], [0, 14], [0, 15], [1, 15], [2, 15], [2, 16], [1, 16], [0, 16], [0, 17], [1, 17], [2, 17], [2, 18], [1, 18], [1, 19], [2, 19], [3, 19], [3, 18], [4, 18], [4, 19], [5, 19], [5, 18], [6, 18], [7, 18], [8, 18], [8, 19], [9, 19], [9, 18], [9, 17], [8, 17], [7, 17], [7, 16], [7, 15], [8, 15], [8, 16], [9, 16], [10, 16], [11, 16], [11, 15], [11, 14], [12, 14], [12, 13], [11, 13], [10, 13], [10, 12], [11, 12], [12, 12], [13, 12], [14, 12], [14, 11], [13, 11], [12, 11], [12, 10], [12, 9], [13, 9], [14, 9], [14, 10], [15, 10], [15, 11], [15, 12], [16, 12], [17, 12], [17, 13], [17, 14], [16, 14], [16, 13], [15, 13], [14, 13], [13, 13], [13, 14], [13, 15], [12, 15], [12, 16], [13, 16], [14, 16], [15, 16], [15, 17], [16, 17], [16, 16], [16, 15], [17, 15], [17, 16], [17, 17], [18, 17], [19, 17], [19, 18], [19, 19]]",153,203,0,203,0.0004176999209448695,True
recursive_backtracking,bfs,20,20,656439677,"[0, 0]","[19, 19]","[[13, 13, 9, 8, 10, 10, 10, 10, 10, 8, 10, 10, 10, 10, 12, 11, 10, 10, 8, 12], [5, 3, 4, 3, 10, 10, 12, 9, 12, 5, 9, 10, 12, 11, 2, 12, 9, 12, 7, 5], [3, 12, 7, 9, 10, 12, 3, 4, 5, 7, 5, 13, 3, 12, 13, 3, 6, 5, 9, 4], [13, 3, 12, 3, 12, 3, 12, 7, 3, 12, 3, 2, 12, 5, 1, 10, 10, 2, 6, 7], [1, 10, 6, 9, 6, 13, 3, 10, 12, 3, 8, 10, 6, 5, 3, 10, 14, 9, 10, 12], [5, 9, 10, 6, 9, 2, 8, 12, 3, 12, 3, 10, 12, 3, 10, 10, 10, 2, 14, 5], [5, 5, 9, 12, 3, 12, 5, 5, 13, 5, 11, 8, 2, 10, 10, 10, 12, 13, 9, 4], [3, 6, 5, 5, 9, 6, 5, 5, 5, 3, 12, 7, 9, 10, 12, 11, 2, 4, 5, 5], [9, 12, 5, 5, 5, 9, 6, 5, 1, 12, 3, 12, 5, 9, 6, 9, 12, 7, 5, 5], [5, 3, 6, 3, 4, 3, 12, 5, 7, 1, 14, 3, 6, 5, 9, 6, 3, 10, 6, 7], [7, 9, 10, 12, 1, 14, 5, 3, 10, 4, 9, 12, 9, 6, 3, 10, 10, 10, 10, 12], [9, 6, 13, 5, 7, 9, 6, 11, 12, 5, 5, 5, 5, 9, 10, 10, 10, 12, 9, 6], [5, 9, 6, 3, 12, 1, 10, 12, 3, 6, 5, 5, 3, 6, 9, 10, 14, 5, 1, 12], [5, 5, 9, 10, 6, 3, 14, 3, 10, 12, 5, 1, 10, 14, 1, 10, 10, 6, 7, 5], [5, 1, 6, 11, 10, 8, 10, 10, 10, 4, 5, 3, 10, 12, 5, 9, 10, 10, 10, 4], [5, 3, 10, 10, 10, 6, 9, 14, 9, 6, 5, 9, 12, 3, 6, 5, 9, 12, 9, 6], [1, 10, 10, 12, 9, 10, 2, 10, 2, 14, 5, 5, 5, 9, 12, 5, 5, 3, 6, 13], [3, 12, 13, 5, 3, 12, 9, 8, 14, 9, 6, 5, 5, 5, 5, 5, 3, 12, 9, 4], [13, 5, 5, 5, 11, 2, 6, 7, 9, 6, 9, 6, 3, 6, 3, 6, 13, 5, 7, 5], [3, 2, 6, 3, 10, 10, 10, 10, 2, 10, 6, 11, 10, 10, 10, 10, 2, 2, 10, 6]]","[[0, 0], [1, 0], [2, 0], [2, 1], [3, 1], [3, 2], [4, 2], [4, 1], [4, 0], [5, 0], [6, 0], [7, 0], [7, 1], [6, 1], [5, 1], [5, 2], [5, 3], [4, 3], [4, 4], [3, 4], [3, 3], [2, 3], [2, 4], [2, 5], [3, 5], [3, 6], [4, 6], [4, 7], [4, 8], [5, 8], [5, 9], [6, 9], [7, 9], [7, 10], [8, 10], [8, 11], [9, 11], [9, 12], [8, 12], [7, 12], [7, 13], [7, 14], [8, 14], [8, 13], [9, 13], [10, 13], [10, 12], [11, 12], [12, 12], [12, 13], [11, 13], [11, 14], [11, 15], [11, 16], [11, 17], [12, 17], [13, 17], [13, 16], [13, 15], [13, 14], [14, 14], [15, 14], [15, 13], [14, 13], [14, 12], [14, 11], [13, 11], [12, 11], [11, 11], [10, 11], [10, 10], [11, 10], [12, 10], [13, 10], [14, 10], [15, 10], [16, 10], [17, 10], [17, 9], [18, 9], [18, 8], [19, 8], [19, 9], [19, 10], [18, 10], [18, 11], [17, 11], [16, 11], [15, 11], [15, 12], [16, 12], [17, 12], [18, 12], [18, 13], [17, 13], [16, 13], [16, 14], [17, 14], [18, 14], [18, 15], [17, 15], [16, 15], [15, 15], [14, 15], [14, 16], [14, 17], [14, 18], [14, 19], [15, 19], [15, 18], [16, 18], [16, 17], [15, 17], [15, 16], [16, 16], [17, 16], [17, 17], [18, 17], [19, 17], [19, 18], [19, 19]]",121,199,0,199,0.000466100056655705,True
recursive_backtracking,bfs,20,20,3274958945,"[0, 0]","[19, 19]","[[13, 9, 10, 10, 10, 10, 10, 12, 11, 10, 10, 10, 8, 10, 12, 9, 8, 10, 12, 13], [3, 6, 9, 10, 10, 10, 12, 3, 10, 10, 10, 10, 6, 9, 6, 7, 5, 11, 2, 6], [9, 10, 4, 11, 10, 12, 3, 12, 13, 9, 8, 12, 13, 5, 9, 10, 6, 9, 10, 12], [3, 14, 5, 9, 12, 3, 12, 1, 6, 5, 5, 3, 6, 5, 1, 10, 12, 5, 9, 6], [9, 10, 4, 5, 3, 12, 1, 6, 9, 6, 3, 10, 10, 6, 1, 14, 5, 5, 3, 12], [5, 11, 4, 5, 13, 5, 3, 12, 3, 10, 10, 10, 10, 12, 7, 9, 6, 5, 13, 5], [3, 12, 5, 3, 4, 5, 13, 5, 9, 10, 8, 10, 14, 3, 12, 1, 10, 2, 6, 5], [9, 6, 7, 9, 6, 5, 1, 6, 1, 14, 5, 9, 8, 14, 5, 7, 9, 10, 12, 5], [5, 9, 10, 6, 9, 6, 5, 11, 4, 9, 6, 5, 3, 12, 3, 10, 6, 9, 6, 5], [5, 3, 12, 13, 5, 13, 3, 12, 5, 3, 12, 3, 12, 1, 10, 10, 14, 5, 11, 4], [1, 14, 5, 5, 5, 1, 14, 5, 3, 12, 3, 12, 5, 3, 10, 12, 9, 6, 9, 4], [1, 10, 6, 5, 5, 3, 8, 6, 11, 2, 14, 5, 3, 10, 12, 3, 6, 9, 6, 5], [3, 12, 9, 6, 3, 12, 5, 11, 8, 10, 10, 4, 9, 12, 5, 9, 10, 6, 13, 5], [13, 3, 4, 9, 10, 6, 3, 10, 6, 9, 14, 5, 7, 5, 3, 6, 9, 14, 1, 6], [5, 9, 6, 3, 10, 10, 12, 9, 10, 2, 10, 6, 9, 6, 9, 10, 2, 12, 5, 13], [5, 3, 10, 10, 12, 13, 5, 3, 10, 10, 10, 12, 5, 9, 6, 11, 12, 3, 6, 5], [5, 9, 8, 12, 5, 5, 3, 12, 11, 10, 10, 2, 6, 5, 11, 8, 4, 9, 12, 5], [3, 6, 5, 7, 3, 2, 12, 3, 10, 10, 10, 10, 10, 6, 9, 6, 3, 6, 5, 5], [9, 10, 6, 9, 10, 10, 6, 11, 8, 10, 10, 10, 10, 12, 3, 12, 9, 14, 5, 5], [3, 10, 10, 2, 10, 10, 10, 10, 6, 11, 10, 10, 10, 2, 10, 6, 3, 10, 2, 6]]","[[0, 0], [1, 0], [1, 1], [0, 1], [0, 2], [0, 3], [0, 4], [0, 5], [0, 6], [0, 7], [1, 7], [1, 8], [1, 9], [1, 10], [1, 11], [1, 12], [0, 12], [0, 13], [0, 14], [1, 14], [1, 13], [2, 13], [3, 13], [4, 13], [4, 12], [4, 11], [4, 10], [3, 10], [2, 10], [2, 9], [3, 9], [4, 9], [4, 8], [5, 8], [5, 9], [5, 10], [5, 11], [5, 12], [5, 13], [6, 13], [6, 14], [7, 14], [8, 14], [8, 15], [8, 16], [7, 16], [7, 17], [7, 18], [8, 18], [8, 17], [9, 17], [10, 17], [10, 16], [11, 16], [11, 15], [10, 15], [10, 14], [10, 13], [9, 13], [8, 13], [8, 12], [7, 12], [7, 11], [8, 11], [9, 11], [9, 12], [10, 12], [11, 12], [11, 13], [11, 14], [12, 14], [13, 14], [13, 15], [12, 15], [12, 16], [12, 17], [11, 17], [11, 18], [10, 18], [10, 19], [11, 19], [12, 19], [13, 19], [13, 18], [14, 18], [15, 18], [15, 17], [14, 17], [14, 16], [14, 15], [14, 14], [15, 14], [15, 13], [16, 13], [17, 13], [17, 12], [17, 11], [17, 10], [17, 9], [17, 8], [17, 7], [16, 7], [16, 6], [15, 6], [14, 6], [14, 5], [14, 4], [14, 3], [13, 3], [13, 4], [13, 5], [12, 5], [12, 4], [11, 4], [10, 4], [9, 4], [8, 4], [8, 5], [7, 5], [6, 5], [5, 5], [4, 5], [4, 4], [3, 4], [3, 3], [4, 3], [5, 3], [6, 3], [6, 4], [7, 4], [7, 3], [8, 3], [8, 2], [8, 1], [9, 1], [9, 2], [10, 2], [11, 2], [11, 1], [11, 0], [12, 0], [12, 1], [13, 1], [13, 2], [14, 2], [14, 1], [15, 1], [15, 2], [15, 3], [15, 4], [16, 4], [17, 4], [17, 5], [17, 6], [18, 6], [18, 5], [18, 4], [18, 3], [19, 3], [19, 4], [19, 5], [19, 6], [19, 7], [19, 8], [18, 8], [18, 9], [18, 10], [18, 11], [18, 12], [18, 13], [19, 13], [19, 14], [19, 15], [18, 15], [18, 14], [17, 14], [17, 15], [16, 15], [16, 16], [17, 16], [17, 17], [16, 17], [16, 18], [17, 18], [18, 18], [19, 18], [19, 19]]",187,357,0,357,0.0007702999282628298,True
recursive_backtracking,bfs,20,20,1392239675,"[0, 0]","[19, 19]","[[13, 11, 10, 8, 10, 10, 12, 9, 10, 8, 10, 10, 10, 12, 11, 8, 10, 14, 9, 12], [3, 10, 12, 5, 11, 12, 5, 3, 14, 5, 9, 8, 14, 5, 9, 6, 9, 10, 6, 5], [9, 12, 5, 5, 9, 6, 3, 10, 12, 5, 5, 3, 12, 5, 5, 9, 6, 13, 9, 4], [5, 7, 3, 6, 1, 10, 10, 12, 3, 6, 5, 13, 3, 6, 1, 6, 9, 6, 5, 7], [1, 10, 8, 14, 5, 13, 9, 6, 9, 10, 6, 3, 8, 14, 3, 12, 3, 12, 3, 12], [5, 13, 3, 10, 6, 5, 3, 10, 6, 9, 10, 12, 3, 8, 10, 6, 9, 2, 14, 5], [3, 2, 12, 9, 8, 2, 12, 9, 10, 2, 12, 3, 12, 3, 10, 8, 6, 9, 10, 4], [11, 12, 5, 7, 5, 11, 6, 3, 12, 9, 6, 9, 6, 11, 8, 6, 9, 6, 13, 5], [9, 6, 3, 12, 1, 10, 10, 10, 6, 3, 12, 5, 9, 12, 3, 12, 3, 12, 3, 6], [3, 12, 9, 6, 3, 12, 11, 12, 9, 10, 6, 3, 6, 3, 12, 3, 14, 3, 10, 12], [9, 6, 3, 10, 12, 3, 10, 6, 5, 9, 10, 10, 12, 9, 6, 9, 10, 10, 10, 6], [5, 9, 8, 14, 5, 9, 10, 10, 6, 3, 8, 12, 7, 5, 9, 2, 10, 10, 10, 12], [1, 6, 3, 12, 3, 6, 11, 8, 10, 12, 5, 5, 9, 6, 3, 10, 10, 10, 12, 5], [3, 10, 12, 1, 12, 9, 10, 6, 9, 6, 7, 5, 5, 9, 12, 11, 10, 8, 6, 5], [9, 14, 5, 5, 5, 5, 9, 14, 5, 9, 10, 6, 5, 5, 3, 10, 12, 3, 14, 5], [5, 9, 6, 5, 3, 6, 5, 9, 2, 6, 9, 10, 6, 3, 12, 13, 3, 10, 10, 4], [1, 6, 13, 3, 10, 12, 3, 6, 9, 12, 5, 11, 8, 12, 5, 1, 8, 14, 9, 6], [3, 12, 1, 10, 14, 5, 9, 10, 6, 5, 3, 10, 6, 3, 6, 5, 3, 12, 3, 12], [13, 5, 3, 10, 12, 3, 6, 11, 12, 5, 9, 10, 8, 14, 9, 6, 13, 3, 10, 6], [3, 2, 10, 10, 2, 10, 10, 10, 6, 3, 2, 14, 3, 10, 2, 10, 2, 10, 10, 14]]","[[0, 0], [1, 0], [1, 1], [1, 2], [2, 2], [3, 2], [3, 3], [2, 3], [1, 3], [0, 3], [0, 4], [0, 5], [0, 6], [1, 6], [2, 6], [2, 7], [2, 8], [3, 8], [3, 9], [2, 9], [1, 9], [0, 9], [0, 10], [0, 11], [0, 12], [0, 13], [1, 13], [2, 13], [3, 13], [3, 12], [2, 12], [2, 11], [1, 11], [1, 10], [2, 10], [3, 10], [4, 10], [4, 9], [4, 8], [5, 8], [5, 7], [5, 6], [4, 6], [4, 7], [3, 7], [3, 6], [3, 5], [3, 4], [4, 4], [5, 4], [5, 3], [5, 2], [4, 2], [4, 1], [4, 0], [5, 0], [6, 0], [6, 1], [6, 2], [7, 2], [8, 2], [8, 3], [9, 3], [9, 2], [10, 2], [10, 3], [10, 4], [11, 4], [12, 4], [12, 5], [11, 5], [11, 6], [11, 7], [11, 8], [10, 8], [9, 8], [9, 9], [9, 10], [8, 10], [8, 9], [7, 9], [7, 10], [6, 10], [6, 9], [5, 9], [5, 10], [5, 11], [6, 11], [6, 12], [7, 12], [7, 11], [8, 11], [9, 11], [9, 12], [8, 12], [8, 13], [9, 13], [9, 14], [10, 14], [10, 13], [11, 13], [12, 13], [12, 12], [13, 12], [14, 12], [15, 12], [15, 11], [15, 10], [16, 10], [17, 10], [17, 11], [17, 12], [16, 12], [16, 13], [17, 13], [17, 14], [16, 14], [15, 14], [15, 13], [14, 13], [13, 13], [13, 14], [14, 14], [14, 15], [14, 16], [15, 16], [15, 17], [15, 18], [15, 19], [16, 19], [16, 18], [17, 18], [17, 19], [18, 19], [18, 18], [18, 17], [17, 17], [17, 16], [16, 16], [16, 15], [17, 15], [18, 15], [18, 14], [19, 14], [19, 15], [19, 16], [19, 17], [19, 18], [19, 19]]",149,234,0,234,0.0004697999684140086,True
recursive_backtracking,bfs,20,20,83651970,"[0, 0]","[19, 19]","[[13, 9, 10, 8, 12, 13, 9, 12, 9, 8, 10, 10, 14, 9, 10, 10, 12, 9, 8, 14], [5, 5, 13, 5, 3, 4, 5, 3, 6, 3, 12, 9, 10, 2, 10, 14, 1, 6, 3, 12], [5, 3, 4, 3, 12, 5, 3, 12, 9, 12, 3, 6, 9, 10, 10, 12, 7, 9, 12, 5], [5, 13, 5, 13, 5, 3, 12, 3, 4, 3, 10, 14, 5, 13, 9, 6, 9, 6, 3, 4], [5, 3, 2, 6, 5, 13, 5, 13, 5, 9, 10, 10, 6, 3, 2, 10, 6, 13, 9, 6], [3, 12, 9, 10, 6, 5, 3, 4, 5, 3, 10, 10, 10, 10, 10, 12, 13, 1, 6, 13], [9, 6, 5, 9, 10, 2, 10, 6, 5, 9, 10, 10, 12, 9, 10, 6, 5, 3, 10, 4], [5, 11, 4, 7, 9, 10, 10, 10, 6, 7, 9, 12, 5, 3, 10, 12, 5, 9, 10, 6], [3, 12, 1, 12, 5, 9, 12, 11, 8, 12, 5, 5, 1, 12, 9, 6, 1, 6, 9, 12], [13, 5, 7, 1, 2, 6, 3, 10, 6, 3, 6, 3, 6, 7, 1, 12, 3, 10, 6, 5], [5, 3, 12, 3, 14, 9, 10, 10, 12, 9, 12, 9, 10, 12, 7, 3, 12, 13, 9, 6], [1, 12, 3, 12, 9, 6, 11, 12, 3, 6, 3, 6, 9, 6, 9, 10, 6, 5, 3, 12], [5, 3, 10, 6, 5, 9, 12, 1, 10, 8, 14, 9, 6, 9, 4, 9, 12, 1, 10, 6], [3, 10, 10, 12, 3, 6, 5, 1, 12, 5, 9, 6, 9, 6, 3, 6, 5, 5, 9, 12], [13, 9, 10, 6, 9, 12, 5, 7, 5, 5, 3, 12, 5, 9, 10, 10, 6, 5, 7, 5], [5, 5, 9, 10, 6, 3, 6, 9, 6, 3, 12, 5, 5, 3, 10, 10, 12, 3, 10, 6], [1, 6, 1, 12, 9, 10, 10, 4, 9, 10, 6, 5, 3, 12, 11, 12, 3, 10, 10, 12], [5, 13, 5, 5, 5, 9, 12, 5, 5, 9, 10, 6, 13, 1, 10, 2, 14, 9, 12, 5], [5, 3, 6, 5, 3, 6, 5, 5, 7, 3, 10, 12, 3, 6, 9, 10, 10, 6, 5, 5], [3, 10, 10, 6, 11, 10, 6, 3, 10, 10, 10, 2, 10, 10, 6, 11, 10, 10, 2, 6]]","[[0, 0], [1, 0], [2, 0], [3, 0], [4, 0], [5, 0], [5, 1], [6, 1], [6, 0], [7, 0], [8, 0], [8, 1], [9, 1], [10, 1], [10, 2], [11, 2], [11, 3], [12, 3], [12, 2], [12, 1], [11, 1], [11, 0], [12, 0], [13, 0], [13, 1], [13, 2], [13, 3], [14, 3], [14, 2], [14, 1], [15, 1], [16, 1], [16, 0], [17, 0], [18, 0], [19, 0], [19, 1], [19, 2], [19, 3], [18, 3], [17, 3], [16, 3], [16, 2], [15, 2], [15, 3], [15, 4], [14, 4], [14, 5], [15, 5], [15, 6], [14, 6], [13, 6], [12, 6], [12, 5], [13, 5], [13, 4], [12, 4], [11, 4], [11, 5], [10, 5], [10, 6], [10, 7], [10, 8], [11, 8], [11, 9], [10, 9], [10, 10], [11, 10], [11, 11], [10, 11], [10, 12], [10, 13], [11, 13], [11, 12], [12, 12], [12, 11], [13, 11], [13, 10], [14, 10], [14, 11], [15, 11], [16, 11], [17, 11], [17, 10], [17, 9], [18, 9], [18, 10], [18, 11], [19, 11], [19, 12], [19, 13], [19, 14], [18, 14], [18, 15], [18, 16], [18, 17], [17, 17], [17, 18], [18, 18], [19, 18], [19, 19]]",101,126,0,126,0.0002650999231263995,True
recursive_backtracking,bfs,20,20,3990448177,"[0, 0]","[19, 19]","[[11, 12, 9, 12, 9, 10, 10, 10, 8, 12, 11, 10, 8, 10, 10, 10, 8, 10, 10, 12], [9, 6, 5, 5, 5, 9, 10, 10, 6, 3, 10, 12, 5, 11, 10, 8, 6, 9, 12, 5], [5, 13, 5, 3, 6, 5, 13, 9, 8, 14, 9, 6, 3, 8, 12, 7, 9, 6, 5, 5], [5, 1, 6, 9, 10, 6, 1, 6, 5, 9, 6, 9, 12, 7, 3, 10, 2, 14, 5, 5], [5, 7, 9, 6, 13, 9, 2, 14, 5, 3, 10, 6, 5, 9, 10, 10, 10, 12, 5, 5], [5, 9, 6, 11, 2, 6, 9, 10, 2, 10, 12, 9, 6, 5, 9, 12, 13, 3, 6, 5], [3, 6, 9, 12, 9, 12, 5, 9, 10, 10, 6, 3, 12, 1, 6, 5, 3, 10, 12, 5], [9, 10, 4, 3, 6, 3, 6, 5, 9, 12, 11, 12, 5, 5, 13, 3, 10, 12, 1, 6], [5, 13, 3, 10, 10, 12, 11, 2, 6, 5, 9, 4, 5, 3, 2, 8, 14, 5, 5, 13], [5, 5, 9, 10, 12, 5, 9, 10, 12, 3, 6, 7, 3, 12, 9, 6, 9, 6, 5, 5], [3, 4, 5, 11, 4, 5, 3, 12, 5, 9, 10, 12, 9, 6, 3, 12, 5, 13, 3, 4], [9, 6, 3, 12, 5, 1, 12, 5, 3, 6, 9, 6, 3, 12, 9, 6, 5, 3, 10, 4], [3, 10, 14, 5, 3, 6, 7, 5, 9, 12, 3, 12, 9, 6, 3, 14, 3, 8, 12, 7], [9, 10, 12, 5, 9, 10, 10, 6, 5, 3, 12, 5, 5, 9, 10, 10, 12, 5, 3, 12], [5, 11, 4, 5, 3, 12, 9, 14, 5, 9, 6, 3, 6, 5, 9, 14, 5, 5, 13, 5], [3, 12, 3, 2, 14, 5, 1, 10, 6, 3, 10, 8, 10, 6, 3, 12, 5, 3, 6, 5], [9, 6, 9, 10, 10, 6, 7, 9, 12, 9, 10, 6, 11, 8, 10, 6, 5, 9, 10, 4], [3, 12, 5, 9, 10, 10, 10, 6, 5, 5, 13, 9, 8, 6, 9, 12, 3, 6, 13, 5], [9, 6, 5, 5, 9, 14, 9, 12, 5, 5, 5, 5, 3, 12, 5, 5, 9, 10, 2, 6], [3, 10, 2, 6, 3, 10, 6, 3, 2, 6, 3, 2, 14, 3, 6, 3, 2, 10, 10, 14]]","[[0, 0], [0, 1], [1, 1], [1, 0], [2, 0], [3, 0], [4, 0], [5, 0], [6, 0], [6, 1], [5, 1], [5, 2], [4, 2], [4, 3], [3, 3], [3, 4], [3, 5], [2, 5], [1, 5], [1, 6], [1, 7], [1, 8], [0, 8], [0, 9], [1, 9], [1, 10], [1, 11], [2, 11], [2, 10], [3, 10], [3, 9], [4, 9], [4, 10], [4, 11], [3, 11], [3, 12], [4, 12], [5, 12], [5, 11], [6, 11], [6, 12], [7, 12], [8, 12], [9, 12], [9, 13], [10, 13], [10, 12], [11, 12], [11, 13], [12, 13], [12, 12], [13, 12], [14, 12], [14, 11], [13, 11], [12, 11], [12, 10], [11, 10], [11, 11], [10, 11], [10, 10], [10, 9], [11, 9], [11, 8], [10, 8], [9, 8], [9, 7], [9, 6], [10, 6], [10, 7], [11, 7], [12, 7], [13, 7], [13, 6], [13, 5], [13, 4], [14, 4], [14, 5], [15, 5], [16, 5], [16, 4], [16, 3], [16, 2], [17, 2], [18, 2], [19, 2], [19, 3], [18, 3], [17, 3], [17, 4], [17, 5], [17, 6], [17, 7], [16, 7], [16, 8], [17, 8], [18, 8], [19, 8], [19, 9], [18, 9], [17, 9], [16, 9], [16, 10], [16, 11], [15, 11], [15, 12], [15, 13], [14, 13], [13, 13], [13, 14], [13, 15], [13, 16], [14, 16], [15, 16], [16, 16], [17, 16], [17, 17], [16, 17], [16, 18], [16, 19], [17, 19], [18, 19], [18, 18], [18, 17], [18, 16], [19, 16], [19, 17], [19, 18], [19, 19]]",129,239,0,239,0.00048099993728101254,True
recursive_backtracking,bfs,20,20,1320763135,"[0, 0]","[19, 19]","[[13, 11, 8, 12, 9, 10, 10, 12, 9, 12, 9, 8, 14, 9, 10, 12, 9, 10, 8, 12], [3, 10, 6, 3, 6, 9, 14, 3, 6, 5, 5, 3, 12, 5, 13, 3, 6, 13, 5, 5], [9, 12, 9, 10, 14, 1, 10, 8, 12, 5, 3, 12, 3, 6, 1, 8, 10, 6, 5, 5], [5, 5, 3, 12, 9, 6, 9, 6, 5, 3, 12, 3, 10, 12, 5, 5, 9, 10, 6, 5], [5, 3, 12, 1, 6, 13, 3, 12, 3, 12, 3, 10, 12, 3, 4, 7, 5, 9, 10, 6], [3, 12, 5, 3, 10, 6, 9, 6, 13, 5, 9, 10, 6, 9, 6, 9, 6, 3, 10, 12], [9, 4, 3, 10, 10, 12, 5, 11, 2, 4, 5, 11, 10, 6, 9, 6, 9, 10, 10, 6], [5, 7, 9, 12, 11, 2, 6, 9, 12, 7, 3, 10, 12, 9, 6, 13, 5, 9, 10, 12], [3, 10, 6, 5, 9, 10, 12, 5, 3, 10, 12, 9, 6, 5, 11, 2, 2, 6, 13, 5], [9, 10, 10, 6, 3, 12, 5, 3, 10, 12, 3, 6, 9, 4, 9, 10, 10, 12, 5, 5], [1, 10, 10, 10, 10, 6, 3, 12, 9, 6, 11, 12, 5, 3, 6, 13, 9, 6, 3, 6], [3, 10, 12, 9, 12, 9, 12, 5, 5, 9, 12, 3, 2, 10, 12, 5, 3, 10, 10, 12], [9, 14, 5, 5, 7, 5, 3, 4, 5, 5, 3, 10, 12, 11, 2, 2, 14, 9, 10, 4], [1, 10, 6, 3, 12, 3, 12, 5, 5, 3, 12, 9, 6, 9, 12, 9, 8, 6, 11, 4], [5, 11, 10, 8, 2, 12, 5, 7, 3, 12, 5, 3, 10, 6, 5, 5, 7, 9, 12, 5], [3, 10, 12, 3, 12, 7, 3, 10, 12, 3, 6, 9, 10, 10, 6, 1, 10, 6, 5, 7], [9, 12, 3, 12, 3, 10, 8, 12, 3, 10, 12, 3, 10, 12, 9, 6, 9, 12, 3, 12], [5, 5, 9, 6, 9, 10, 6, 5, 9, 14, 3, 10, 10, 6, 7, 9, 6, 3, 12, 5], [5, 5, 5, 11, 2, 12, 9, 6, 3, 10, 8, 12, 11, 10, 8, 6, 9, 14, 3, 4], [7, 3, 2, 10, 10, 6, 3, 10, 10, 10, 6, 3, 10, 10, 6, 11, 2, 10, 10, 6]]","[[0, 0], [1, 0], [1, 1], [1, 2], [0, 2], [0, 3], [1, 3], [1, 4], [0, 4], [0, 5], [0, 6], [0, 7], [1, 7], [1, 8], [0, 8], [0, 9], [1, 9], [2, 9], [3, 9], [3, 10], [4, 10], [4, 11], [4, 12], [5, 12], [5, 11], [5, 10], [6, 10], [7, 10], [7, 11], [7, 12], [8, 12], [8, 11], [9, 11], [9, 10], [8, 10], [8, 9], [8, 8], [7, 8], [7, 7], [8, 7], [9, 7], [9, 8], [9, 9], [10, 9], [10, 8], [11, 8], [12, 8], [13, 8], [14, 8], [14, 9], [15, 9], [15, 10], [14, 10], [13, 10], [13, 9], [12, 9], [11, 9], [11, 10], [12, 10], [12, 11], [12, 12], [13, 12], [13, 11], [14, 11], [14, 12], [14, 13], [13, 13], [13, 14], [14, 14], [15, 14], [15, 13], [15, 12], [15, 11], [16, 11], [16, 12], [16, 13], [17, 13], [17, 12], [17, 11], [17, 10], [16, 10], [16, 9], [16, 8], [15, 8], [15, 7], [15, 6], [14, 6], [13, 6], [13, 5], [12, 5], [11, 5], [11, 6], [12, 6], [12, 7], [11, 7], [10, 7], [10, 6], [9, 6], [8, 6], [8, 5], [8, 4], [9, 4], [9, 5], [10, 5], [10, 4], [10, 3], [10, 2], [10, 1], [10, 0], [11, 0], [11, 1], [11, 2], [12, 2], [13, 2], [13, 1], [13, 0], [14, 0], [15, 0], [15, 1], [15, 2], [16, 2], [16, 3], [17, 3], [17, 2], [18, 2], [19, 2], [19, 3], [19, 4], [19, 5], [18, 5], [18, 4], [17, 4], [17, 5], [17, 6], [16, 6], [16, 7], [17, 7], [18, 7], [18, 6], [19, 6], [19, 7], [19, 8], [19, 9], [19, 10], [18, 10], [18, 11], [19, 11], [19, 12], [19, 13], [19, 14], [18, 14], [18, 15], [17, 15], [17, 16], [16, 16], [16, 17], [17, 17], [17, 18], [18, 18], [18, 19], [19, 19]]",161,264,0,264,0.0005293000722303987,True
recursive_backtracking,bfs,20,20,248786714,"[0, 0]","[19, 19]","[[13, 9, 10, 10, 10, 8, 12, 13, 9, 8, 10, 10, 14, 9, 10, 8, 10, 12, 11, 12], [5, 3, 10, 10, 14, 5, 5, 3, 4, 5, 9, 10, 12, 5, 13, 3, 12, 3, 10, 4], [3, 10, 10, 12, 9, 6, 3, 12, 5, 3, 6, 13, 3, 6, 5, 9, 6, 9, 12, 5], [9, 10, 14, 3, 6, 9, 10, 6, 3, 12, 9, 2, 10, 8, 4, 5, 13, 5, 3, 6], [1, 10, 10, 12, 9, 6, 9, 10, 10, 6, 3, 12, 13, 5, 5, 5, 3, 6, 9, 12], [3, 12, 13, 3, 6, 13, 5, 13, 9, 12, 9, 2, 6, 5, 5, 3, 10, 10, 6, 5], [9, 6, 1, 8, 12, 1, 6, 3, 6, 3, 6, 9, 10, 6, 3, 10, 12, 13, 9, 4], [3, 12, 5, 5, 7, 5, 9, 10, 10, 12, 9, 6, 9, 10, 14, 9, 2, 6, 5, 7], [9, 6, 5, 3, 12, 5, 3, 10, 12, 5, 5, 9, 6, 9, 10, 6, 9, 12, 3, 12], [3, 12, 3, 12, 3, 2, 10, 10, 6, 5, 5, 1, 12, 5, 13, 9, 6, 3, 10, 4], [13, 3, 12, 7, 9, 10, 12, 11, 10, 2, 6, 5, 3, 2, 6, 3, 12, 9, 12, 7], [1, 12, 3, 10, 6, 13, 3, 10, 12, 13, 9, 6, 13, 9, 12, 9, 4, 5, 3, 12], [5, 3, 10, 12, 9, 0, 12, 9, 6, 1, 6, 11, 4, 5, 3, 6, 7, 5, 9, 6], [3, 12, 9, 6, 5, 5, 5, 5, 13, 3, 10, 10, 4, 3, 10, 12, 9, 6, 3, 12], [9, 6, 3, 12, 5, 5, 7, 5, 1, 10, 14, 9, 6, 11, 12, 3, 6, 13, 9, 4], [5, 9, 12, 3, 6, 3, 12, 5, 5, 9, 10, 6, 9, 10, 6, 9, 8, 4, 5, 5], [5, 5, 1, 10, 10, 12, 3, 6, 5, 5, 9, 10, 2, 10, 10, 6, 5, 5, 5, 7], [5, 7, 3, 12, 9, 6, 11, 10, 2, 4, 7, 9, 10, 10, 12, 9, 6, 7, 3, 12], [3, 10, 10, 6, 3, 12, 9, 10, 12, 3, 10, 6, 9, 12, 3, 6, 9, 10, 10, 4], [11, 10, 10, 10, 10, 2, 6, 11, 2, 10, 10, 10, 6, 3, 10, 10, 6, 11, 10, 6]]","[[0, 0], [1, 0], [2, 0], [2, 1], [2, 2], [2, 3], [3, 3], [3, 4], [2, 4], [2, 5], [1, 5], [0, 5], [0, 6], [1, 6], [2, 6], [2, 7], [3, 7], [3, 6], [3, 5], [4, 5], [4, 4], [5, 4], [5, 3], [4, 3], [4, 2], [4, 1], [4, 0], [5, 0], [5, 1], [6, 1], [6, 0], [7, 0], [7, 1], [8, 1], [8, 0], [9, 0], [9, 1], [10, 1], [10, 2], [11, 2], [11, 3], [11, 4], [10, 4], [10, 5], [10, 6], [11, 6], [11, 7], [11, 8], [12, 8], [12, 7], [13, 7], [14, 7], [15, 7], [16, 7], [16, 6], [15, 6], [15, 5], [14, 5], [13, 5], [12, 5], [12, 4], [13, 4], [14, 4], [15, 4], [15, 3], [14, 3], [14, 2], [13, 2], [13, 3], [12, 3], [12, 2], [12, 1], [11, 1], [11, 0], [12, 0], [13, 0], [13, 1], [14, 1], [14, 0], [15, 0], [16, 0], [17, 0], [18, 0], [18, 1], [18, 2], [18, 3], [17, 3], [17, 2], [16, 2], [16, 3], [16, 4], [16, 5], [17, 5], [17, 4], [18, 4], [18, 5], [19, 5], [19, 6], [18, 6], [18, 7], [18, 8], [19, 8], [19, 9], [19, 10], [19, 11], [19, 12], [18, 12], [18, 13], [19, 13], [19, 14], [19, 15], [19, 16], [18, 16], [18, 17], [18, 18], [18, 19], [19, 19]]",117,144,0,144,0.0003093000268563628,True
recursive_backtracking,bfs,20,20,4067116918,"[0, 0]","[19, 19]","[[11, 12, 9, 10, 12, 9, 10, 10, 10, 10, 10, 12, 9, 10, 12, 9, 8, 10, 10, 12], [13, 3, 6, 13, 5, 1, 10, 12, 9, 10, 10, 2, 6, 9, 6, 5, 3, 12, 11, 6], [1, 14, 9, 2, 6, 1, 14, 5, 7, 9, 10, 12, 9, 2, 14, 3, 12, 3, 10, 12], [1, 12, 5, 11, 10, 6, 9, 6, 9, 6, 13, 5, 7, 9, 10, 10, 6, 9, 10, 4], [5, 5, 3, 10, 10, 12, 1, 12, 5, 11, 4, 3, 12, 3, 10, 8, 14, 5, 13, 5], [5, 1, 14, 9, 10, 6, 7, 3, 2, 10, 2, 12, 5, 9, 10, 6, 9, 6, 1, 6], [5, 3, 10, 6, 9, 10, 8, 10, 12, 11, 10, 6, 1, 6, 13, 9, 6, 13, 5, 13], [3, 10, 10, 12, 5, 13, 5, 13, 3, 10, 10, 12, 3, 10, 4, 5, 13, 1, 6, 5], [13, 9, 10, 6, 3, 6, 5, 1, 12, 11, 12, 5, 13, 9, 6, 5, 5, 3, 12, 5], [5, 5, 9, 8, 10, 12, 5, 5, 3, 10, 6, 5, 1, 6, 13, 5, 1, 12, 5, 5], [5, 5, 5, 3, 12, 3, 6, 1, 10, 10, 12, 5, 3, 12, 5, 5, 5, 3, 6, 5], [5, 5, 7, 9, 6, 9, 12, 5, 11, 12, 3, 6, 9, 6, 5, 5, 5, 11, 10, 4], [5, 3, 10, 6, 9, 6, 5, 3, 10, 2, 10, 12, 3, 10, 4, 5, 3, 10, 10, 4], [1, 8, 10, 14, 5, 13, 1, 12, 9, 12, 13, 5, 9, 12, 5, 5, 11, 8, 10, 6], [5, 3, 10, 10, 2, 6, 5, 5, 5, 1, 6, 5, 5, 3, 6, 3, 12, 3, 12, 13], [3, 12, 9, 12, 9, 10, 6, 1, 6, 7, 9, 6, 3, 10, 10, 14, 5, 13, 5, 5], [13, 3, 6, 5, 5, 11, 10, 4, 9, 10, 6, 9, 12, 9, 10, 12, 5, 1, 6, 5], [1, 10, 10, 6, 3, 10, 12, 5, 3, 12, 11, 4, 5, 3, 12, 3, 6, 3, 10, 4], [5, 11, 8, 12, 9, 10, 6, 3, 14, 3, 10, 6, 3, 12, 5, 9, 10, 10, 12, 5], [3, 10, 6, 7, 3, 10, 10, 10, 10, 10, 10, 10, 10, 2, 6, 3, 10, 14, 3, 6]]","[[0, 0], [0, 1], [1, 1], [1, 2], [0, 2], [0, 3], [0, 4], [1, 4], [2, 4], [2, 3], [2, 2], [3, 2], [4, 2], [4, 3], [4, 4], [4, 5], [5, 5], [5, 4], [5, 3], [6, 3], [6, 2], [6, 1], [5, 1], [4, 1], [3, 1], [3, 0], [4, 0], [5, 0], [6, 0], [7, 0], [7, 1], [7, 2], [7, 3], [8, 3], [8, 2], [8, 1], [9, 1], [10, 1], [11, 1], [12, 1], [12, 2], [12, 3], [11, 3], [11, 4], [10, 4], [10, 3], [9, 3], [9, 4], [9, 5], [10, 5], [10, 6], [9, 6], [8, 6], [7, 6], [6, 6], [6, 7], [6, 8], [7, 8], [7, 9], [7, 10], [7, 11], [8, 11], [9, 11], [10, 11], [11, 11], [11, 10], [10, 10], [10, 9], [10, 8], [10, 7], [11, 7], [12, 7], [12, 8], [12, 9], [12, 10], [12, 11], [13, 11], [14, 11], [15, 11], [15, 10], [16, 10], [16, 9], [16, 8], [17, 8], [17, 9], [18, 9], [18, 10], [18, 11], [17, 11], [16, 11], [16, 12], [17, 12], [18, 12], [18, 13], [19, 13], [19, 14], [18, 14], [17, 14], [17, 13], [16, 13], [16, 14], [16, 15], [17, 15], [17, 16], [16, 16], [15, 16], [14, 16], [14, 15], [13, 15], [12, 15], [11, 15], [10, 15], [9, 15], [8, 15], [7, 15], [6, 15], [6, 16], [5, 16], [5, 17], [4, 17], [3, 17], [3, 18], [3, 19], [4, 19], [5, 19], [5, 18], [6, 18], [7, 18], [7, 17], [8, 17], [8, 18], [9, 18], [10, 18], [10, 17], [9, 17], [9, 16], [10, 16], [11, 16], [12, 16], [12, 17], [12, 18], [12, 19], [13, 19], [13, 18], [13, 17], [14, 17], [14, 18], [15, 18], [16, 18], [16, 17], [17, 17], [17, 18], [17, 19], [18, 19], [19, 19]]",155,329,0,329,0.0007514000171795487,True
recursive_backtracking,bfs,20,20,3289233844,"[0, 0]","[19, 19]","[[11, 10, 12, 13, 9, 12, 9, 10, 10, 10, 10, 10, 8, 10, 12, 9, 10, 12, 9, 12], [9, 10, 6, 3, 6, 3, 4, 9, 12, 9, 10, 10, 6, 11, 2, 6, 9, 6, 5, 5], [3, 10, 10, 10, 10, 12, 5, 5, 7, 3, 10, 10, 10, 12, 9, 14, 5, 11, 4, 7], [11, 10, 8, 12, 9, 6, 5, 1, 10, 12, 9, 12, 9, 6, 1, 12, 3, 12, 3, 12], [9, 10, 4, 7, 3, 12, 5, 3, 12, 3, 6, 5, 5, 11, 6, 3, 12, 3, 12, 5], [5, 13, 5, 9, 10, 6, 5, 9, 6, 11, 12, 5, 3, 10, 10, 12, 3, 10, 2, 4], [5, 5, 5, 3, 12, 13, 5, 3, 10, 10, 6, 5, 9, 8, 14, 3, 10, 12, 9, 6], [5, 3, 6, 9, 6, 1, 6, 9, 10, 10, 12, 3, 6, 5, 9, 10, 10, 6, 3, 12], [3, 12, 9, 6, 9, 6, 9, 6, 9, 12, 3, 10, 10, 4, 5, 11, 8, 10, 12, 5], [9, 4, 5, 13, 3, 12, 3, 12, 5, 3, 10, 10, 10, 6, 3, 12, 3, 12, 5, 5], [5, 7, 5, 1, 12, 5, 9, 6, 7, 9, 10, 10, 10, 10, 12, 5, 11, 6, 5, 5], [1, 12, 5, 5, 3, 6, 1, 10, 12, 3, 10, 12, 13, 9, 6, 5, 9, 12, 5, 5], [5, 5, 5, 5, 9, 12, 5, 9, 2, 14, 9, 6, 3, 2, 12, 3, 6, 5, 1, 6], [5, 3, 6, 3, 6, 5, 5, 3, 10, 12, 3, 10, 12, 13, 3, 10, 10, 6, 3, 12], [5, 9, 12, 9, 10, 6, 3, 12, 13, 1, 8, 14, 5, 5, 9, 10, 10, 10, 10, 6], [3, 6, 5, 5, 11, 10, 10, 2, 6, 5, 7, 9, 6, 5, 5, 13, 9, 12, 9, 12], [9, 12, 5, 3, 10, 10, 10, 10, 10, 4, 9, 6, 9, 4, 5, 1, 6, 3, 6, 5], [5, 5, 3, 12, 13, 9, 10, 10, 12, 5, 3, 12, 5, 3, 6, 3, 10, 10, 14, 5], [5, 1, 14, 5, 3, 6, 9, 12, 3, 6, 9, 6, 3, 10, 10, 10, 10, 10, 12, 5], [7, 3, 10, 2, 10, 10, 6, 3, 10, 10, 6, 11, 10, 10, 10, 10, 10, 10, 2, 6]]","[[0, 0], [0, 1], [0, 2], [1, 2], [1, 1], [1, 0], [2, 0], [2, 1], [2, 2], [2, 3], [2, 4], [2, 5], [3, 5], [3, 4], [4, 4], [4, 5], [5, 5], [5, 4], [5, 3], [6, 3], [6, 4], [7, 4], [7, 3], [8, 3], [8, 2], [9, 2], [10, 2], [11, 2], [12, 2], [13, 2], [13, 1], [12, 1], [11, 1], [11, 0], [12, 0], [13, 0], [14, 0], [15, 0], [15, 1], [14, 1], [14, 2], [15, 2], [16, 2], [17, 2], [17, 3], [18, 3], [19, 3], [19, 4], [19, 5], [19, 6], [18, 6], [18, 7], [19, 7], [19, 8], [19, 9], [19, 10], [18, 10], [18, 11], [17, 11], [17, 10], [16, 10], [16, 11], [15, 11], [15, 12], [14, 12], [13, 12], [13, 11], [13, 10], [12, 10], [12, 11], [11, 11], [11, 10], [11, 9], [10, 9], [10, 10], [10, 11], [10, 12], [10, 13], [10, 14], [11, 14], [11, 13], [12, 13], [12, 14], [13, 14], [13, 15], [13, 16], [13, 17], [12, 17], [11, 17], [11, 16], [12, 16], [12, 15], [11, 15], [10, 15], [9, 15], [9, 14], [8, 14], [7, 14], [7, 15], [7, 16], [7, 17], [6, 17], [6, 16], [6, 15], [5, 15], [5, 14], [5, 13], [5, 12], [4, 12], [3, 12], [3, 13], [2, 13], [2, 12], [2, 11], [2, 10], [2, 9], [1, 9], [1, 10], [1, 11], [1, 12], [0, 12], [0, 13], [0, 14], [1, 14], [1, 15], [0, 15], [0, 16], [0, 17], [1, 17], [1, 16], [2, 16], [3, 16], [3, 17], [4, 17], [4, 18], [5, 18], [5, 19], [6, 19], [6, 18], [7, 18], [7, 19], [8, 19], [9, 19], [10, 19], [11, 19], [12, 19], [12, 18], [13, 18], [13, 19], [14, 19], [14, 18], [14, 17], [14, 16], [14, 15], [14, 14], [15, 14], [16, 14], [17, 14], [17, 13], [16, 13], [16, 12], [17, 12], [18, 12], [18, 13], [18, 14], [18, 15], [18, 16], [18, 17], [18, 18], [19, 18], [19, 19]]",171,312,0,312,0.0006237999768927693,True
recursive_backtracking,bfs,20,20,2361388464,"[0, 0]","[19, 19]","[[13, 9, 10, 8, 12, 13, 9, 10, 8, 10, 14, 9, 10, 10, 10, 10, 10, 10, 10, 12], [5, 3, 12, 5, 3, 6, 3, 12, 3, 10, 10, 0, 10, 10, 10, 14, 9, 10, 12, 5], [3, 12, 5, 5, 9, 10, 10, 2, 14, 9, 12, 5, 9, 10, 10, 12, 5, 11, 2, 4], [9, 6, 5, 3, 2, 12, 9, 10, 10, 6, 5, 7, 5, 9, 10, 6, 3, 12, 9, 6], [5, 9, 6, 9, 12, 7, 1, 10, 12, 13, 3, 10, 6, 3, 10, 10, 10, 6, 5, 13], [5, 7, 9, 6, 3, 12, 7, 9, 6, 3, 12, 9, 10, 10, 10, 12, 9, 10, 6, 5], [3, 10, 6, 9, 12, 5, 9, 6, 9, 12, 3, 6, 9, 10, 12, 3, 2, 10, 10, 6], [11, 8, 12, 5, 5, 5, 5, 9, 6, 3, 10, 10, 6, 13, 5, 9, 12, 9, 10, 12], [9, 6, 5, 5, 3, 6, 5, 5, 11, 12, 9, 8, 12, 5, 3, 6, 3, 4, 9, 6], [5, 13, 5, 5, 13, 9, 4, 3, 12, 5, 5, 5, 1, 2, 14, 9, 12, 7, 3, 12], [5, 1, 6, 5, 1, 6, 3, 10, 6, 3, 4, 5, 7, 9, 12, 5, 3, 10, 12, 5], [5, 7, 9, 6, 3, 10, 10, 10, 10, 12, 7, 3, 12, 5, 3, 6, 9, 14, 3, 4], [1, 10, 6, 13, 9, 10, 10, 8, 12, 3, 10, 8, 6, 3, 12, 9, 6, 9, 12, 5], [3, 10, 12, 5, 5, 9, 10, 6, 5, 13, 9, 6, 9, 10, 6, 3, 12, 5, 3, 6], [9, 10, 6, 1, 6, 3, 12, 13, 5, 5, 3, 12, 3, 10, 10, 12, 5, 3, 12, 13], [5, 9, 14, 1, 14, 9, 6, 3, 2, 2, 12, 5, 11, 10, 12, 5, 5, 9, 6, 5], [5, 1, 10, 6, 9, 6, 9, 10, 10, 12, 7, 5, 9, 8, 6, 5, 1, 6, 9, 4], [5, 7, 9, 12, 1, 10, 2, 10, 14, 3, 10, 2, 6, 5, 9, 6, 3, 12, 7, 5], [3, 12, 5, 5, 7, 9, 12, 9, 10, 12, 9, 12, 11, 6, 5, 9, 10, 6, 9, 4], [11, 2, 6, 3, 10, 6, 3, 6, 11, 2, 6, 3, 10, 10, 6, 3, 10, 10, 6, 7]]","[[0, 0], [1, 0], [2, 0], [2, 1], [3, 1], [3, 0], [4, 0], [5, 0], [6, 0], [6, 1], [6, 2], [5, 2], [5, 3], [4, 3], [4, 4], [5, 4], [5, 5], [6, 5], [7, 5], [8, 5], [8, 4], [7, 4], [6, 4], [6, 3], [7, 3], [8, 3], [9, 3], [10, 3], [11, 3], [11, 2], [12, 2], [12, 1], [12, 0], [13, 0], [13, 1], [13, 2], [14, 2], [14, 1], [14, 0], [15, 0], [16, 0], [17, 0], [18, 0], [18, 1], [19, 1], [19, 2], [18, 2], [17, 2], [17, 3], [18, 3], [19, 3], [19, 4], [19, 5], [18, 5], [18, 6], [19, 6], [19, 7], [18, 7], [18, 8], [18, 9], [19, 9], [19, 10], [18, 10], [18, 11], [19, 11], [19, 12], [19, 13], [19, 14], [18, 14], [17, 14], [17, 15], [16, 15], [15, 15], [14, 15], [14, 14], [14, 13], [14, 12], [13, 12], [13, 13], [13, 14], [12, 14], [12, 13], [11, 13], [10, 13], [10, 14], [11, 14], [11, 15], [10, 15], [9, 15], [9, 16], [10, 16], [10, 17], [10, 18], [11, 18], [11, 19], [12, 19], [13, 19], [13, 18], [12, 18], [12, 17], [13, 17], [14, 17], [14, 18], [15, 18], [15, 17], [16, 17], [16, 16], [17, 16], [17, 17], [18, 17], [18, 16], [18, 15], [19, 15], [19, 16], [19, 17], [19, 18], [18, 18], [18, 19], [19, 19]]",119,170,0,170,0.00041500001680105925,True
recursive_backtracking,bfs,20,20,1338811290,"[0, 0]","[19, 19]","[[13, 9, 10, 10, 10, 10, 10, 10, 10, 12, 11, 8, 10, 10, 10, 10, 8, 10, 10, 12], [5, 3, 10, 12, 9, 12, 9, 10, 12, 3, 12, 3, 12, 9, 12, 13, 3, 12, 9, 6], [5, 9, 10, 6, 5, 5, 5, 9, 4, 13, 5, 11, 4, 5, 1, 6, 9, 6, 3, 14], [5, 3, 10, 12, 5, 3, 6, 5, 3, 6, 3, 12, 3, 6, 7, 9, 6, 9, 10, 12], [5, 9, 12, 5, 3, 12, 13, 5, 9, 8, 14, 3, 10, 12, 9, 6, 9, 2, 14, 5], [3, 6, 5, 1, 12, 3, 6, 3, 6, 3, 10, 10, 12, 5, 1, 10, 6, 9, 10, 6], [13, 9, 6, 7, 3, 10, 12, 9, 10, 10, 10, 12, 5, 5, 3, 14, 9, 6, 9, 12], [5, 3, 10, 10, 12, 9, 6, 1, 10, 14, 9, 6, 5, 3, 10, 12, 5, 9, 6, 5], [5, 9, 10, 10, 6, 3, 10, 6, 9, 12, 5, 13, 1, 8, 14, 5, 5, 5, 13, 5], [1, 6, 11, 10, 8, 10, 10, 10, 6, 5, 5, 5, 5, 3, 10, 6, 5, 3, 4, 5], [5, 9, 10, 12, 3, 12, 9, 8, 14, 3, 6, 5, 3, 12, 9, 14, 1, 12, 5, 5], [5, 5, 13, 3, 12, 5, 5, 7, 9, 10, 8, 2, 14, 5, 1, 10, 6, 3, 6, 5], [5, 5, 1, 12, 3, 6, 3, 10, 4, 9, 4, 9, 10, 6, 7, 9, 10, 10, 12, 5], [3, 6, 5, 7, 9, 8, 10, 12, 7, 5, 5, 5, 9, 10, 10, 6, 9, 12, 5, 5], [9, 8, 4, 9, 6, 3, 12, 3, 10, 6, 5, 5, 3, 12, 11, 10, 6, 1, 6, 5], [7, 5, 5, 5, 11, 12, 3, 10, 10, 12, 5, 3, 12, 1, 10, 10, 12, 5, 11, 4], [9, 6, 5, 5, 9, 0, 14, 9, 10, 6, 5, 13, 5, 7, 9, 10, 6, 3, 12, 5], [5, 13, 5, 5, 5, 5, 9, 4, 11, 10, 2, 4, 3, 10, 6, 13, 9, 10, 6, 5], [5, 3, 6, 5, 5, 5, 5, 7, 9, 10, 12, 3, 10, 14, 9, 4, 5, 11, 10, 4], [3, 10, 10, 2, 6, 7, 3, 10, 2, 14, 3, 10, 10, 10, 6, 3, 2, 10, 10, 6]]","[[0, 0], [1, 0], [2, 0], [3, 0], [4, 0], [5, 0], [5, 1], [4, 1], [4, 2], [5, 2], [6, 2], [6, 1], [7, 1], [7, 2], [7, 3], [7, 4], [8, 4], [8, 3], [8, 2], [8, 1], [9, 1], [9, 0], [10, 0], [11, 0], [12, 0], [13, 0], [13, 1], [12, 1], [11, 1], [10, 1], [10, 2], [10, 3], [11, 3], [11, 4], [12, 4], [12, 5], [11, 5], [10, 5], [10, 4], [9, 4], [9, 5], [9, 6], [9, 7], [9, 8], [8, 8], [8, 9], [9, 9], [10, 9], [10, 10], [9, 10], [8, 10], [7, 10], [7, 11], [6, 11], [6, 10], [6, 9], [6, 8], [6, 7], [7, 7], [8, 7], [8, 6], [8, 5], [7, 5], [7, 6], [6, 6], [6, 5], [6, 4], [5, 4], [5, 3], [4, 3], [3, 3], [3, 2], [3, 1], [2, 1], [2, 2], [2, 3], [1, 3], [1, 2], [1, 1], [0, 1], [0, 2], [0, 3], [0, 4], [0, 5], [0, 6], [0, 7], [0, 8], [0, 9], [1, 9], [1, 10], [2, 10], [3, 10], [3, 11], [4, 11], [4, 12], [4, 13], [5, 13], [6, 13], [7, 13], [7, 14], [7, 15], [8, 15], [9, 15], [9, 14], [9, 13], [8, 13], [8, 12], [9, 12], [10, 12], [10, 13], [11, 13], [12, 13], [12, 12], [12, 11], [13, 11], [14, 11], [15, 11], [15, 12], [16, 12], [17, 12], [17, 13], [17, 14], [16, 14], [16, 15], [16, 16], [15, 16], [15, 15], [15, 14], [15, 13], [14, 13], [14, 12], [13, 12], [13, 13], [13, 14], [13, 15], [12, 15], [12, 16], [12, 17], [12, 18], [13, 18], [14, 18], [14, 17], [15, 17], [16, 17], [16, 18], [17, 18], [17, 17], [17, 16], [18, 16], [19, 16], [19, 17], [19, 18], [19, 19]]",153,205,0,205,0.0004203000571578741,True
recursive_backtracking,bfs,20,20,2791205006,"[0, 0]","[19, 19]","[[13, 11, 10, 10, 10, 10, 12, 9, 8, 10, 14, 9, 10, 10, 10, 8, 10, 8, 10, 14], [3, 12, 9, 10, 10, 12, 3, 6, 3, 12, 9, 6, 9, 10, 12, 3, 14, 5, 9, 12], [13, 3, 6, 9, 12, 3, 10, 10, 12, 1, 2, 14, 3, 12, 3, 10, 12, 3, 6, 5], [5, 9, 8, 6, 5, 11, 8, 14, 5, 3, 12, 9, 12, 5, 9, 12, 3, 10, 10, 4], [5, 5, 5, 11, 2, 12, 3, 12, 5, 13, 5, 5, 3, 6, 5, 3, 14, 9, 10, 6], [1, 6, 5, 9, 12, 3, 8, 6, 5, 1, 6, 3, 12, 11, 2, 10, 12, 5, 9, 12], [3, 12, 3, 6, 3, 12, 7, 9, 6, 3, 10, 14, 1, 10, 10, 12, 5, 5, 5, 5], [13, 1, 14, 9, 12, 5, 9, 6, 9, 10, 10, 12, 3, 12, 9, 6, 5, 5, 5, 7], [3, 6, 9, 4, 3, 6, 5, 9, 2, 10, 12, 5, 11, 6, 3, 12, 1, 6, 1, 12], [9, 10, 6, 7, 9, 10, 6, 3, 12, 13, 5, 3, 10, 10, 10, 6, 5, 11, 6, 5], [5, 9, 10, 10, 6, 9, 12, 11, 2, 6, 5, 11, 10, 10, 10, 12, 5, 9, 10, 6], [1, 6, 9, 10, 10, 4, 3, 10, 10, 10, 6, 9, 12, 9, 12, 5, 5, 3, 8, 12], [5, 13, 5, 9, 14, 5, 9, 10, 10, 10, 8, 4, 3, 6, 3, 6, 3, 12, 7, 5], [5, 5, 1, 6, 9, 6, 3, 10, 8, 14, 5, 7, 9, 10, 10, 10, 12, 3, 12, 5], [5, 1, 6, 9, 6, 9, 10, 12, 7, 9, 4, 9, 6, 9, 12, 9, 4, 13, 3, 4], [5, 7, 9, 6, 13, 1, 12, 1, 10, 6, 7, 3, 12, 5, 5, 5, 1, 2, 14, 5], [3, 10, 6, 9, 6, 5, 5, 7, 9, 10, 10, 10, 6, 5, 5, 5, 7, 9, 10, 6], [11, 8, 10, 6, 9, 6, 3, 10, 6, 9, 10, 12, 11, 4, 5, 5, 9, 6, 9, 12], [9, 6, 9, 12, 5, 9, 12, 9, 12, 5, 13, 3, 12, 7, 5, 5, 5, 11, 4, 5], [3, 10, 6, 3, 2, 6, 3, 6, 3, 6, 3, 10, 2, 10, 6, 3, 2, 10, 6, 7]]","[[0, 0], [1, 0], [1, 1], [2, 1], [2, 2], [1, 2], [1, 3], [1, 4], [1, 5], [2, 5], [2, 6], [2, 7], [2, 8], [3, 8], [4, 8], [5, 8], [6, 8], [6, 7], [7, 7], [7, 6], [8, 6], [9, 6], [9, 5], [9, 4], [10, 4], [10, 3], [10, 2], [10, 1], [11, 1], [11, 0], [12, 0], [13, 0], [14, 0], [15, 0], [16, 0], [16, 1], [16, 2], [15, 2], [15, 3], [14, 3], [14, 4], [13, 4], [13, 5], [12, 5], [11, 5], [10, 5], [10, 6], [11, 6], [11, 7], [11, 8], [11, 9], [11, 10], [10, 10], [9, 10], [8, 10], [8, 9], [8, 8], [7, 8], [7, 9], [7, 10], [7, 11], [8, 11], [9, 11], [9, 12], [9, 13], [9, 14], [9, 15], [8, 15], [8, 14], [7, 14], [7, 15], [6, 15], [6, 14], [6, 13], [6, 12], [5, 12], [5, 11], [4, 11], [3, 11], [3, 12], [4, 12], [4, 13], [3, 13], [2, 13], [2, 12], [1, 12], [1, 13], [1, 14], [2, 14], [2, 15], [2, 16], [3, 16], [3, 17], [3, 18], [3, 19], [4, 19], [4, 18], [4, 17], [5, 17], [6, 17], [7, 17], [8, 17], [8, 16], [9, 16], [10, 16], [11, 16], [12, 16], [12, 17], [13, 17], [13, 18], [14, 18], [14, 19], [15, 19], [16, 19], [16, 18], [16, 17], [17, 17], [17, 16], [18, 16], [19, 16], [19, 17], [19, 18], [18, 18], [17, 18], [17, 19], [18, 19], [19, 19]]",127,284,0,284,0.0005737000610679388,True
recursive_backtracking,bfs,20,20,2222971316,"[0, 0]","[19, 19]","[[13, 9, 10, 12, 9, 10, 12, 9, 10, 8, 12, 11, 10, 10, 8, 10, 10, 8, 10, 12], [5, 3, 14, 3, 2, 12, 3, 2, 14, 5, 3, 10, 10, 12, 3, 8, 14, 5, 13, 5], [5, 9, 10, 12, 11, 4, 9, 10, 12, 5, 9, 10, 14, 5, 13, 5, 9, 6, 3, 4], [5, 5, 11, 2, 12, 5, 5, 11, 2, 6, 3, 10, 12, 5, 3, 6, 1, 10, 12, 5], [5, 3, 12, 9, 6, 7, 3, 10, 10, 12, 9, 10, 6, 5, 9, 12, 7, 9, 6, 5], [3, 10, 6, 3, 10, 10, 12, 9, 10, 6, 1, 10, 12, 3, 6, 3, 12, 5, 13, 5], [13, 9, 10, 10, 10, 12, 5, 5, 9, 12, 5, 13, 3, 8, 10, 12, 3, 6, 1, 6], [5, 3, 12, 11, 12, 3, 6, 5, 5, 5, 5, 3, 12, 3, 12, 3, 12, 9, 6, 13], [1, 12, 3, 12, 1, 12, 9, 6, 5, 7, 3, 12, 1, 12, 5, 11, 6, 3, 12, 5], [5, 3, 14, 3, 6, 3, 6, 13, 1, 10, 10, 6, 7, 5, 3, 10, 8, 14, 3, 4], [5, 9, 10, 10, 10, 10, 8, 6, 5, 9, 12, 9, 10, 2, 12, 13, 3, 10, 12, 5], [5, 3, 10, 10, 10, 12, 3, 12, 3, 6, 5, 3, 10, 12, 3, 2, 10, 14, 3, 6], [5, 9, 12, 9, 12, 5, 13, 3, 10, 12, 3, 10, 12, 5, 9, 10, 10, 10, 8, 12], [5, 5, 5, 5, 5, 3, 2, 12, 9, 4, 9, 10, 6, 3, 2, 12, 9, 12, 5, 7], [1, 6, 3, 6, 1, 12, 9, 6, 5, 7, 5, 9, 10, 10, 12, 3, 4, 7, 3, 12], [1, 14, 9, 12, 5, 5, 3, 12, 3, 10, 6, 5, 11, 10, 4, 11, 6, 9, 12, 5], [5, 9, 6, 5, 5, 3, 14, 5, 11, 10, 10, 2, 10, 12, 3, 12, 9, 6, 3, 4], [5, 5, 11, 2, 4, 9, 12, 5, 9, 10, 10, 10, 10, 6, 13, 5, 1, 12, 13, 5], [5, 5, 9, 12, 7, 5, 3, 6, 5, 13, 9, 12, 9, 10, 4, 5, 7, 5, 5, 5], [7, 3, 6, 3, 10, 2, 10, 10, 6, 3, 6, 3, 2, 14, 3, 2, 10, 6, 3, 6]]","[[0, 0], [1, 0], [2, 0], [3, 0], [4, 0], [5, 0], [5, 1], [5, 2], [4, 2], [4, 1], [3, 1], [2, 1], [2, 2], [2, 3], [3, 3], [3, 4], [4, 4], [4, 3], [5, 3], [5, 4], [5, 5], [5, 6], [6, 6], [7, 6], [7, 5], [6, 5], [6, 4], [6, 3], [6, 2], [6, 1], [7, 1], [7, 2], [8, 2], [8, 3], [9, 3], [9, 4], [8, 4], [8, 5], [9, 5], [9, 6], [8, 6], [8, 7], [7, 7], [6, 7], [5, 7], [5, 8], [5, 9], [4, 9], [4, 8], [4, 7], [4, 6], [3, 6], [2, 6], [2, 7], [2, 8], [3, 8], [3, 9], [2, 9], [1, 9], [0, 9], [0, 10], [1, 10], [1, 11], [1, 12], [1, 13], [2, 13], [3, 13], [4, 13], [5, 13], [5, 14], [4, 14], [4, 15], [5, 15], [5, 16], [6, 16], [6, 17], [5, 17], [4, 17], [4, 18], [3, 18], [3, 17], [3, 16], [2, 16], [2, 17], [1, 17], [0, 17], [0, 18], [0, 19], [1, 19], [2, 19], [3, 19], [4, 19], [5, 19], [6, 19], [6, 18], [7, 18], [7, 17], [8, 17], [8, 18], [9, 18], [9, 19], [10, 19], [11, 19], [11, 18], [10, 18], [10, 17], [10, 16], [9, 16], [9, 15], [9, 14], [8, 14], [7, 14], [7, 13], [6, 13], [6, 12], [5, 12], [5, 11], [5, 10], [6, 10], [7, 10], [8, 10], [8, 11], [9, 11], [9, 10], [9, 9], [9, 8], [10, 8], [11, 8], [11, 9], [10, 9], [10, 10], [11, 10], [12, 10], [12, 11], [12, 12], [13, 12], [13, 11], [13, 10], [14, 10], [15, 10], [15, 9], [15, 8], [14, 8], [13, 8], [13, 9], [12, 9], [12, 8], [12, 7], [11, 7], [11, 6], [10, 6], [10, 5], [10, 4], [10, 3], [10, 2], [10, 1], [11, 1], [11, 2], [11, 3], [11, 4], [11, 5], [12, 5], [13, 5], [13, 6], [13, 7], [14, 7], [14, 6], [15, 6], [15, 7], [16, 7], [17, 7], [18, 7], [18, 6], [17, 6], [17, 5], [18, 5], [19, 5], [19, 6], [19, 7], [19, 8], [18, 8], [17, 8], [17, 9], [17, 10], [17, 11], [17, 12], [17, 13], [16, 13], [16, 12], [16, 11], [15, 11], [14, 11], [14, 12], [14, 13], [14, 14], [15, 14], [16, 14], [16, 15], [17, 15], [18, 15], [19, 15], [19, 16], [19, 17], [18, 17], [17, 17], [17, 16], [16, 16], [16, 17], [15, 17], [15, 18], [16, 18], [16, 19], [17, 19], [18, 19], [19, 19]]",215,358,0,358,0.0008283000206574798,True
recursive_backtracking,bfs,20,20,519709079,"[0, 0]","[19, 19]","[[11, 10, 10, 10, 12, 9, 10, 10, 10, 10, 8, 12, 11, 12, 9, 10, 8, 12, 11, 12], [13, 9, 10, 10, 6, 7, 9, 12, 9, 10, 6, 3, 12, 3, 2, 14, 5, 3, 12, 5], [5, 3, 10, 10, 10, 10, 6, 3, 6, 9, 10, 12, 5, 9, 10, 10, 6, 9, 6, 5], [1, 10, 14, 9, 8, 12, 13, 9, 10, 2, 12, 5, 3, 6, 9, 14, 9, 6, 9, 6], [5, 9, 10, 6, 5, 3, 4, 5, 9, 12, 5, 7, 9, 12, 1, 10, 6, 11, 2, 12], [1, 6, 9, 12, 5, 11, 6, 5, 5, 5, 3, 10, 6, 3, 6, 11, 10, 8, 12, 5], [3, 10, 6, 5, 3, 10, 10, 6, 5, 5, 9, 8, 12, 9, 8, 10, 12, 5, 3, 6], [11, 10, 12, 3, 10, 12, 9, 10, 6, 3, 6, 5, 5, 7, 5, 13, 5, 1, 10, 12], [9, 10, 2, 14, 9, 6, 5, 9, 10, 14, 9, 6, 3, 10, 6, 1, 6, 7, 9, 6], [1, 10, 10, 10, 6, 9, 2, 6, 9, 12, 1, 12, 9, 10, 12, 3, 10, 12, 1, 12], [3, 10, 12, 9, 12, 5, 9, 10, 6, 5, 7, 5, 5, 13, 3, 10, 12, 5, 7, 5], [9, 12, 5, 5, 5, 5, 5, 9, 12, 3, 10, 6, 5, 1, 12, 9, 6, 3, 12, 5], [5, 5, 3, 6, 5, 5, 5, 5, 5, 9, 12, 9, 2, 6, 5, 3, 10, 10, 6, 5], [5, 1, 10, 14, 5, 5, 5, 7, 3, 6, 3, 6, 9, 12, 1, 10, 10, 10, 12, 5], [5, 3, 12, 9, 6, 7, 3, 8, 12, 9, 10, 10, 6, 5, 5, 9, 10, 12, 3, 6], [5, 13, 5, 3, 12, 9, 12, 7, 3, 4, 9, 12, 13, 5, 7, 3, 12, 3, 10, 12], [3, 4, 3, 10, 6, 5, 3, 10, 12, 5, 5, 3, 6, 3, 10, 10, 6, 9, 10, 4], [13, 5, 9, 12, 9, 6, 13, 9, 6, 3, 6, 9, 10, 10, 10, 10, 10, 6, 13, 5], [1, 6, 5, 3, 6, 9, 6, 5, 9, 10, 12, 5, 9, 14, 9, 12, 9, 8, 6, 5], [3, 10, 6, 11, 10, 2, 10, 2, 6, 11, 2, 6, 3, 10, 6, 3, 6, 3, 10, 6]]","[[0, 0], [0, 1], [0, 2], [0, 3], [0, 4], [1, 4], [1, 3], [1, 2], [1, 1], [2, 1], [2, 2], [2, 3], [2, 4], [2, 5], [2, 6], [1, 6], [1, 7], [2, 7], [2, 8], [1, 8], [1, 9], [1, 10], [0, 10], [0, 11], [1, 11], [1, 12], [2, 12], [3, 12], [3, 13], [2, 13], [2, 14], [2, 15], [2, 16], [1, 16], [0, 16], [0, 17], [1, 17], [1, 18], [2, 18], [2, 17], [3, 17], [3, 16], [4, 16], [4, 15], [4, 14], [5, 14], [5, 13], [4, 13], [4, 12], [5, 12], [5, 11], [5, 10], [4, 10], [3, 10], [3, 9], [3, 8], [3, 7], [4, 7], [5, 7], [6, 7], [6, 6], [6, 5], [6, 4], [5, 4], [4, 4], [3, 4], [3, 3], [4, 3], [4, 2], [4, 1], [5, 1], [5, 0], [6, 0], [6, 1], [6, 2], [5, 2], [5, 3], [6, 3], [7, 3], [7, 4], [7, 5], [8, 5], [8, 4], [9, 4], [9, 3], [9, 2], [9, 1], [9, 0], [10, 0], [10, 1], [10, 2], [11, 2], [12, 2], [12, 3], [11, 3], [10, 3], [10, 4], [11, 4], [12, 4], [13, 4], [14, 4], [14, 3], [15, 3], [15, 4], [16, 4], [16, 3], [16, 2], [15, 2], [14, 2], [14, 1], [13, 1], [12, 1], [11, 1], [11, 0], [12, 0], [13, 0], [14, 0], [15, 0], [16, 0], [16, 1], [17, 1], [18, 1], [18, 0], [19, 0], [19, 1], [19, 2], [18, 2], [17, 2], [17, 3], [18, 3], [18, 4], [17, 4], [17, 5], [16, 5], [15, 5], [15, 6], [16, 6], [16, 7], [16, 8], [17, 8], [17, 7], [18, 7], [19, 7], [19, 8], [18, 8], [18, 9], [18, 10], [19, 10], [19, 11], [18, 11], [17, 11], [17, 12], [17, 13], [17, 14], [17, 15], [17, 16], [17, 17], [16, 17], [16, 18], [16, 19], [17, 19], [18, 19], [19, 19]]",163,217,0,217,0.0004434000002220273,True
recursive_backtracking,bfs,20,20,965067727,"[0, 0]","[19, 19]","[[11, 12, 9, 10, 10, 12, 9, 10, 10, 10, 10, 8, 10, 12, 9, 12, 11, 10, 10, 12], [13, 5, 3, 14, 9, 6, 1, 14, 9, 10, 12, 1, 12, 3, 6, 3, 10, 10, 12, 5], [5, 3, 10, 12, 1, 10, 6, 9, 6, 11, 4, 7, 5, 9, 10, 8, 10, 14, 3, 4], [1, 10, 14, 5, 7, 9, 12, 5, 9, 12, 3, 10, 6, 5, 13, 3, 10, 8, 10, 6], [1, 10, 10, 6, 9, 6, 3, 6, 5, 3, 10, 12, 11, 2, 6, 9, 12, 7, 9, 12], [3, 12, 9, 12, 1, 10, 10, 10, 6, 11, 12, 3, 10, 10, 12, 5, 3, 12, 5, 5], [13, 5, 7, 3, 4, 11, 8, 12, 11, 8, 2, 10, 10, 12, 3, 6, 13, 3, 6, 5], [5, 3, 10, 12, 3, 10, 6, 3, 12, 3, 12, 9, 14, 5, 9, 10, 2, 12, 13, 5], [5, 9, 10, 6, 9, 10, 10, 12, 3, 10, 6, 1, 12, 5, 5, 11, 12, 1, 6, 5], [5, 3, 10, 10, 6, 9, 12, 3, 10, 12, 9, 6, 3, 6, 1, 12, 1, 6, 9, 4], [1, 10, 10, 12, 9, 4, 7, 9, 12, 5, 5, 11, 8, 12, 7, 5, 7, 9, 6, 5], [3, 12, 13, 3, 6, 3, 10, 6, 5, 5, 3, 8, 6, 3, 10, 4, 9, 6, 13, 5], [13, 5, 3, 8, 12, 11, 8, 14, 5, 3, 12, 5, 9, 12, 11, 6, 5, 9, 2, 6], [5, 3, 10, 6, 3, 10, 4, 9, 6, 9, 6, 5, 5, 3, 10, 10, 6, 5, 11, 12], [5, 9, 10, 8, 14, 9, 6, 3, 12, 5, 13, 5, 3, 10, 12, 11, 12, 3, 10, 4], [5, 3, 12, 3, 10, 6, 9, 12, 3, 6, 1, 6, 9, 14, 3, 12, 1, 12, 9, 6], [1, 10, 6, 11, 10, 10, 6, 3, 10, 8, 6, 11, 2, 10, 12, 5, 7, 5, 5, 13], [5, 11, 8, 10, 10, 10, 10, 10, 12, 3, 10, 10, 10, 10, 4, 3, 12, 1, 6, 5], [5, 9, 6, 9, 14, 9, 8, 14, 3, 12, 9, 12, 11, 10, 6, 9, 6, 3, 12, 5], [3, 6, 11, 2, 10, 6, 3, 10, 10, 2, 6, 3, 10, 10, 10, 6, 11, 10, 2, 6]]","[[0, 0], [0, 1], [1, 1], [2, 1], [2, 2], [2, 3], [3, 3], [4, 3], [4, 2], [4, 1], [4, 0], [5, 0], [5, 1], [6, 1], [7, 1], [7, 2], [7, 3], [8, 3], [8, 2], [8, 1], [9, 1], [9, 2], [9, 3], [9, 4], [8, 4], [8, 5], [8, 6], [8, 7], [9, 7], [9, 8], [9, 9], [10, 9], [11, 9], [12, 9], [12, 10], [13, 10], [13, 9], [14, 9], [15, 9], [15, 8], [14, 8], [14, 7], [13, 7], [13, 8], [12, 8], [11, 8], [10, 8], [10, 7], [11, 7], [11, 6], [11, 5], [10, 5], [10, 4], [11, 4], [11, 3], [10, 3], [10, 2], [10, 1], [10, 0], [11, 0], [11, 1], [12, 1], [13, 1], [13, 2], [13, 3], [12, 3], [12, 4], [13, 4], [13, 5], [13, 6], [14, 6], [14, 5], [15, 5], [15, 4], [15, 3], [14, 3], [14, 2], [14, 1], [15, 1], [15, 2], [16, 2], [16, 1], [16, 0], [17, 0], [18, 0], [19, 0], [19, 1], [18, 1], [18, 2], [17, 2], [17, 3], [17, 4], [17, 5], [17, 6], [17, 7], [17, 8], [18, 8], [18, 9], [19, 9], [19, 10], [18, 10], [18, 11], [19, 11], [19, 12], [19, 13], [19, 14], [19, 15], [18, 15], [18, 16], [17, 16], [17, 15], [16, 15], [15, 15], [15, 14], [14, 14], [14, 13], [14, 12], [13, 12], [12, 12], [12, 13], [13, 13], [13, 14], [13, 15], [13, 16], [12, 16], [11, 16], [11, 17], [10, 17], [10, 18], [9, 18], [9, 19], [10, 19], [11, 19], [12, 19], [12, 18], [12, 17], [13, 17], [14, 17], [14, 18], [14, 19], [15, 19], [15, 18], [16, 18], [17, 18], [17, 17], [18, 17], [18, 18], [19, 18], [19, 19]]",149,212,0,212,0.0005938999820500612,True
recursive_backtracking,bfs,20,20,1452066459,"[0, 0]","[19, 19]","[[11, 10, 10, 10, 10, 12, 9, 10, 8, 12, 9, 10, 10, 8, 10, 10, 12, 11, 10, 12], [9, 10, 12, 9, 10, 6, 5, 9, 6, 5, 7, 9, 12, 3, 12, 13, 3, 10, 12, 5], [3, 12, 5, 5, 13, 9, 6, 5, 13, 3, 10, 6, 5, 9, 6, 1, 10, 14, 3, 4], [9, 6, 5, 5, 5, 5, 9, 6, 1, 10, 12, 9, 6, 5, 9, 2, 12, 9, 10, 6], [3, 12, 5, 5, 1, 6, 5, 9, 6, 13, 5, 5, 9, 6, 3, 12, 5, 5, 11, 12], [9, 6, 5, 5, 5, 9, 6, 3, 12, 3, 6, 5, 3, 12, 13, 5, 5, 5, 9, 4], [1, 12, 5, 5, 7, 5, 9, 8, 6, 9, 12, 3, 10, 6, 3, 6, 5, 5, 5, 5], [5, 5, 5, 3, 10, 6, 5, 3, 10, 6, 3, 10, 10, 8, 12, 9, 6, 5, 5, 7], [7, 5, 3, 14, 9, 12, 3, 12, 13, 9, 10, 8, 14, 5, 3, 4, 9, 6, 3, 12], [9, 6, 9, 10, 6, 1, 12, 5, 1, 2, 14, 3, 12, 5, 11, 6, 3, 10, 10, 4], [1, 12, 3, 10, 12, 5, 7, 5, 7, 9, 10, 10, 6, 1, 12, 9, 10, 12, 9, 6], [5, 3, 10, 10, 6, 3, 10, 0, 10, 6, 9, 10, 12, 7, 3, 6, 9, 6, 5, 13], [3, 12, 9, 10, 10, 10, 12, 7, 9, 12, 5, 13, 5, 9, 10, 12, 5, 9, 6, 5], [11, 6, 5, 11, 10, 8, 6, 9, 6, 3, 6, 5, 3, 6, 13, 5, 5, 3, 10, 4], [9, 10, 4, 9, 12, 5, 9, 6, 9, 14, 9, 2, 10, 10, 4, 5, 1, 14, 9, 6], [1, 12, 7, 5, 5, 3, 4, 11, 2, 10, 2, 12, 9, 12, 5, 5, 3, 12, 3, 12], [5, 3, 10, 6, 5, 9, 6, 9, 10, 10, 12, 5, 5, 5, 3, 2, 10, 2, 14, 5], [3, 10, 12, 13, 5, 7, 9, 6, 13, 9, 6, 5, 5, 3, 10, 10, 12, 9, 10, 6], [9, 14, 5, 5, 3, 12, 3, 12, 5, 3, 12, 7, 5, 11, 12, 9, 6, 5, 9, 12], [3, 10, 2, 2, 14, 3, 10, 2, 2, 14, 3, 10, 2, 10, 6, 3, 10, 2, 6, 7]]","[[0, 0], [0, 1], [0, 2], [0, 3], [0, 4], [0, 5], [1, 5], [1, 4], [1, 3], [2, 3], [3, 3], [4, 3], [5, 3], [6, 3], [7, 3], [7, 4], [7, 5], [6, 5], [5, 5], [5, 6], [4, 6], [3, 6], [3, 7], [2, 7], [1, 7], [1, 8], [0, 8], [0, 9], [1, 9], [2, 9], [2, 10], [2, 11], [1, 11], [1, 12], [2, 12], [3, 12], [3, 11], [4, 11], [5, 11], [6, 11], [6, 12], [6, 13], [5, 13], [5, 12], [4, 12], [4, 13], [3, 13], [2, 13], [2, 14], [1, 14], [1, 13], [0, 13], [0, 14], [0, 15], [0, 16], [1, 16], [1, 17], [1, 18], [2, 18], [2, 19], [3, 19], [3, 18], [3, 17], [4, 17], [5, 17], [6, 17], [7, 17], [8, 17], [8, 16], [9, 16], [9, 17], [9, 18], [9, 19], [10, 19], [10, 18], [11, 18], [12, 18], [12, 17], [13, 17], [13, 18], [13, 19], [14, 19], [14, 18], [15, 18], [15, 19], [16, 19], [17, 19], [17, 18], [17, 17], [18, 17], [19, 17], [19, 18], [18, 18], [18, 19], [19, 19]]",95,130,0,130,0.0002937000244855881,True
recursive_backtracking,bfs,20,20,945826486,"[0, 0]","[19, 19]","[[11, 10, 10, 10, 10, 12, 9, 8, 10, 12, 9, 10, 10, 12, 13, 9, 8, 10, 10, 12], [11, 10, 12, 9, 12, 5, 7, 5, 9, 6, 1, 12, 13, 5, 5, 5, 5, 9, 10, 6], [9, 10, 6, 5, 5, 3, 10, 6, 5, 9, 6, 5, 5, 5, 1, 6, 5, 5, 9, 12], [5, 9, 10, 6, 3, 12, 9, 10, 6, 3, 14, 5, 1, 6, 3, 14, 5, 3, 6, 5], [5, 3, 12, 9, 14, 3, 6, 9, 10, 8, 10, 6, 3, 12, 9, 10, 6, 11, 10, 6], [1, 10, 6, 1, 12, 9, 12, 5, 13, 3, 12, 9, 10, 6, 3, 10, 12, 9, 10, 12], [5, 9, 10, 6, 3, 6, 5, 5, 1, 14, 5, 3, 10, 10, 12, 9, 6, 5, 13, 5], [5, 3, 10, 10, 10, 14, 3, 2, 4, 9, 6, 9, 10, 12, 3, 4, 9, 2, 6, 5], [5, 9, 10, 10, 10, 10, 12, 11, 6, 5, 13, 1, 12, 7, 9, 6, 5, 9, 10, 4], [3, 6, 11, 8, 12, 13, 5, 9, 10, 4, 3, 6, 3, 10, 6, 9, 6, 3, 12, 5], [11, 8, 10, 6, 5, 5, 5, 3, 12, 7, 9, 10, 10, 10, 10, 6, 9, 12, 5, 7], [9, 6, 9, 12, 3, 4, 3, 12, 3, 12, 3, 12, 9, 10, 12, 9, 6, 5, 1, 12], [3, 12, 7, 3, 10, 2, 12, 3, 12, 1, 12, 5, 3, 12, 3, 6, 9, 6, 7, 5], [9, 4, 9, 10, 12, 9, 6, 13, 5, 7, 3, 4, 13, 3, 12, 11, 2, 10, 12, 5], [5, 7, 5, 13, 5, 5, 11, 4, 3, 10, 12, 5, 5, 9, 6, 9, 10, 12, 3, 4], [1, 12, 5, 5, 5, 1, 10, 6, 9, 10, 6, 5, 5, 3, 10, 6, 9, 6, 11, 6], [5, 3, 2, 6, 5, 5, 9, 10, 6, 11, 10, 2, 4, 13, 9, 10, 6, 9, 10, 12], [3, 10, 12, 9, 6, 5, 5, 9, 12, 9, 12, 9, 2, 6, 3, 10, 10, 6, 9, 4], [9, 14, 5, 3, 12, 7, 5, 5, 3, 6, 5, 7, 9, 10, 10, 10, 10, 12, 5, 5], [3, 10, 2, 14, 3, 10, 2, 6, 11, 10, 2, 10, 6, 11, 10, 10, 10, 2, 6, 7]]","[[0, 0], [0, 1], [0, 2], [0, 3], [0, 4], [0, 5], [1, 5], [2, 5], [2, 6], [2, 7], [1, 7], [0, 7], [0, 8], [0, 9], [1, 9], [1, 8], [2, 8], [3, 8], [3, 7], [3, 6], [4, 6], [4, 5], [3, 5], [3, 4], [2, 4], [1, 4], [1, 3], [2, 3], [3, 3], [3, 2], [3, 1], [4, 1], [4, 2], [5, 2], [5, 1], [5, 0], [6, 0], [7, 0], [8, 0], [9, 0], [9, 1], [8, 1], [8, 2], [8, 3], [8, 4], [8, 5], [8, 6], [9, 6], [10, 6], [11, 6], [11, 7], [12, 7], [12, 8], [13, 8], [14, 8], [14, 9], [14, 10], [15, 10], [15, 9], [15, 8], [16, 8], [16, 7], [16, 6], [17, 6], [18, 6], [19, 6], [19, 7], [18, 7], [17, 7], [17, 8], [18, 8], [18, 9], [17, 9], [17, 10], [18, 10], [19, 10], [19, 11], [19, 12], [18, 12], [18, 13], [18, 14], [18, 15], [18, 16], [18, 17], [19, 17], [19, 18], [18, 18], [17, 18], [17, 19], [18, 19], [19, 19]]",91,146,0,146,0.0003101000329479575,True
recursive_backtracking,bfs,20,20,2710566582,"[0, 0]","[19, 19]","[[13, 9, 10, 10, 10, 10, 10, 10, 12, 9, 10, 10, 10, 14, 9, 10, 12, 9, 8, 12], [3, 6, 9, 14, 9, 8, 10, 14, 5, 1, 12, 9, 10, 10, 6, 13, 3, 6, 5, 5], [13, 9, 2, 10, 6, 3, 10, 10, 6, 5, 3, 6, 11, 8, 12, 1, 12, 9, 6, 7], [5, 3, 10, 12, 13, 9, 8, 12, 13, 3, 12, 9, 8, 6, 3, 6, 5, 3, 10, 12], [1, 10, 10, 6, 1, 6, 5, 3, 2, 14, 5, 5, 3, 12, 11, 12, 5, 9, 10, 4], [3, 10, 12, 13, 5, 13, 3, 10, 10, 12, 5, 3, 14, 3, 12, 5, 5, 3, 12, 5], [9, 12, 5, 5, 5, 3, 10, 10, 12, 5, 3, 12, 9, 10, 6, 5, 1, 14, 5, 5], [5, 3, 6, 1, 6, 9, 10, 12, 5, 3, 10, 6, 5, 9, 14, 1, 6, 9, 6, 5], [5, 11, 10, 4, 11, 4, 11, 4, 3, 8, 12, 9, 6, 5, 9, 6, 13, 5, 11, 4], [3, 10, 12, 3, 12, 3, 12, 3, 10, 6, 1, 6, 11, 4, 3, 10, 4, 3, 12, 7], [9, 12, 5, 11, 2, 8, 6, 11, 10, 10, 6, 9, 12, 3, 8, 10, 2, 14, 3, 12], [5, 7, 3, 10, 12, 5, 9, 12, 9, 12, 9, 6, 3, 12, 7, 9, 10, 10, 12, 5], [1, 10, 10, 10, 6, 5, 5, 3, 6, 3, 6, 9, 12, 3, 12, 5, 13, 9, 6, 5], [3, 10, 12, 9, 10, 6, 3, 12, 9, 10, 10, 6, 3, 10, 6, 5, 5, 5, 11, 4], [13, 9, 6, 3, 12, 9, 10, 6, 3, 12, 11, 10, 12, 9, 10, 4, 3, 2, 10, 4], [1, 6, 9, 12, 7, 3, 12, 9, 12, 5, 9, 12, 3, 6, 9, 4, 9, 12, 13, 5], [3, 10, 6, 3, 10, 10, 6, 5, 3, 6, 5, 3, 10, 10, 6, 7, 5, 5, 1, 6], [9, 10, 10, 8, 12, 9, 12, 5, 9, 10, 2, 10, 12, 9, 12, 9, 6, 5, 5, 13], [5, 13, 9, 6, 7, 5, 5, 5, 7, 9, 10, 12, 3, 6, 3, 2, 14, 5, 3, 4], [3, 6, 3, 10, 10, 6, 3, 2, 10, 6, 11, 2, 10, 10, 10, 10, 10, 6, 11, 6]]","[[0, 0], [1, 0], [1, 1], [0, 1], [0, 2], [0, 3], [0, 4], [0, 5], [0, 6], [0, 7], [0, 8], [1, 8], [2, 8], [2, 7], [2, 6], [2, 5], [1, 5], [1, 4], [2, 4], [2, 3], [2, 2], [2, 1], [3, 1], [3, 2], [3, 3], [4, 3], [4, 2], [4, 1], [4, 0], [5, 0], [5, 1], [5, 2], [6, 2], [7, 2], [7, 1], [6, 1], [6, 0], [7, 0], [8, 0], [9, 0], [9, 1], [9, 2], [10, 2], [11, 2], [11, 3], [11, 4], [12, 4], [12, 3], [12, 2], [12, 1], [12, 0], [13, 0], [13, 1], [13, 2], [14, 2], [14, 1], [15, 1], [15, 0], [16, 0], [16, 1], [16, 2], [15, 2], [15, 3], [16, 3], [16, 4], [16, 5], [16, 6], [15, 6], [15, 5], [14, 5], [14, 6], [14, 7], [13, 7], [13, 6], [12, 6], [11, 6], [11, 7], [12, 7], [12, 8], [11, 8], [11, 9], [12, 9], [12, 10], [11, 10], [11, 11], [10, 11], [10, 12], [11, 12], [11, 13], [12, 13], [12, 14], [13, 14], [13, 13], [13, 12], [12, 12], [12, 11], [13, 11], [13, 10], [13, 9], [13, 8], [14, 8], [14, 9], [15, 9], [16, 9], [16, 8], [15, 8], [15, 7], [16, 7], [17, 7], [18, 7], [19, 7], [19, 8], [19, 9], [18, 9], [18, 10], [18, 11], [19, 11], [19, 12], [19, 13], [19, 14], [19, 15], [19, 16], [19, 17], [18, 17], [17, 17], [16, 17], [15, 17], [15, 16], [16, 16], [17, 16], [17, 15], [18, 15], [18, 14], [17, 14], [17, 13], [18, 13], [18, 12], [17, 12], [17, 11], [17, 10], [16, 10], [15, 10], [15, 11], [16, 11], [16, 12], [16, 13], [16, 14], [15, 14], [15, 15], [14, 15], [13, 15], [12, 15], [11, 15], [11, 16], [11, 17], [11, 18], [12, 18], [12, 17], [13, 17], [14, 17], [14, 18], [14, 19], [15, 19], [16, 19], [16, 18], [17, 18], [18, 18], [18, 19], [19, 19]]",169,227,0,227,0.0005880000535398722,True
recursive_backtracking,bfs,20,20,983297492,"[0, 0]","[19, 19]","[[11, 12, 9, 12, 9, 10, 12, 9, 12, 9, 10, 12, 11, 10, 10, 8, 10, 12, 9, 14], [13, 3, 6, 5, 3, 12, 3, 6, 3, 6, 13, 5, 9, 10, 10, 6, 9, 6, 3, 12], [1, 10, 12, 5, 9, 6, 11, 12, 9, 10, 2, 6, 5, 9, 10, 14, 5, 9, 10, 6], [5, 13, 3, 6, 3, 10, 12, 5, 3, 10, 12, 9, 6, 1, 10, 10, 6, 1, 10, 12], [5, 1, 10, 10, 8, 10, 6, 1, 10, 10, 6, 1, 12, 3, 10, 10, 12, 7, 9, 4], [5, 7, 9, 12, 5, 9, 12, 5, 11, 10, 8, 6, 5, 11, 8, 12, 3, 10, 6, 5], [3, 12, 5, 3, 6, 5, 3, 6, 9, 12, 3, 14, 1, 12, 7, 1, 14, 9, 12, 5], [13, 5, 5, 9, 12, 3, 12, 9, 6, 3, 10, 12, 5, 3, 12, 3, 8, 6, 3, 6], [5, 3, 6, 5, 3, 14, 5, 1, 10, 12, 9, 6, 3, 14, 3, 12, 3, 10, 10, 14], [5, 9, 10, 4, 9, 10, 6, 3, 12, 5, 3, 10, 12, 9, 12, 3, 10, 10, 10, 12], [3, 6, 9, 6, 3, 10, 12, 9, 6, 5, 9, 12, 5, 5, 3, 12, 9, 10, 12, 5], [9, 8, 6, 9, 10, 10, 6, 3, 14, 5, 5, 7, 5, 1, 12, 3, 6, 9, 6, 5], [5, 5, 9, 6, 9, 12, 9, 10, 10, 6, 1, 12, 5, 7, 5, 9, 10, 6, 11, 4], [5, 7, 5, 9, 4, 5, 5, 9, 14, 9, 6, 3, 6, 9, 6, 3, 10, 10, 12, 5], [1, 10, 6, 5, 5, 3, 6, 5, 9, 6, 9, 10, 12, 3, 8, 10, 12, 13, 3, 4], [3, 12, 9, 6, 3, 12, 9, 2, 6, 11, 4, 13, 3, 12, 5, 9, 6, 1, 10, 6], [9, 6, 7, 9, 10, 6, 3, 10, 12, 9, 6, 5, 9, 6, 5, 5, 13, 5, 9, 14], [3, 10, 10, 6, 9, 10, 8, 14, 5, 3, 12, 1, 6, 11, 6, 5, 1, 6, 1, 12], [13, 9, 10, 10, 6, 9, 6, 9, 6, 9, 6, 5, 9, 10, 10, 6, 5, 11, 6, 5], [3, 2, 10, 10, 14, 3, 10, 2, 10, 6, 11, 2, 6, 11, 10, 10, 2, 10, 10, 6]]","[[0, 0], [0, 1], [1, 1], [1, 2], [0, 2], [0, 3], [1, 3], [2, 3], [3, 3], [3, 2], [2, 2], [2, 1], [2, 0], [3, 0], [4, 0], [5, 0], [6, 0], [6, 1], [7, 1], [8, 1], [8, 2], [7, 2], [6, 2], [5, 2], [5, 3], [6, 3], [6, 4], [5, 4], [4, 4], [4, 5], [4, 6], [3, 6], [3, 5], [3, 4], [2, 4], [2, 5], [1, 5], [1, 4], [0, 4], [0, 5], [0, 6], [1, 6], [1, 7], [0, 7], [0, 8], [1, 8], [1, 9], [0, 9], [0, 10], [0, 11], [1, 11], [2, 11], [2, 10], [2, 9], [2, 8], [3, 8], [3, 9], [3, 10], [4, 10], [4, 9], [4, 8], [4, 7], [5, 7], [6, 7], [6, 6], [5, 6], [5, 5], [6, 5], [7, 5], [7, 6], [8, 6], [9, 6], [9, 5], [9, 4], [10, 4], [10, 5], [10, 6], [11, 6], [11, 5], [11, 4], [11, 3], [12, 3], [12, 2], [13, 2], [14, 2], [14, 1], [14, 0], [15, 0], [15, 1], [16, 1], [16, 0], [17, 0], [17, 1], [17, 2], [17, 3], [16, 3], [16, 4], [16, 5], [15, 5], [15, 4], [14, 4], [13, 4], [12, 4], [12, 5], [13, 5], [14, 5], [14, 6], [13, 6], [12, 6], [12, 7], [12, 8], [12, 9], [11, 9], [10, 9], [9, 9], [8, 9], [8, 8], [8, 7], [7, 7], [7, 8], [6, 8], [6, 9], [7, 9], [7, 10], [7, 11], [8, 11], [8, 10], [9, 10], [9, 11], [9, 12], [10, 12], [11, 12], [12, 12], [13, 12], [13, 11], [12, 11], [12, 10], [13, 10], [13, 9], [14, 9], [14, 8], [15, 8], [15, 7], [15, 6], [16, 6], [16, 7], [16, 8], [17, 8], [18, 8], [18, 7], [19, 7], [19, 8], [19, 9], [18, 9], [18, 10], [17, 10], [17, 9], [16, 9], [16, 10], [15, 10], [14, 10], [14, 11], [14, 12], [15, 12], [15, 13], [16, 13], [16, 12], [17, 12], [17, 11], [18, 11], [19, 11], [19, 12], [18, 12], [18, 13], [18, 14], [18, 15], [17, 15], [16, 15], [15, 15], [15, 16], [14, 16], [14, 15], [14, 14], [14, 13], [13, 13], [13, 14], [12, 14], [11, 14], [11, 13], [10, 13], [9, 13], [9, 14], [10, 14], [10, 15], [11, 15], [11, 16], [10, 16], [10, 17], [10, 18], [11, 18], [11, 17], [12, 17], [12, 16], [12, 15], [13, 15], [13, 16], [13, 17], [13, 18], [14, 18], [14, 19], [15, 19], [15, 18], [15, 17], [16, 17], [17, 17], [17, 16], [18, 16], [19, 16], [19, 17], [19, 18], [19, 19]]",221,315,0,315,0.0010364999761804938,True
recursive_backtracking,bfs,20,20,3888749350,"[0, 0]","[19, 19]","[[13, 11, 8, 12, 9, 10, 12, 11, 10, 10, 10, 10, 8, 12, 9, 10, 10, 10, 12, 13], [3, 10, 6, 3, 6, 9, 6, 9, 10, 10, 10, 12, 5, 3, 6, 9, 10, 14, 3, 4], [9, 10, 10, 8, 12, 5, 11, 2, 12, 11, 12, 5, 3, 12, 9, 6, 9, 10, 10, 6], [3, 12, 9, 4, 7, 3, 10, 12, 1, 12, 3, 2, 10, 6, 3, 10, 2, 12, 9, 12], [13, 5, 5, 5, 9, 10, 10, 6, 7, 3, 10, 8, 10, 10, 10, 12, 9, 6, 5, 5], [1, 6, 5, 7, 3, 12, 11, 8, 12, 9, 12, 7, 9, 10, 12, 5, 3, 12, 5, 7], [7, 9, 4, 9, 12, 5, 9, 6, 3, 6, 3, 10, 6, 13, 3, 6, 13, 5, 3, 12], [9, 6, 5, 5, 3, 6, 5, 9, 8, 10, 14, 9, 10, 4, 9, 10, 2, 6, 9, 4], [3, 12, 7, 3, 12, 9, 6, 5, 7, 9, 10, 6, 13, 5, 5, 11, 10, 8, 6, 5], [9, 6, 9, 12, 3, 6, 9, 4, 9, 6, 11, 8, 4, 3, 6, 9, 10, 6, 11, 6], [5, 9, 6, 3, 8, 10, 6, 5, 5, 9, 10, 6, 3, 10, 12, 5, 9, 10, 10, 12], [5, 5, 9, 12, 3, 8, 14, 5, 5, 5, 9, 8, 14, 9, 6, 3, 0, 10, 14, 5], [1, 6, 5, 3, 12, 7, 9, 4, 5, 5, 5, 7, 9, 6, 9, 12, 7, 9, 12, 5], [3, 14, 5, 13, 5, 9, 6, 5, 3, 6, 1, 12, 5, 9, 6, 3, 12, 5, 5, 5], [9, 12, 5, 3, 2, 6, 11, 2, 10, 12, 5, 5, 5, 5, 9, 14, 3, 6, 3, 4], [5, 3, 6, 9, 10, 10, 10, 10, 12, 7, 5, 5, 5, 5, 3, 12, 9, 12, 9, 6], [1, 12, 9, 6, 9, 10, 10, 12, 3, 10, 6, 5, 5, 3, 12, 3, 6, 3, 4, 13], [5, 5, 3, 12, 7, 9, 12, 5, 9, 10, 10, 6, 3, 12, 3, 10, 10, 12, 5, 5], [5, 3, 12, 5, 9, 6, 3, 4, 3, 12, 9, 8, 14, 5, 9, 10, 10, 6, 3, 4], [3, 14, 3, 2, 6, 11, 10, 2, 14, 3, 6, 3, 10, 2, 6, 11, 10, 10, 10, 6]]","[[0, 0], [1, 0], [1, 1], [1, 2], [0, 2], [0, 3], [1, 3], [1, 4], [0, 4], [0, 5], [0, 6], [1, 6], [1, 5], [2, 5], [3, 5], [3, 6], [3, 7], [4, 7], [4, 6], [4, 5], [4, 4], [5, 4], [5, 5], [6, 5], [7, 5], [7, 4], [6, 4], [6, 3], [7, 3], [8, 3], [8, 4], [9, 4], [9, 5], [8, 5], [8, 6], [7, 6], [6, 6], [6, 7], [5, 7], [5, 8], [6, 8], [6, 9], [5, 9], [5, 10], [6, 10], [6, 11], [6, 12], [5, 12], [5, 13], [5, 14], [6, 14], [6, 15], [5, 15], [4, 15], [4, 14], [4, 13], [4, 12], [4, 11], [4, 10], [4, 9], [3, 9], [3, 8], [2, 8], [2, 7], [1, 7], [1, 8], [1, 9], [1, 10], [1, 11], [2, 11], [3, 11], [3, 12], [3, 13], [2, 13], [2, 12], [1, 12], [0, 12], [0, 13], [1, 13], [1, 14], [0, 14], [0, 15], [0, 16], [0, 17], [0, 18], [1, 18], [1, 19], [2, 19], [2, 18], [2, 17], [2, 16], [3, 16], [3, 17], [4, 17], [4, 16], [5, 16], [5, 17], [6, 17], [7, 17], [7, 16], [7, 15], [7, 14], [8, 14], [9, 14], [9, 13], [8, 13], [7, 13], [7, 12], [7, 11], [8, 11], [8, 10], [8, 9], [9, 9], [9, 8], [10, 8], [11, 8], [12, 8], [13, 8], [13, 9], [12, 9], [11, 9], [10, 9], [10, 10], [10, 11], [9, 11], [9, 12], [10, 12], [10, 13], [10, 14], [11, 14], [11, 13], [12, 13], [12, 12], [13, 12], [14, 12], [15, 12], [16, 12], [17, 12], [17, 13], [18, 13], [19, 13], [19, 14], [18, 14], [18, 15], [18, 16], [18, 17], [17, 17], [17, 16], [17, 15], [17, 14], [16, 14], [16, 13], [15, 13], [14, 13], [13, 13], [13, 14], [12, 14], [12, 15], [13, 15], [13, 16], [14, 16], [14, 17], [13, 17], [12, 17], [12, 18], [13, 18], [14, 18], [14, 19], [15, 19], [15, 18], [16, 18], [17, 18], [18, 18], [18, 19], [19, 19]]",175,253,0,253,0.0005231000250205398,True
recursive_backtracking,bfs,20,20,3692105921,"[0, 0]","[19, 19]","[[11, 10, 12, 9, 14, 9, 10, 8, 14, 9, 10, 10, 8, 12, 9, 10, 12, 11, 8, 12], [11, 12, 5, 3, 8, 6, 13, 3, 10, 2, 14, 9, 6, 5, 5, 11, 2, 12, 5, 7], [9, 6, 3, 12, 3, 10, 2, 14, 9, 10, 10, 6, 9, 6, 1, 10, 12, 5, 3, 12], [1, 10, 12, 3, 12, 9, 10, 12, 5, 9, 10, 10, 6, 11, 4, 9, 6, 3, 12, 5], [5, 13, 1, 14, 3, 6, 9, 6, 5, 3, 10, 12, 9, 12, 7, 3, 10, 12, 5, 5], [1, 6, 3, 12, 9, 10, 6, 9, 6, 13, 9, 6, 5, 5, 9, 10, 12, 5, 3, 4], [5, 9, 10, 6, 3, 10, 10, 6, 11, 4, 3, 12, 5, 3, 6, 13, 3, 6, 9, 6], [5, 3, 12, 9, 12, 9, 10, 10, 8, 4, 13, 5, 5, 13, 9, 0, 14, 9, 6, 13], [5, 13, 5, 5, 3, 2, 14, 9, 6, 3, 4, 5, 5, 3, 4, 3, 12, 5, 11, 4], [3, 6, 3, 2, 14, 9, 10, 6, 9, 14, 5, 5, 3, 12, 1, 14, 5, 5, 9, 4], [9, 10, 10, 10, 10, 6, 11, 10, 2, 8, 6, 3, 12, 5, 7, 9, 4, 5, 5, 5], [3, 12, 9, 10, 10, 12, 9, 10, 12, 5, 11, 12, 5, 5, 9, 6, 5, 3, 6, 5], [9, 6, 5, 9, 12, 5, 5, 13, 5, 3, 10, 4, 3, 6, 5, 11, 2, 12, 9, 6], [1, 12, 5, 7, 5, 3, 2, 4, 3, 12, 13, 5, 13, 9, 2, 12, 9, 6, 5, 13], [7, 5, 3, 10, 4, 9, 12, 7, 9, 6, 3, 2, 6, 3, 12, 5, 7, 9, 6, 5], [9, 0, 14, 9, 6, 5, 3, 10, 6, 9, 10, 10, 12, 9, 6, 5, 9, 6, 9, 6], [5, 7, 9, 6, 13, 3, 10, 10, 10, 6, 9, 10, 6, 5, 9, 6, 3, 12, 3, 12], [1, 10, 6, 11, 0, 10, 10, 10, 12, 13, 3, 10, 12, 5, 3, 8, 14, 3, 12, 5], [3, 10, 10, 10, 6, 9, 8, 14, 3, 2, 12, 13, 5, 5, 13, 5, 9, 12, 3, 4], [11, 10, 10, 10, 10, 6, 3, 10, 10, 10, 2, 6, 3, 2, 6, 3, 6, 3, 10, 6]]","[[0, 0], [0, 1], [0, 2], [1, 2], [2, 2], [2, 3], [3, 3], [3, 4], [4, 4], [4, 5], [3, 5], [3, 6], [3, 7], [4, 7], [4, 6], [5, 6], [5, 5], [5, 4], [6, 4], [6, 5], [6, 6], [6, 7], [5, 7], [5, 8], [4, 8], [3, 8], [2, 8], [2, 9], [2, 10], [2, 11], [1, 11], [1, 12], [0, 12], [0, 13], [1, 13], [2, 13], [2, 12], [3, 12], [3, 11], [3, 10], [3, 9], [4, 9], [4, 10], [4, 11], [5, 11], [5, 10], [6, 10], [6, 11], [7, 11], [8, 11], [9, 11], [10, 11], [10, 12], [11, 12], [12, 12], [12, 13], [11, 13], [10, 13], [9, 13], [9, 12], [8, 12], [7, 12], [6, 12], [5, 12], [4, 12], [4, 13], [5, 13], [6, 13], [6, 14], [5, 14], [5, 15], [5, 16], [6, 16], [6, 17], [5, 17], [4, 17], [4, 16], [4, 15], [3, 15], [3, 16], [2, 16], [2, 15], [2, 14], [1, 14], [0, 14], [0, 15], [0, 16], [1, 16], [1, 17], [2, 17], [3, 17], [3, 18], [4, 18], [5, 18], [5, 19], [6, 19], [6, 18], [7, 18], [7, 17], [8, 17], [9, 17], [10, 17], [11, 17], [11, 18], [10, 18], [9, 18], [9, 19], [10, 19], [11, 19], [12, 19], [12, 18], [13, 18], [14, 18], [14, 17], [15, 17], [15, 16], [16, 16], [16, 17], [17, 17], [17, 18], [18, 18], [18, 19], [19, 19]]",123,161,0,161,0.000332399969920516,True
recursive_backtracking,bfs,20,20,1022222125,"[0, 0]","[19, 19]","[[11, 10, 10, 10, 10, 12, 9, 10, 8, 10, 12, 11, 8, 10, 10, 10, 10, 10, 8, 12], [9, 10, 10, 14, 9, 6, 7, 9, 6, 13, 3, 12, 3, 14, 9, 10, 10, 12, 5, 5], [1, 10, 10, 10, 6, 9, 12, 5, 9, 0, 14, 3, 10, 10, 6, 9, 12, 5, 7, 5], [5, 9, 10, 10, 8, 4, 3, 6, 5, 3, 10, 12, 9, 8, 14, 5, 3, 6, 9, 4], [5, 7, 9, 12, 7, 5, 13, 9, 6, 9, 12, 5, 5, 3, 10, 6, 11, 10, 4, 5], [5, 9, 6, 3, 10, 6, 5, 5, 9, 6, 5, 3, 6, 11, 8, 10, 10, 10, 6, 5], [5, 3, 10, 8, 10, 12, 5, 5, 5, 9, 6, 9, 10, 12, 1, 10, 12, 11, 12, 5], [3, 10, 12, 3, 12, 5, 3, 2, 6, 5, 11, 2, 12, 5, 3, 14, 3, 12, 1, 6], [9, 12, 3, 12, 7, 3, 12, 9, 12, 5, 9, 10, 6, 5, 9, 10, 12, 5, 3, 12], [5, 1, 12, 5, 9, 10, 6, 5, 7, 3, 6, 9, 12, 3, 6, 9, 6, 5, 9, 6], [7, 5, 7, 5, 5, 9, 14, 1, 10, 10, 10, 4, 3, 10, 14, 5, 9, 4, 3, 14], [9, 6, 9, 6, 5, 3, 12, 5, 9, 8, 14, 5, 9, 10, 10, 6, 7, 3, 10, 12], [5, 9, 6, 11, 2, 12, 5, 5, 7, 3, 12, 5, 3, 12, 9, 10, 10, 10, 12, 5], [5, 5, 11, 8, 10, 6, 3, 2, 10, 10, 4, 3, 12, 3, 6, 13, 9, 12, 5, 5], [5, 3, 12, 1, 10, 10, 10, 12, 9, 12, 3, 12, 3, 8, 12, 3, 6, 5, 3, 4], [3, 12, 5, 3, 10, 10, 14, 5, 5, 3, 10, 2, 14, 5, 3, 10, 12, 1, 14, 5], [9, 6, 3, 10, 10, 12, 9, 6, 3, 12, 9, 10, 10, 6, 11, 10, 2, 6, 9, 6], [1, 8, 10, 10, 14, 3, 6, 9, 10, 6, 3, 10, 10, 12, 9, 12, 9, 10, 6, 13], [5, 5, 9, 10, 10, 10, 12, 3, 12, 11, 10, 8, 12, 3, 6, 3, 6, 11, 10, 4], [7, 3, 2, 10, 10, 14, 3, 10, 2, 10, 10, 6, 3, 10, 10, 10, 10, 10, 10, 6]]","[[0, 0], [0, 1], [0, 2], [0, 3], [0, 4], [0, 5], [1, 5], [1, 4], [2, 4], [2, 3], [2, 2], [2, 1], [2, 0], [3, 0], [4, 0], [5, 0], [6, 0], [7, 0], [7, 1], [7, 2], [8, 2], [8, 3], [9, 3], [10, 3], [11, 3], [11, 2], [12, 2], [12, 1], [13, 1], [14, 1], [14, 2], [15, 2], [16, 2], [16, 3], [16, 4], [16, 5], [17, 5], [17, 6], [16, 6], [16, 7], [15, 7], [14, 7], [14, 6], [14, 5], [14, 4], [14, 3], [13, 3], [13, 4], [13, 5], [12, 5], [12, 4], [11, 4], [10, 4], [9, 4], [9, 5], [9, 6], [8, 6], [8, 5], [7, 5], [6, 5], [6, 4], [6, 3], [6, 2], [6, 1], [5, 1], [5, 2], [4, 2], [4, 3], [5, 3], [5, 4], [5, 5], [4, 5], [3, 5], [2, 5], [2, 6], [3, 6], [3, 7], [2, 7], [1, 7], [1, 8], [0, 8], [0, 9], [0, 10], [1, 10], [1, 11], [2, 11], [2, 12], [2, 13], [2, 14], [1, 14], [1, 15], [1, 16], [1, 17], [2, 17], [3, 17], [3, 16], [2, 16], [2, 15], [3, 15], [4, 15], [4, 14], [4, 13], [3, 13], [3, 12], [4, 12], [5, 12], [5, 11], [4, 11], [3, 11], [3, 10], [3, 9], [2, 9], [2, 8], [3, 8], [4, 8], [4, 7], [5, 7], [6, 7], [7, 7], [7, 8], [6, 8], [5, 8], [5, 9], [4, 9], [4, 10], [5, 10], [6, 10], [6, 9], [7, 9], [8, 9], [9, 9], [9, 10], [8, 10], [8, 11], [8, 12], [7, 12], [7, 11], [6, 11], [6, 12], [6, 13], [7, 13], [8, 13], [9, 13], [9, 14], [8, 14], [8, 15], [8, 16], [9, 16], [9, 15], [10, 15], [11, 15], [11, 14], [11, 13], [11, 12], [12, 12], [12, 13], [13, 13], [13, 14], [12, 14], [12, 15], [12, 16], [12, 17], [12, 18], [13, 18], [14, 18], [14, 19], [15, 19], [16, 19], [16, 18], [17, 18], [17, 17], [17, 16], [18, 16], [18, 15], [17, 15], [17, 14], [18, 14], [18, 13], [17, 13], [17, 12], [17, 11], [17, 10], [16, 10], [16, 11], [16, 12], [16, 13], [15, 13], [14, 13], [14, 12], [13, 12], [13, 11], [12, 11], [11, 11], [10, 11], [10, 10], [10, 9], [10, 8], [10, 7], [11, 7], [12, 7], [13, 7], [13, 8], [13, 9], [13, 10], [14, 10], [14, 11], [15, 11], [15, 10], [15, 9], [14, 9], [14, 8], [15, 8], [16, 8], [16, 9], [17, 9], [17, 8], [17, 7], [18, 7], [18, 8], [19, 8], [19, 9], [19, 10], [19, 11], [18, 11], [18, 12], [19, 12], [19, 13], [19, 14], [19, 15], [19, 16], [19, 17], [19, 18], [19, 19]]",233,377,0,377,0.000771300052292645,True
recursive_backtracking,bfs,20,20,2873237671,"[0, 0]","[19, 19]","[[13, 9, 10, 10, 8, 10, 12, 13, 9, 10, 8, 10, 12, 9, 10, 10, 8, 10, 10, 14], [5, 7, 9, 10, 6, 9, 6, 3, 4, 13, 3, 12, 5, 3, 12, 13, 5, 9, 10, 12], [3, 12, 3, 12, 13, 3, 10, 12, 3, 4, 9, 6, 3, 12, 5, 5, 3, 6, 9, 6], [13, 3, 10, 6, 1, 8, 14, 5, 13, 5, 5, 11, 10, 6, 5, 1, 12, 13, 3, 12], [1, 10, 10, 12, 5, 3, 12, 5, 1, 6, 3, 10, 10, 8, 2, 6, 5, 5, 9, 6], [1, 10, 12, 7, 3, 12, 3, 6, 3, 14, 9, 10, 12, 7, 9, 12, 3, 6, 3, 12], [5, 9, 6, 9, 12, 3, 10, 10, 10, 10, 6, 13, 3, 10, 6, 3, 12, 9, 10, 4], [5, 3, 10, 6, 3, 8, 10, 14, 9, 10, 10, 2, 10, 10, 8, 14, 3, 6, 9, 6], [3, 10, 10, 10, 12, 3, 10, 10, 6, 13, 9, 12, 9, 12, 3, 8, 10, 12, 3, 12], [9, 10, 10, 14, 5, 9, 10, 10, 8, 6, 5, 3, 6, 3, 12, 3, 12, 1, 14, 5], [5, 9, 10, 10, 6, 5, 9, 14, 5, 9, 6, 9, 10, 14, 3, 10, 6, 5, 9, 6], [1, 6, 11, 10, 8, 4, 5, 9, 6, 5, 11, 2, 10, 10, 10, 8, 10, 6, 3, 12], [3, 12, 9, 12, 7, 5, 5, 3, 12, 3, 10, 12, 9, 10, 12, 3, 12, 9, 12, 5], [13, 5, 5, 3, 10, 6, 3, 12, 5, 9, 14, 3, 6, 13, 3, 12, 5, 5, 7, 5], [1, 6, 1, 10, 10, 10, 12, 5, 5, 3, 10, 8, 8, 6, 9, 6, 3, 4, 9, 6], [3, 12, 3, 12, 9, 10, 6, 5, 3, 10, 12, 5, 5, 9, 6, 13, 9, 6, 5, 13], [13, 3, 12, 7, 5, 11, 8, 2, 10, 14, 5, 7, 5, 5, 11, 2, 4, 13, 5, 5], [1, 14, 3, 12, 1, 12, 1, 12, 9, 12, 3, 10, 4, 3, 10, 12, 3, 6, 3, 4], [1, 12, 9, 6, 7, 5, 5, 3, 6, 3, 10, 12, 3, 12, 13, 3, 10, 10, 12, 5], [7, 3, 2, 10, 10, 6, 3, 10, 10, 10, 14, 3, 10, 2, 2, 10, 10, 14, 3, 6]]","[[0, 0], [1, 0], [2, 0], [2, 1], [3, 1], [3, 2], [3, 3], [2, 3], [2, 2], [1, 2], [1, 3], [1, 4], [0, 4], [0, 5], [0, 6], [1, 6], [1, 5], [2, 5], [2, 6], [2, 7], [3, 7], [4, 7], [5, 7], [5, 6], [4, 6], [4, 5], [3, 5], [3, 4], [4, 4], [5, 4], [5, 5], [6, 5], [6, 6], [6, 7], [6, 8], [6, 9], [6, 10], [5, 10], [5, 11], [5, 12], [6, 12], [6, 13], [6, 14], [5, 14], [5, 15], [6, 15], [6, 16], [7, 16], [7, 17], [6, 17], [6, 18], [6, 19], [7, 19], [7, 18], [8, 18], [8, 19], [9, 19], [10, 19], [10, 18], [11, 18], [11, 19], [12, 19], [13, 19], [14, 19], [14, 18], [15, 18], [16, 18], [17, 18], [17, 19], [18, 19], [19, 19]]",71,101,0,101,0.00021189998369663954,True
recursive_backtracking,bfs,20,20,2030106617,"[0, 0]","[19, 19]","[[11, 10, 10, 12, 9, 10, 10, 10, 12, 9, 8, 10, 12, 11, 10, 10, 10, 8, 12, 13], [9, 10, 14, 5, 3, 12, 9, 12, 5, 5, 5, 11, 2, 12, 9, 10, 12, 5, 3, 6], [1, 12, 9, 6, 13, 5, 5, 7, 3, 6, 5, 9, 12, 3, 6, 13, 5, 1, 10, 12], [5, 3, 6, 13, 1, 2, 6, 9, 10, 12, 3, 6, 5, 11, 10, 4, 5, 5, 9, 4], [5, 9, 12, 1, 6, 13, 9, 6, 11, 2, 10, 12, 1, 10, 12, 5, 5, 7, 5, 5], [5, 5, 5, 5, 11, 4, 5, 9, 12, 9, 12, 5, 3, 14, 5, 1, 6, 9, 6, 7], [5, 7, 3, 2, 10, 6, 3, 6, 1, 6, 5, 3, 10, 12, 5, 3, 12, 3, 10, 12], [5, 9, 10, 10, 10, 10, 10, 12, 3, 14, 5, 9, 12, 3, 6, 13, 3, 12, 9, 6], [5, 5, 9, 8, 10, 12, 9, 6, 9, 12, 5, 5, 3, 10, 12, 5, 9, 6, 1, 12], [5, 5, 5, 3, 12, 5, 3, 12, 5, 3, 6, 3, 12, 9, 6, 5, 3, 12, 7, 5], [5, 5, 5, 13, 5, 5, 9, 6, 1, 10, 12, 9, 6, 5, 9, 2, 10, 6, 9, 4], [3, 6, 3, 4, 5, 7, 5, 13, 5, 9, 6, 5, 9, 6, 3, 12, 9, 10, 4, 5], [9, 10, 10, 6, 5, 9, 6, 3, 6, 3, 10, 6, 3, 10, 12, 5, 7, 9, 6, 7], [5, 9, 14, 9, 6, 3, 10, 12, 9, 10, 10, 10, 10, 12, 5, 3, 12, 3, 10, 12], [3, 4, 9, 6, 9, 10, 10, 6, 3, 10, 10, 12, 13, 5, 3, 12, 3, 12, 9, 6], [13, 5, 3, 10, 6, 9, 8, 10, 10, 12, 9, 6, 5, 3, 12, 1, 12, 5, 3, 12], [5, 5, 11, 10, 10, 6, 3, 10, 12, 3, 6, 9, 6, 9, 6, 7, 5, 5, 9, 4], [1, 6, 9, 10, 10, 12, 9, 12, 3, 12, 11, 4, 9, 6, 9, 10, 6, 3, 6, 5], [5, 11, 4, 13, 9, 6, 5, 3, 10, 6, 9, 6, 3, 12, 5, 13, 9, 10, 12, 5], [3, 10, 6, 3, 2, 10, 6, 11, 10, 10, 2, 10, 10, 2, 6, 3, 2, 14, 3, 6]]","[[0, 0], [0, 1], [0, 2], [0, 3], [1, 3], [2, 3], [2, 2], [3, 2], [3, 1], [2, 1], [2, 0], [3, 0], [4, 0], [5, 0], [6, 0], [7, 0], [8, 0], [9, 0], [10, 0], [11, 0], [11, 1], [10, 1], [9, 1], [8, 1], [7, 1], [7, 2], [7, 3], [7, 4], [7, 5], [7, 6], [7, 7], [8, 7], [8, 6], [9, 6], [9, 7], [10, 7], [10, 6], [11, 6], [12, 6], [12, 5], [13, 5], [13, 6], [13, 7], [14, 7], [14, 6], [14, 5], [14, 4], [15, 4], [15, 3], [15, 2], [14, 2], [14, 3], [13, 3], [13, 4], [12, 4], [11, 4], [10, 4], [9, 4], [9, 3], [8, 3], [8, 2], [9, 2], [10, 2], [11, 2], [11, 3], [12, 3], [12, 2], [12, 1], [12, 0], [13, 0], [14, 0], [14, 1], [15, 1], [16, 1], [17, 1], [17, 0], [18, 0], [19, 0], [19, 1], [19, 2], [18, 2], [17, 2], [17, 3], [17, 4], [17, 5], [18, 5], [18, 4], [19, 4], [19, 5], [19, 6], [18, 6], [17, 6], [17, 7], [18, 7], [18, 8], [18, 9], [17, 9], [17, 8], [16, 8], [16, 7], [16, 6], [15, 6], [15, 7], [15, 8], [15, 9], [16, 9], [16, 10], [15, 10], [15, 11], [14, 11], [14, 10], [14, 9], [14, 8], [13, 8], [13, 9], [13, 10], [13, 11], [13, 12], [13, 13], [14, 13], [15, 13], [15, 14], [16, 14], [16, 13], [17, 13], [17, 12], [18, 12], [18, 13], [19, 13], [19, 14], [18, 14], [17, 14], [17, 15], [17, 16], [16, 16], [15, 16], [15, 15], [14, 15], [14, 14], [13, 14], [12, 14], [12, 13], [12, 12], [11, 12], [11, 13], [10, 13], [9, 13], [9, 14], [8, 14], [8, 13], [8, 12], [7, 12], [7, 11], [8, 11], [9, 11], [9, 12], [10, 12], [10, 11], [11, 11], [12, 11], [12, 10], [12, 9], [11, 9], [11, 10], [10, 10], [10, 9], [10, 8], [9, 8], [8, 8], [8, 9], [9, 9], [9, 10], [8, 10], [7, 10], [6, 10], [5, 10], [5, 9], [6, 9], [6, 8], [5, 8], [5, 7], [6, 7], [6, 6], [5, 6], [4, 6], [4, 7], [3, 7], [3, 8], [3, 9], [4, 9], [4, 10], [4, 11], [5, 11], [6, 11], [6, 12], [6, 13], [7, 13], [7, 14], [6, 14], [5, 14], [4, 14], [4, 13], [4, 12], [3, 12], [2, 12], [2, 11], [3, 11], [3, 10], [2, 10], [1, 10], [0, 10], [0, 11], [0, 12], [1, 12], [1, 13], [2, 13], [2, 14], [1, 14], [1, 15], [1, 16], [2, 16], [3, 16], [4, 16], [5, 16], [5, 15], [6, 15], [6, 16], [7, 16], [7, 17], [8, 17], [8, 16], [9, 16], [9, 17], [10, 17], [10, 16], [10, 15], [10, 14], [11, 14], [11, 15], [12, 15], [13, 15], [13, 16], [14, 16], [14, 17], [15, 17], [16, 17], [17, 17], [17, 18], [16, 18], [16, 19], [17, 19], [18, 19], [19, 19]]",253,347,0,347,0.0010327999480068684,True
recursive_backtracking,bfs,20,20,3369914783,"[0, 0]","[19, 19]","[[13, 11, 10, 8, 10, 12, 11, 10, 8, 10, 10, 12, 11, 8, 10, 12, 9, 10, 12, 13], [3, 10, 10, 6, 9, 6, 9, 10, 6, 11, 10, 2, 10, 6, 9, 6, 3, 12, 5, 5], [9, 10, 10, 10, 6, 11, 2, 10, 12, 9, 10, 12, 11, 12, 3, 12, 9, 6, 3, 6], [3, 12, 11, 10, 8, 12, 9, 12, 3, 4, 9, 6, 9, 6, 9, 6, 1, 10, 10, 12], [13, 3, 10, 10, 6, 3, 6, 3, 12, 5, 5, 11, 2, 12, 3, 12, 3, 10, 14, 5], [1, 8, 10, 12, 13, 9, 8, 12, 5, 5, 3, 10, 12, 3, 12, 5, 9, 10, 10, 4], [5, 3, 12, 5, 5, 5, 5, 7, 5, 3, 10, 12, 3, 12, 3, 2, 6, 13, 9, 6], [3, 12, 5, 3, 4, 5, 3, 10, 6, 13, 9, 2, 14, 3, 10, 12, 9, 6, 3, 12], [13, 5, 5, 11, 6, 3, 10, 12, 9, 4, 3, 12, 9, 10, 10, 6, 1, 10, 12, 5], [5, 5, 3, 10, 8, 10, 14, 5, 5, 3, 10, 4, 3, 12, 9, 14, 5, 9, 6, 5], [1, 6, 11, 12, 5, 9, 10, 6, 7, 9, 12, 3, 14, 5, 1, 10, 6, 5, 9, 6], [3, 12, 9, 4, 5, 5, 11, 8, 10, 6, 5, 9, 10, 6, 7, 9, 12, 5, 5, 13], [13, 3, 4, 7, 5, 3, 10, 6, 9, 12, 5, 5, 9, 10, 10, 6, 5, 5, 5, 5], [5, 9, 6, 9, 0, 10, 14, 9, 6, 5, 3, 6, 1, 10, 12, 13, 5, 5, 5, 5], [1, 6, 13, 5, 5, 9, 10, 6, 9, 6, 9, 12, 5, 13, 5, 3, 2, 6, 5, 5], [1, 10, 6, 5, 5, 5, 11, 12, 3, 12, 5, 3, 2, 6, 3, 12, 9, 10, 6, 5], [7, 9, 12, 5, 5, 3, 10, 2, 12, 3, 6, 9, 14, 9, 10, 4, 5, 9, 10, 4], [9, 6, 3, 6, 1, 10, 10, 14, 3, 10, 8, 6, 9, 6, 9, 6, 5, 5, 13, 5], [1, 12, 11, 10, 6, 9, 12, 9, 12, 9, 6, 9, 6, 11, 6, 9, 6, 3, 6, 5], [7, 3, 10, 10, 10, 6, 3, 6, 3, 2, 14, 3, 10, 10, 10, 2, 10, 10, 10, 6]]","[[0, 0], [1, 0], [1, 1], [1, 2], [1, 3], [0, 3], [0, 4], [0, 5], [1, 5], [1, 4], [2, 4], [2, 3], [2, 2], [2, 1], [2, 0], [3, 0], [3, 1], [4, 1], [4, 2], [4, 3], [4, 4], [3, 4], [3, 5], [4, 5], [4, 6], [3, 6], [3, 7], [4, 7], [4, 8], [5, 8], [6, 8], [7, 8], [7, 7], [7, 6], [6, 6], [5, 6], [5, 5], [6, 5], [7, 5], [8, 5], [8, 6], [8, 7], [9, 7], [10, 7], [10, 6], [10, 5], [11, 5], [12, 5], [12, 6], [12, 7], [11, 7], [11, 8], [11, 9], [10, 9], [10, 10], [11, 10], [12, 10], [13, 10], [13, 11], [12, 11], [11, 11], [11, 12], [11, 13], [10, 13], [9, 13], [9, 12], [8, 12], [8, 13], [8, 14], [8, 15], [7, 15], [7, 14], [7, 13], [6, 13], [6, 12], [5, 12], [5, 11], [5, 10], [4, 10], [3, 10], [3, 11], [2, 11], [2, 10], [2, 9], [3, 9], [3, 8], [2, 8], [2, 7], [2, 6], [1, 6], [1, 7], [1, 8], [0, 8], [0, 9], [0, 10], [0, 11], [1, 11], [1, 12], [1, 13], [0, 13], [0, 14], [0, 15], [1, 15], [1, 14], [2, 14], [2, 15], [3, 15], [3, 14], [4, 14], [4, 15], [5, 15], [6, 15], [6, 16], [5, 16], [5, 17], [5, 18], [5, 19], [6, 19], [6, 18], [7, 18], [7, 19], [8, 19], [9, 19], [10, 19], [10, 18], [11, 18], [12, 18], [13, 18], [14, 18], [15, 18], [15, 17], [15, 16], [16, 16], [17, 16], [18, 16], [18, 15], [19, 15], [19, 16], [19, 17], [19, 18], [19, 19]]",141,207,0,207,0.0004393999697640538,True
recursive_backtracking,bfs,20,20,3468173213,"[0, 0]","[19, 19]","[[11, 10, 10, 10, 12, 9, 10, 10, 10, 12, 9, 10, 8, 12, 11, 8, 10, 10, 8, 12], [9, 10, 10, 12, 5, 3, 12, 9, 14, 5, 3, 14, 5, 3, 12, 7, 9, 12, 7, 5], [5, 9, 14, 5, 3, 10, 6, 1, 12, 3, 10, 10, 6, 13, 3, 10, 6, 5, 9, 6], [5, 3, 12, 1, 14, 9, 10, 6, 1, 12, 11, 10, 8, 0, 10, 10, 14, 5, 3, 12], [3, 8, 6, 5, 9, 6, 9, 12, 5, 3, 10, 10, 6, 5, 9, 10, 12, 3, 10, 4], [9, 6, 9, 6, 3, 12, 5, 3, 6, 13, 9, 8, 12, 5, 5, 13, 3, 10, 10, 6], [5, 9, 4, 9, 10, 6, 5, 9, 12, 3, 6, 5, 7, 5, 5, 1, 10, 10, 10, 12], [5, 5, 7, 3, 12, 13, 3, 6, 3, 10, 12, 1, 10, 6, 5, 7, 9, 10, 12, 5], [5, 3, 10, 10, 6, 1, 10, 8, 10, 12, 5, 3, 10, 12, 3, 10, 6, 13, 3, 4], [3, 12, 11, 10, 10, 2, 14, 5, 13, 5, 5, 11, 10, 4, 9, 10, 10, 2, 14, 5], [13, 3, 10, 10, 10, 12, 9, 6, 5, 5, 3, 10, 12, 3, 6, 9, 12, 9, 12, 5], [1, 14, 9, 8, 12, 3, 6, 9, 2, 6, 9, 12, 3, 10, 10, 6, 5, 5, 3, 6], [5, 9, 6, 5, 5, 11, 12, 3, 12, 9, 6, 3, 8, 12, 13, 9, 6, 3, 12, 13], [1, 6, 9, 6, 3, 12, 5, 9, 6, 5, 9, 10, 6, 3, 6, 3, 10, 12, 5, 5], [5, 9, 6, 9, 14, 5, 5, 5, 13, 5, 3, 12, 9, 10, 12, 9, 10, 6, 3, 4], [5, 5, 11, 2, 10, 2, 6, 5, 1, 6, 13, 3, 6, 9, 6, 3, 10, 10, 10, 6], [5, 3, 12, 9, 10, 10, 12, 5, 5, 11, 0, 8, 14, 3, 8, 10, 10, 12, 9, 12], [5, 13, 5, 5, 11, 12, 5, 5, 3, 10, 6, 7, 9, 12, 5, 9, 10, 6, 5, 7], [3, 4, 3, 6, 9, 4, 5, 5, 9, 10, 10, 12, 5, 5, 5, 3, 10, 12, 3, 12], [11, 2, 10, 10, 6, 7, 3, 2, 6, 11, 10, 2, 6, 3, 6, 11, 10, 2, 10, 6]]","[[0, 0], [0, 1], [0, 2], [0, 3], [0, 4], [1, 4], [2, 4], [2, 5], [2, 6], [1, 6], [1, 5], [0, 5], [0, 6], [0, 7], [0, 8], [0, 9], [1, 9], [2, 9], [2, 10], [2, 11], [2, 12], [1, 12], [0, 12], [0, 13], [1, 13], [1, 14], [2, 14], [2, 15], [2, 16], [1, 16], [1, 17], [2, 17], [3, 17], [4, 17], [4, 18], [4, 19], [5, 19], [5, 18], [5, 17], [5, 16], [4, 16], [4, 15], [4, 14], [5, 14], [6, 14], [7, 14], [8, 14], [8, 15], [8, 16], [7, 16], [7, 17], [7, 18], [8, 18], [8, 19], [9, 19], [10, 19], [11, 19], [11, 18], [10, 18], [10, 17], [11, 17], [12, 17], [12, 18], [13, 18], [14, 18], [14, 19], [15, 19], [15, 18], [15, 17], [15, 16], [15, 15], [14, 15], [14, 16], [14, 17], [13, 17], [13, 16], [13, 15], [12, 15], [12, 16], [11, 16], [10, 16], [10, 15], [11, 15], [11, 14], [11, 13], [11, 12], [10, 12], [10, 11], [10, 10], [9, 10], [8, 10], [7, 10], [7, 9], [7, 8], [6, 8], [6, 7], [7, 7], [7, 6], [6, 6], [5, 6], [4, 6], [4, 7], [5, 7], [5, 8], [4, 8], [3, 8], [2, 8], [2, 7], [3, 7], [3, 6], [3, 5], [4, 5], [4, 4], [5, 4], [5, 5], [6, 5], [6, 4], [6, 3], [7, 3], [7, 4], [8, 4], [8, 3], [8, 2], [8, 1], [7, 1], [6, 1], [6, 2], [5, 2], [5, 3], [4, 3], [3, 3], [2, 3], [1, 3], [1, 2], [1, 1], [1, 0], [2, 0], [3, 0], [4, 0], [4, 1], [5, 1], [5, 0], [6, 0], [7, 0], [8, 0], [9, 0], [9, 1], [10, 1], [10, 2], [10, 3], [10, 4], [10, 5], [11, 5], [11, 6], [10, 6], [10, 7], [9, 7], [8, 7], [8, 8], [8, 9], [9, 9], [10, 9], [11, 9], [11, 8], [11, 7], [12, 7], [12, 8], [13, 8], [13, 7], [14, 7], [15, 7], [16, 7], [17, 7], [18, 7], [19, 7], [19, 8], [18, 8], [18, 9], [18, 10], [18, 11], [19, 11], [19, 12], [18, 12], [17, 12], [17, 13], [18, 13], [19, 13], [19, 14], [18, 14], [17, 14], [16, 14], [16, 15], [16, 16], [16, 17], [17, 17], [17, 16], [17, 15], [18, 15], [18, 16], [18, 17], [19, 17], [19, 18], [19, 19]]",203,347,0,347,0.0007221999112516642,True
recursive_backtracking,bfs,20,20,817804383,"[0, 0]","[19, 19]","[[11, 10, 10, 12, 11, 8, 12, 11, 10, 8, 10, 10, 12, 9, 10, 8, 12, 11, 8, 12], [9, 12, 13, 5, 9, 6, 5, 9, 12, 3, 10, 14, 1, 2, 14, 5, 3, 12, 5, 5], [5, 3, 6, 5, 5, 13, 3, 6, 3, 10, 10, 12, 7, 9, 12, 5, 13, 3, 6, 5], [1, 10, 10, 6, 5, 1, 14, 9, 10, 8, 12, 3, 10, 6, 3, 6, 5, 9, 10, 6], [3, 10, 10, 10, 6, 3, 12, 1, 14, 5, 1, 14, 9, 8, 14, 9, 4, 5, 9, 12], [9, 10, 10, 10, 10, 10, 6, 5, 9, 6, 5, 9, 6, 3, 10, 6, 5, 3, 6, 5], [5, 9, 12, 9, 10, 10, 10, 6, 3, 12, 7, 3, 12, 11, 12, 9, 6, 9, 12, 5], [1, 6, 3, 2, 14, 9, 12, 9, 12, 3, 10, 10, 2, 10, 6, 5, 9, 6, 5, 5], [3, 8, 14, 9, 10, 6, 5, 5, 5, 9, 10, 10, 10, 10, 12, 5, 5, 13, 5, 5], [11, 6, 9, 6, 9, 12, 3, 6, 3, 6, 11, 10, 8, 12, 3, 4, 5, 5, 3, 6], [9, 12, 3, 12, 5, 5, 9, 10, 10, 12, 9, 12, 5, 3, 14, 5, 3, 4, 11, 12], [5, 3, 10, 6, 5, 3, 2, 10, 14, 1, 6, 5, 1, 12, 9, 6, 13, 5, 9, 4], [3, 10, 10, 10, 4, 9, 12, 9, 12, 7, 9, 6, 5, 5, 5, 11, 4, 5, 5, 5], [9, 10, 10, 12, 3, 6, 5, 5, 3, 12, 5, 11, 6, 3, 2, 12, 5, 3, 6, 5], [1, 12, 11, 2, 12, 11, 6, 5, 9, 6, 3, 12, 9, 10, 12, 1, 6, 9, 10, 6], [5, 3, 12, 11, 2, 10, 10, 6, 3, 10, 12, 3, 2, 12, 5, 7, 9, 6, 9, 12], [3, 12, 3, 10, 10, 10, 10, 12, 9, 12, 3, 12, 11, 6, 5, 9, 6, 9, 6, 5], [13, 5, 9, 10, 10, 12, 13, 5, 5, 5, 9, 2, 10, 10, 6, 3, 12, 5, 9, 6], [5, 5, 3, 12, 13, 5, 5, 5, 7, 3, 6, 9, 12, 9, 10, 10, 6, 5, 3, 12], [3, 2, 10, 6, 3, 2, 6, 3, 10, 10, 10, 6, 3, 2, 10, 10, 10, 6, 11, 6]]","[[0, 0], [0, 1], [0, 2], [0, 3], [1, 3], [2, 3], [3, 3], [3, 2], [3, 1], [3, 0], [4, 0], [4, 1], [4, 2], [4, 3], [4, 4], [3, 4], [2, 4], [1, 4], [1, 5], [0, 5], [0, 6], [1, 6], [2, 6], [2, 7], [1, 7], [1, 8], [2, 8], [2, 9], [2, 10], [2, 11], [3, 11], [3, 12], [3, 13], [2, 13], [2, 14], [3, 14], [3, 15], [2, 15], [1, 15], [0, 15], [0, 16], [1, 16], [1, 17], [2, 17], [2, 18], [1, 18], [0, 18], [0, 19], [1, 19], [2, 19], [3, 19], [3, 18], [3, 17], [4, 17], [5, 17], [5, 18], [4, 18], [4, 19], [5, 19], [6, 19], [7, 19], [8, 19], [9, 19], [9, 18], [8, 18], [7, 18], [6, 18], [6, 17], [7, 17], [7, 16], [8, 16], [9, 16], [10, 16], [10, 17], [11, 17], [12, 17], [13, 17], [13, 18], [12, 18], [11, 18], [11, 19], [12, 19], [13, 19], [14, 19], [14, 18], [14, 17], [15, 17], [15, 16], [16, 16], [16, 15], [17, 15], [17, 16], [18, 16], [18, 15], [18, 14], [18, 13], [19, 13], [19, 14], [19, 15], [19, 16], [19, 17], [18, 17], [17, 17], [16, 17], [16, 18], [15, 18], [15, 19], [16, 19], [17, 19], [17, 18], [18, 18], [18, 19], [19, 19]]",113,155,0,155,0.0003307999577373266,True
recursive_backtracking,bfs,20,20,1851350739,"[0, 0]","[19, 19]","[[11, 12, 11, 10, 8, 10, 10, 10, 12, 9, 10, 10, 12, 11, 10, 10, 10, 10, 8, 12], [13, 3, 10, 10, 6, 13, 9, 12, 3, 6, 11, 12, 5, 9, 12, 9, 10, 10, 6, 5], [1, 10, 10, 12, 9, 4, 5, 3, 10, 10, 8, 6, 3, 6, 3, 6, 9, 10, 10, 6], [3, 10, 12, 3, 6, 5, 5, 9, 10, 12, 3, 10, 10, 8, 14, 9, 6, 11, 10, 12], [13, 9, 2, 10, 14, 5, 3, 6, 9, 6, 9, 10, 12, 3, 12, 3, 10, 10, 12, 5], [5, 5, 9, 10, 10, 4, 9, 12, 3, 12, 7, 9, 2, 14, 3, 10, 8, 14, 3, 4], [1, 6, 3, 10, 12, 3, 6, 1, 14, 3, 12, 5, 9, 10, 10, 12, 5, 9, 10, 6], [5, 11, 10, 12, 3, 12, 11, 4, 9, 12, 3, 4, 3, 12, 9, 2, 6, 5, 11, 12], [3, 10, 12, 1, 12, 3, 12, 7, 5, 3, 10, 6, 13, 5, 7, 9, 12, 5, 9, 4], [11, 12, 5, 5, 1, 12, 3, 10, 6, 9, 10, 10, 4, 3, 10, 6, 5, 3, 6, 5], [9, 4, 5, 7, 5, 3, 10, 12, 11, 2, 10, 12, 3, 8, 14, 9, 2, 12, 9, 6], [5, 7, 3, 12, 3, 12, 13, 5, 9, 10, 12, 5, 11, 6, 9, 6, 9, 6, 5, 13], [1, 10, 12, 3, 12, 5, 5, 5, 5, 13, 3, 4, 9, 10, 6, 13, 1, 14, 5, 5], [5, 13, 3, 10, 6, 5, 5, 5, 5, 3, 10, 6, 3, 12, 9, 2, 6, 9, 6, 5], [3, 2, 12, 9, 8, 6, 1, 6, 1, 10, 12, 9, 10, 6, 3, 8, 14, 3, 10, 4], [13, 9, 6, 7, 5, 13, 3, 12, 7, 9, 4, 3, 10, 12, 13, 5, 9, 10, 10, 6], [1, 6, 9, 8, 6, 5, 9, 6, 9, 6, 3, 10, 14, 5, 5, 5, 3, 12, 11, 12], [5, 9, 6, 3, 12, 5, 3, 10, 4, 9, 10, 10, 10, 6, 5, 3, 12, 3, 10, 4], [5, 3, 14, 9, 6, 1, 12, 9, 6, 5, 9, 10, 12, 11, 2, 10, 6, 9, 12, 5], [3, 10, 10, 6, 11, 6, 3, 2, 14, 3, 2, 14, 3, 10, 10, 10, 10, 6, 3, 6]]","[[0, 0], [0, 1], [1, 1], [1, 2], [1, 3], [1, 4], [0, 4], [0, 5], [0, 6], [0, 7], [0, 8], [1, 8], [1, 9], [0, 9], [0, 10], [0, 11], [0, 12], [1, 12], [2, 12], [2, 13], [1, 13], [1, 14], [2, 14], [2, 15], [1, 15], [1, 16], [1, 17], [1, 18], [0, 18], [0, 19], [1, 19], [2, 19], [2, 18], [2, 17], [2, 16], [3, 16], [3, 15], [4, 15], [4, 16], [4, 17], [4, 18], [5, 18], [5, 19], [6, 19], [6, 18], [6, 17], [7, 17], [8, 17], [9, 17], [9, 18], [8, 18], [8, 19], [9, 19], [10, 19], [10, 18], [11, 18], [12, 18], [13, 18], [13, 17], [14, 17], [14, 18], [14, 19], [15, 19], [15, 18], [15, 17], [15, 16], [16, 16], [16, 17], [17, 17], [17, 18], [17, 19], [18, 19], [19, 19]]",73,90,0,90,0.00019639998208731413,True
recursive_backtracking,bfs,20,20,1819256337,"[0, 0]","[19, 19]","[[13, 9, 10, 10, 10, 10, 10, 10, 10, 10, 12, 9, 8, 14, 9, 8, 10, 12, 9, 14], [3, 6, 9, 10, 10, 10, 10, 12, 9, 10, 6, 7, 5, 9, 6, 5, 9, 6, 3, 12], [13, 9, 6, 9, 12, 9, 12, 3, 6, 11, 8, 12, 3, 2, 14, 5, 3, 10, 10, 4], [1, 6, 13, 5, 3, 6, 1, 12, 9, 10, 6, 3, 12, 9, 12, 3, 12, 9, 14, 5], [5, 11, 4, 5, 9, 14, 5, 5, 3, 12, 11, 10, 2, 6, 3, 10, 6, 5, 9, 6], [3, 12, 1, 6, 5, 9, 6, 3, 12, 1, 10, 12, 9, 10, 12, 9, 10, 2, 6, 13], [13, 5, 3, 10, 4, 5, 13, 9, 6, 5, 13, 3, 2, 14, 5, 3, 12, 9, 12, 5], [5, 3, 10, 12, 7, 5, 1, 6, 13, 5, 1, 12, 9, 10, 6, 13, 3, 6, 5, 5], [1, 12, 9, 6, 9, 6, 3, 12, 1, 6, 5, 5, 5, 11, 10, 0, 10, 14, 3, 4], [5, 5, 5, 9, 6, 9, 12, 5, 3, 12, 5, 5, 3, 10, 12, 5, 9, 10, 10, 6], [5, 7, 3, 6, 9, 6, 5, 3, 12, 3, 6, 1, 10, 14, 5, 5, 3, 12, 9, 12], [3, 8, 10, 14, 1, 12, 3, 14, 5, 13, 9, 6, 9, 10, 6, 5, 9, 6, 7, 5], [9, 6, 9, 10, 6, 3, 12, 9, 6, 3, 0, 14, 3, 12, 13, 1, 6, 9, 12, 5], [3, 10, 2, 10, 12, 9, 4, 3, 10, 12, 7, 9, 10, 6, 5, 3, 10, 6, 3, 4], [9, 10, 10, 12, 7, 5, 7, 9, 12, 3, 10, 6, 13, 9, 2, 8, 10, 14, 9, 6], [1, 12, 11, 2, 12, 3, 12, 5, 3, 12, 9, 10, 2, 6, 13, 5, 9, 10, 6, 13], [5, 5, 9, 12, 3, 12, 5, 3, 12, 3, 6, 9, 14, 9, 4, 3, 6, 9, 10, 4], [5, 3, 6, 3, 12, 3, 4, 13, 5, 11, 10, 2, 8, 6, 3, 8, 12, 7, 9, 4], [3, 12, 9, 12, 3, 12, 3, 6, 5, 9, 10, 12, 7, 9, 12, 5, 3, 10, 6, 5], [11, 2, 6, 3, 14, 3, 10, 10, 2, 6, 11, 2, 10, 6, 3, 6, 11, 10, 10, 6]]","[[0, 0], [1, 0], [1, 1], [0, 1], [0, 2], [0, 3], [0, 4], [0, 5], [0, 6], [0, 7], [0, 8], [0, 9], [0, 10], [1, 10], [1, 9], [1, 8], [2, 8], [2, 7], [1, 7], [1, 6], [1, 5], [1, 4], [1, 3], [1, 2], [2, 2], [2, 1], [3, 1], [3, 0], [4, 0], [5, 0], [5, 1], [6, 1], [7, 1], [7, 2], [7, 3], [8, 3], [8, 2], [9, 2], [10, 2], [10, 3], [9, 3], [9, 4], [8, 4], [8, 5], [7, 5], [6, 5], [5, 5], [5, 6], [4, 6], [3, 6], [3, 7], [4, 7], [5, 7], [5, 8], [6, 8], [6, 7], [7, 7], [7, 6], [8, 6], [8, 7], [9, 7], [10, 7], [10, 8], [11, 8], [12, 8], [12, 7], [13, 7], [13, 8], [13, 9], [14, 9], [14, 10], [14, 11], [13, 11], [13, 12], [13, 13], [12, 13], [12, 12], [11, 12], [11, 13], [11, 14], [10, 14], [9, 14], [9, 13], [9, 12], [8, 12], [7, 12], [7, 13], [7, 14], [6, 14], [5, 14], [5, 13], [5, 12], [6, 12], [6, 11], [5, 11], [5, 10], [5, 9], [4, 9], [4, 8], [3, 8], [3, 9], [3, 10], [2, 10], [2, 11], [3, 11], [3, 12], [4, 12], [4, 13], [3, 13], [3, 14], [4, 14], [4, 15], [4, 16], [3, 16], [3, 15], [2, 15], [1, 15], [0, 15], [0, 16], [0, 17], [1, 17], [1, 16], [2, 16], [2, 17], [2, 18], [2, 19], [3, 19], [4, 19], [4, 18], [5, 18], [5, 17], [5, 16], [5, 15], [6, 15], [6, 16], [7, 16], [7, 17], [6, 17], [6, 18], [7, 18], [8, 18], [8, 19], [9, 19], [9, 18], [9, 17], [9, 16], [10, 16], [10, 17], [11, 17], [11, 16], [12, 16], [12, 15], [13, 15], [13, 16], [13, 17], [12, 17], [12, 18], [13, 18], [13, 19], [14, 19], [14, 18], [15, 18], [15, 17], [15, 16], [16, 16], [16, 15], [15, 15], [14, 15], [14, 14], [14, 13], [15, 13], [15, 12], [15, 11], [15, 10], [16, 10], [16, 9], [15, 9], [15, 8], [14, 8], [14, 7], [15, 7], [16, 7], [16, 8], [17, 8], [18, 8], [19, 8], [19, 9], [18, 9], [18, 10], [18, 11], [19, 11], [19, 12], [19, 13], [18, 13], [18, 14], [19, 14], [19, 15], [18, 15], [17, 15], [17, 16], [18, 16], [18, 17], [18, 18], [17, 18], [17, 19], [18, 19], [19, 19]]",207,345,0,345,0.0007922000950202346,True
recursive_backtracking,bfs,20,20,3131356954,"[0, 0]","[19, 19]","[[11, 12, 9, 10, 10, 10, 12, 11, 8, 10, 12, 11, 8, 12, 9, 8, 10, 10, 12, 13], [13, 5, 5, 9, 10, 12, 3, 10, 6, 9, 6, 9, 6, 7, 5, 5, 9, 12, 3, 4], [1, 6, 5, 5, 11, 0, 14, 9, 12, 5, 11, 0, 12, 9, 6, 3, 6, 3, 12, 7], [3, 10, 6, 1, 12, 7, 9, 6, 5, 3, 12, 5, 5, 3, 10, 12, 9, 12, 3, 12], [9, 12, 9, 6, 3, 12, 3, 12, 3, 10, 6, 5, 5, 9, 10, 6, 5, 3, 10, 6], [5, 7, 3, 10, 12, 5, 9, 6, 11, 10, 10, 6, 5, 5, 9, 12, 3, 10, 10, 12], [1, 10, 12, 9, 6, 5, 3, 10, 10, 10, 12, 9, 6, 5, 7, 1, 12, 9, 14, 5], [3, 12, 3, 6, 13, 1, 10, 14, 9, 10, 6, 3, 10, 2, 10, 6, 3, 6, 9, 4], [13, 5, 9, 8, 6, 5, 9, 10, 6, 9, 10, 8, 10, 12, 9, 10, 12, 9, 6, 7], [5, 5, 5, 5, 9, 6, 3, 12, 13, 3, 12, 3, 12, 3, 6, 9, 6, 3, 10, 12], [3, 2, 6, 7, 5, 9, 12, 5, 1, 10, 6, 13, 3, 12, 11, 2, 10, 12, 9, 4], [9, 10, 10, 10, 4, 5, 5, 5, 3, 10, 10, 2, 12, 3, 10, 12, 13, 5, 5, 5], [1, 12, 9, 10, 6, 5, 5, 5, 11, 10, 10, 10, 6, 9, 10, 6, 1, 6, 5, 5], [5, 5, 7, 9, 10, 6, 5, 3, 12, 9, 10, 10, 10, 6, 13, 9, 6, 9, 4, 5], [5, 3, 12, 3, 10, 12, 5, 9, 6, 3, 10, 12, 11, 8, 4, 3, 12, 5, 5, 5], [5, 13, 3, 10, 10, 6, 3, 6, 9, 10, 12, 1, 12, 5, 5, 13, 5, 7, 5, 5], [5, 5, 9, 10, 10, 8, 12, 9, 6, 13, 5, 7, 5, 5, 3, 4, 3, 10, 6, 5], [5, 1, 6, 9, 14, 5, 5, 5, 11, 4, 5, 9, 6, 5, 11, 6, 9, 8, 14, 5], [5, 3, 10, 6, 9, 6, 5, 3, 12, 1, 6, 5, 13, 1, 10, 10, 6, 3, 12, 5], [3, 10, 10, 10, 6, 11, 2, 10, 6, 3, 10, 6, 3, 2, 10, 10, 10, 14, 3, 6]]","[[0, 0], [0, 1], [1, 1], [2, 1], [2, 0], [3, 0], [3, 1], [3, 2], [2, 2], [1, 2], [0, 2], [0, 3], [0, 4], [0, 5], [0, 6], [1, 6], [1, 7], [1, 8], [0, 8], [0, 9], [0, 10], [1, 10], [1, 9], [2, 9], [3, 9], [3, 10], [4, 10], [4, 9], [4, 8], [3, 8], [2, 8], [2, 7], [3, 7], [3, 6], [4, 6], [4, 7], [5, 7], [5, 6], [6, 6], [6, 7], [6, 8], [6, 9], [6, 10], [7, 10], [7, 9], [7, 8], [8, 8], [8, 7], [8, 6], [9, 6], [9, 7], [10, 7], [11, 7], [12, 7], [13, 7], [13, 8], [14, 8], [14, 7], [15, 7], [15, 6], [14, 6], [13, 6], [12, 6], [11, 6], [10, 6], [10, 5], [11, 5], [12, 5], [13, 5], [13, 4], [13, 3], [14, 3], [14, 4], [14, 5], [15, 5], [15, 4], [15, 3], [15, 2], [14, 2], [14, 1], [13, 1], [12, 1], [12, 0], [13, 0], [14, 0], [15, 0], [16, 0], [17, 0], [18, 0], [19, 0], [19, 1], [19, 2], [19, 3], [19, 4], [18, 4], [18, 5], [17, 5], [16, 5], [16, 6], [17, 6], [18, 6], [19, 6], [19, 7], [19, 8], [18, 8], [18, 7], [17, 7], [16, 7], [16, 8], [15, 8], [15, 9], [15, 10], [16, 10], [17, 10], [18, 10], [18, 9], [19, 9], [19, 10], [19, 11], [18, 11], [17, 11], [17, 12], [16, 12], [15, 12], [15, 11], [14, 11], [14, 10], [14, 9], [13, 9], [13, 10], [13, 11], [13, 12], [13, 13], [12, 13], [12, 14], [12, 15], [11, 15], [11, 14], [11, 13], [10, 13], [10, 12], [9, 12], [9, 11], [8, 11], [8, 12], [8, 13], [9, 13], [9, 14], [8, 14], [8, 15], [8, 16], [9, 16], [9, 15], [10, 15], [10, 16], [10, 17], [11, 17], [12, 17], [12, 16], [13, 16], [13, 15], [14, 15], [14, 16], [15, 16], [16, 16], [16, 17], [16, 18], [15, 18], [14, 18], [13, 18], [12, 18], [11, 18], [10, 18], [10, 19], [11, 19], [12, 19], [13, 19], [14, 19], [15, 19], [16, 19], [17, 19], [18, 19], [19, 19]]",183,298,0,298,0.0006119000026956201,True
recursive_backtracking,bfs,20,20,422701550,"[0, 0]","[19, 19]","[[13, 9, 12, 9, 12, 9, 10, 8, 12, 9, 12, 13, 9, 10, 8, 12, 11, 8, 10, 12], [5, 5, 5, 5, 3, 6, 9, 6, 3, 6, 5, 5, 5, 9, 6, 3, 12, 1, 12, 7], [3, 6, 5, 3, 12, 13, 3, 12, 9, 14, 1, 6, 5, 5, 9, 12, 5, 5, 3, 12], [9, 12, 5, 11, 4, 3, 12, 5, 3, 10, 6, 9, 6, 5, 5, 3, 6, 7, 9, 4], [5, 5, 3, 12, 3, 10, 6, 3, 10, 10, 10, 2, 14, 5, 5, 11, 10, 8, 6, 5], [5, 1, 14, 5, 9, 10, 12, 9, 10, 10, 12, 9, 10, 6, 3, 10, 10, 6, 13, 5], [5, 3, 10, 6, 1, 12, 3, 6, 11, 10, 2, 6, 9, 10, 10, 10, 12, 9, 6, 5], [3, 12, 9, 14, 5, 5, 9, 12, 9, 10, 10, 12, 5, 13, 9, 12, 3, 4, 9, 6], [13, 5, 3, 10, 6, 3, 6, 3, 2, 10, 12, 5, 5, 3, 6, 1, 12, 5, 5, 13], [5, 3, 10, 10, 10, 10, 10, 10, 12, 11, 4, 5, 1, 10, 12, 5, 3, 6, 5, 5], [3, 8, 12, 9, 14, 9, 10, 12, 3, 12, 7, 5, 5, 9, 6, 7, 9, 10, 2, 6], [9, 6, 5, 3, 10, 6, 9, 4, 9, 6, 9, 6, 5, 3, 12, 9, 6, 9, 10, 12], [3, 12, 3, 12, 9, 8, 6, 7, 5, 11, 4, 11, 2, 14, 3, 2, 14, 3, 12, 5], [9, 6, 11, 2, 6, 5, 9, 12, 3, 12, 1, 10, 10, 10, 12, 9, 10, 10, 6, 5], [1, 10, 10, 10, 12, 7, 5, 3, 10, 6, 5, 9, 10, 14, 3, 2, 10, 12, 9, 4], [5, 11, 8, 12, 3, 12, 3, 10, 12, 13, 3, 4, 9, 10, 12, 9, 12, 5, 5, 7], [3, 10, 6, 3, 12, 3, 12, 9, 6, 5, 9, 6, 5, 13, 5, 7, 3, 6, 1, 12], [9, 8, 8, 14, 1, 14, 5, 5, 9, 2, 6, 9, 6, 5, 3, 12, 9, 12, 5, 5], [5, 5, 7, 9, 6, 9, 6, 5, 3, 14, 9, 6, 13, 1, 12, 5, 5, 5, 7, 5], [7, 3, 10, 2, 14, 3, 10, 2, 10, 10, 6, 11, 2, 6, 3, 2, 6, 3, 10, 6]]","[[0, 0], [1, 0], [2, 0], [2, 1], [1, 1], [0, 1], [0, 2], [1, 2], [2, 2], [3, 2], [4, 2], [4, 3], [5, 3], [6, 3], [6, 2], [6, 1], [5, 1], [4, 1], [3, 1], [3, 0], [4, 0], [5, 0], [6, 0], [7, 0], [7, 1], [8, 1], [9, 1], [9, 2], [9, 3], [9, 4], [9, 5], [9, 6], [9, 7], [9, 8], [10, 8], [10, 9], [11, 9], [11, 8], [12, 8], [13, 8], [13, 9], [14, 9], [14, 8], [14, 7], [13, 7], [13, 6], [14, 6], [15, 6], [15, 7], [15, 8], [16, 8], [16, 7], [17, 7], [18, 7], [19, 7], [19, 8], [19, 9], [19, 10], [18, 10], [18, 11], [17, 11], [17, 12], [16, 12], [15, 12], [15, 13], [15, 14], [16, 14], [17, 14], [17, 15], [18, 15], [19, 15], [19, 16], [18, 16], [17, 16], [17, 17], [18, 17], [19, 17], [19, 18], [19, 19]]",79,127,0,127,0.0002636999124661088,True
recursive_backtracking,bfs,20,20,3700855390,"[0, 0]","[19, 19]","[[11, 10, 10, 12, 9, 10, 10, 10, 10, 12, 9, 10, 8, 10, 10, 12, 9, 10, 10, 12], [9, 10, 12, 5, 5, 9, 10, 10, 10, 6, 1, 14, 3, 12, 11, 6, 3, 8, 14, 5], [5, 13, 3, 6, 5, 7, 9, 10, 10, 10, 6, 9, 12, 1, 10, 8, 14, 5, 9, 4], [3, 4, 13, 9, 2, 12, 3, 12, 13, 9, 12, 5, 5, 3, 12, 3, 10, 6, 5, 5], [13, 5, 5, 5, 13, 3, 10, 6, 3, 6, 5, 5, 5, 11, 4, 11, 8, 12, 5, 5], [1, 6, 1, 6, 3, 8, 10, 10, 12, 9, 4, 5, 3, 12, 1, 10, 6, 7, 5, 5], [3, 12, 5, 11, 8, 6, 9, 10, 2, 6, 7, 5, 13, 5, 7, 9, 12, 9, 6, 5], [9, 6, 3, 10, 6, 9, 6, 13, 9, 10, 12, 5, 5, 3, 12, 5, 3, 6, 9, 6], [5, 9, 10, 10, 10, 2, 10, 6, 3, 12, 3, 6, 3, 12, 5, 3, 12, 13, 5, 13], [5, 1, 14, 9, 8, 10, 10, 10, 12, 3, 10, 12, 9, 6, 5, 9, 6, 1, 6, 5], [5, 5, 9, 6, 7, 9, 12, 11, 2, 10, 10, 6, 3, 12, 3, 6, 9, 6, 11, 4], [5, 7, 3, 10, 12, 5, 5, 9, 10, 10, 12, 9, 10, 2, 12, 13, 3, 10, 12, 5], [3, 10, 10, 12, 1, 6, 3, 6, 9, 10, 6, 1, 12, 11, 2, 2, 10, 14, 5, 5], [9, 10, 12, 5, 3, 12, 9, 12, 5, 9, 10, 6, 3, 10, 10, 10, 10, 12, 3, 4], [5, 13, 3, 6, 13, 5, 5, 5, 5, 3, 12, 11, 8, 12, 9, 10, 12, 1, 14, 5], [3, 2, 12, 9, 6, 3, 6, 5, 5, 11, 4, 9, 4, 7, 3, 12, 3, 6, 9, 6], [9, 12, 5, 3, 10, 10, 8, 6, 3, 12, 3, 4, 7, 9, 10, 6, 9, 10, 6, 13], [5, 3, 6, 9, 10, 12, 7, 9, 10, 6, 9, 6, 9, 6, 9, 12, 5, 9, 12, 5], [3, 10, 10, 6, 13, 5, 9, 6, 9, 12, 3, 12, 3, 10, 6, 5, 5, 5, 5, 5], [11, 10, 10, 10, 2, 2, 6, 11, 6, 3, 10, 2, 10, 10, 14, 3, 2, 6, 3, 6]]","[[0, 0], [0, 1], [0, 2], [0, 3], [1, 3], [2, 3], [2, 2], [1, 2], [1, 1], [1, 0], [2, 0], [3, 0], [3, 1], [4, 1], [5, 1], [5, 0], [6, 0], [6, 1], [7, 1], [7, 0], [8, 0], [9, 0], [10, 0], [11, 0], [12, 0], [12, 1], [12, 2], [12, 3], [13, 3], [14, 3], [14, 2], [13, 2], [13, 1], [13, 0], [14, 0], [15, 0], [15, 1], [15, 2], [16, 2], [17, 2], [17, 1], [16, 1], [16, 0], [17, 0], [18, 0], [18, 1], [18, 2], [18, 3], [17, 3], [17, 4], [17, 5], [18, 5], [19, 5], [19, 6], [18, 6], [18, 7], [17, 7], [17, 8], [17, 9], [16, 9], [16, 8], [15, 8], [14, 8], [13, 8], [12, 8], [12, 9], [12, 10], [11, 10], [11, 9], [11, 8], [11, 7], [12, 7], [12, 6], [11, 6], [10, 6], [10, 5], [11, 5], [12, 5], [12, 4], [11, 4], [11, 3], [11, 2], [10, 2], [10, 3], [9, 3], [9, 4], [9, 5], [9, 6], [9, 7], [9, 8], [10, 8], [10, 9], [10, 10], [10, 11], [9, 11], [9, 10], [9, 9], [8, 9], [8, 8], [7, 8], [7, 9], [7, 10], [8, 10], [8, 11], [7, 11], [6, 11], [5, 11], [4, 11], [3, 11], [2, 11], [2, 12], [3, 12], [4, 12], [5, 12], [5, 13], [6, 13], [7, 13], [7, 14], [8, 14], [9, 14], [10, 14], [10, 15], [9, 15], [9, 16], [8, 16], [8, 15], [7, 15], [6, 15], [6, 16], [7, 16], [7, 17], [6, 17], [6, 18], [5, 18], [4, 18], [3, 18], [2, 18], [2, 19], [3, 19], [4, 19], [5, 19], [6, 19], [7, 19], [7, 18], [8, 18], [9, 18], [9, 17], [10, 17], [10, 16], [11, 16], [11, 17], [11, 18], [12, 18], [13, 18], [13, 19], [14, 19], [15, 19], [15, 18], [16, 18], [16, 17], [16, 16], [17, 16], [18, 16], [19, 16], [19, 17], [18, 17], [17, 17], [17, 18], [18, 18], [19, 18], [19, 19]]",171,270,0,270,0.0008672999683767557,True
recursive_backtracking,bfs,20,20,1067970820,"[0, 0]","[19, 19]","[[13, 11, 8, 10, 10, 10, 10, 12, 9, 12, 9, 10, 14, 9, 8, 14, 9, 10, 10, 12], [3, 12, 3, 10, 12, 9, 14, 3, 6, 5, 3, 12, 9, 6, 3, 10, 6, 9, 10, 4], [13, 5, 9, 12, 5, 1, 10, 10, 12, 3, 12, 5, 3, 12, 9, 10, 12, 1, 12, 5], [5, 3, 6, 3, 6, 3, 12, 13, 5, 9, 6, 3, 10, 6, 5, 13, 5, 5, 5, 7], [1, 10, 10, 8, 14, 9, 2, 6, 5, 3, 10, 12, 9, 10, 6, 5, 5, 7, 1, 12], [5, 9, 10, 6, 9, 6, 9, 10, 6, 9, 12, 5, 3, 12, 11, 4, 3, 12, 5, 5], [7, 3, 12, 9, 2, 14, 5, 9, 10, 6, 5, 3, 10, 6, 9, 4, 13, 5, 7, 5], [9, 10, 6, 5, 9, 10, 6, 5, 9, 10, 2, 10, 12, 11, 4, 3, 6, 3, 12, 5], [1, 10, 12, 5, 3, 10, 10, 6, 5, 11, 8, 12, 3, 12, 3, 8, 12, 9, 6, 5], [5, 13, 3, 6, 9, 14, 9, 12, 1, 12, 7, 1, 12, 3, 12, 7, 5, 5, 9, 6], [5, 3, 8, 8, 6, 9, 6, 5, 7, 5, 9, 6, 3, 14, 3, 10, 4, 5, 3, 12], [5, 9, 6, 5, 9, 6, 13, 3, 10, 6, 1, 10, 10, 10, 10, 10, 6, 3, 12, 5], [3, 4, 11, 6, 5, 11, 2, 8, 10, 14, 1, 10, 10, 10, 12, 9, 12, 13, 5, 5], [11, 6, 9, 12, 5, 9, 12, 3, 10, 10, 6, 9, 12, 11, 2, 6, 3, 4, 3, 4], [9, 10, 6, 3, 6, 5, 3, 10, 10, 10, 12, 5, 3, 12, 11, 8, 10, 2, 14, 5], [5, 9, 10, 12, 9, 6, 9, 10, 10, 12, 5, 1, 14, 3, 12, 5, 9, 10, 10, 6], [5, 5, 13, 3, 6, 9, 6, 9, 10, 6, 3, 6, 9, 8, 6, 7, 3, 12, 11, 12], [5, 3, 2, 12, 9, 2, 12, 5, 11, 8, 12, 9, 6, 7, 9, 8, 14, 5, 9, 6], [5, 9, 12, 5, 7, 9, 6, 3, 12, 7, 5, 5, 9, 10, 6, 3, 10, 6, 3, 12], [3, 6, 3, 2, 10, 6, 11, 10, 2, 10, 6, 3, 2, 10, 10, 10, 10, 10, 10, 6]]","[[0, 0], [1, 0], [1, 1], [2, 1], [3, 1], [3, 2], [2, 2], [2, 3], [3, 3], [3, 4], [2, 4], [1, 4], [1, 3], [1, 2], [0, 2], [0, 3], [0, 4], [0, 5], [0, 6], [0, 7], [1, 7], [1, 8], [0, 8], [0, 9], [1, 9], [2, 9], [2, 10], [3, 10], [3, 9], [4, 9], [4, 10], [4, 11], [5, 11], [6, 11], [6, 12], [6, 13], [5, 13], [5, 12], [4, 12], [4, 13], [4, 14], [3, 14], [2, 14], [2, 15], [2, 16], [3, 16], [4, 16], [5, 16], [5, 17], [6, 17], [7, 17], [7, 18], [8, 18], [8, 17], [9, 17], [10, 17], [11, 17], [11, 18], [12, 18], [13, 18], [13, 19], [14, 19], [15, 19], [15, 18], [15, 17], [15, 16], [16, 16], [16, 17], [17, 17], [18, 17], [18, 16], [18, 15], [17, 15], [17, 14], [18, 14], [18, 13], [18, 12], [19, 12], [19, 13], [19, 14], [19, 15], [19, 16], [19, 17], [19, 18], [19, 19]]",85,125,0,125,0.0004115999909117818,True
recursive_backtracking,bfs,20,20,1926780541,"[0, 0]","[19, 19]","[[13, 11, 10, 8, 10, 10, 12, 11, 10, 10, 8, 12, 9, 10, 8, 10, 12, 11, 10, 12], [3, 10, 10, 6, 9, 12, 3, 12, 9, 10, 6, 5, 3, 14, 3, 12, 3, 12, 9, 4], [11, 12, 9, 10, 6, 3, 12, 3, 6, 9, 12, 3, 12, 9, 10, 6, 13, 5, 5, 5], [9, 4, 5, 13, 9, 12, 1, 14, 9, 6, 5, 9, 6, 1, 12, 11, 4, 3, 6, 5], [5, 7, 5, 5, 5, 3, 4, 9, 6, 13, 3, 6, 11, 6, 5, 9, 2, 10, 14, 5], [1, 10, 2, 6, 3, 12, 7, 5, 9, 0, 10, 10, 10, 10, 6, 1, 10, 10, 12, 5], [5, 9, 10, 10, 12, 5, 9, 6, 7, 3, 10, 8, 10, 10, 12, 5, 13, 9, 6, 5], [7, 3, 12, 13, 3, 4, 5, 11, 8, 10, 12, 3, 14, 9, 6, 5, 5, 3, 10, 6], [9, 10, 6, 1, 14, 5, 3, 12, 3, 12, 3, 12, 9, 6, 11, 4, 3, 10, 8, 12], [3, 12, 11, 2, 10, 2, 12, 3, 12, 5, 13, 5, 1, 10, 12, 3, 10, 10, 6, 5], [9, 6, 9, 10, 10, 12, 5, 13, 3, 6, 5, 5, 5, 13, 3, 12, 9, 10, 10, 6], [5, 9, 6, 11, 12, 5, 3, 2, 14, 9, 2, 6, 5, 1, 12, 5, 5, 9, 10, 12], [1, 6, 9, 10, 4, 3, 12, 9, 12, 3, 12, 9, 6, 5, 7, 5, 3, 6, 13, 5], [3, 10, 4, 11, 2, 14, 1, 6, 3, 12, 5, 3, 12, 3, 12, 3, 10, 12, 3, 4], [13, 9, 6, 9, 10, 12, 3, 10, 14, 5, 3, 12, 3, 10, 6, 9, 12, 3, 12, 7], [5, 5, 13, 3, 12, 3, 10, 10, 10, 2, 12, 3, 10, 10, 10, 6, 3, 12, 3, 12], [1, 6, 5, 9, 6, 9, 12, 13, 9, 10, 2, 14, 9, 12, 9, 8, 14, 3, 10, 4], [5, 9, 4, 5, 9, 6, 5, 1, 2, 10, 14, 9, 6, 3, 6, 3, 12, 9, 10, 6], [5, 7, 5, 3, 6, 13, 5, 7, 9, 10, 12, 3, 12, 9, 12, 13, 3, 6, 11, 12], [3, 10, 2, 10, 10, 6, 3, 10, 2, 14, 3, 10, 2, 6, 3, 2, 10, 10, 10, 6]]","[[0, 0], [1, 0], [1, 1], [1, 2], [1, 3], [0, 3], [0, 4], [0, 5], [0, 6], [1, 6], [1, 7], [2, 7], [2, 8], [1, 8], [1, 9], [1, 10], [0, 10], [0, 11], [1, 11], [2, 11], [2, 12], [3, 12], [3, 11], [4, 11], [4, 10], [3, 10], [2, 10], [2, 9], [3, 9], [3, 8], [4, 8], [4, 7], [5, 7], [6, 7], [6, 6], [7, 6], [8, 6], [8, 7], [9, 7], [9, 8], [10, 8], [10, 9], [9, 9], [8, 9], [8, 8], [7, 8], [7, 9], [7, 10], [8, 10], [8, 11], [9, 11], [10, 11], [11, 11], [11, 10], [11, 9], [12, 9], [12, 10], [13, 10], [14, 10], [14, 11], [15, 11], [15, 12], [15, 13], [15, 14], [15, 15], [14, 15], [14, 16], [15, 16], [15, 17], [16, 17], [16, 18], [16, 19], [17, 19], [17, 18], [17, 17], [18, 17], [18, 16], [17, 16], [17, 15], [16, 15], [16, 14], [17, 14], [17, 13], [16, 13], [16, 12], [17, 12], [17, 11], [18, 11], [18, 12], [19, 12], [19, 13], [18, 13], [18, 14], [19, 14], [19, 15], [19, 16], [19, 17], [19, 18], [19, 19]]",99,166,0,166,0.0003524000057950616,True
recursive_backtracking,bfs,20,20,1811967841,"[0, 0]","[19, 19]","[[13, 9, 10, 10, 10, 10, 12, 11, 10, 10, 8, 10, 10, 12, 13, 9, 8, 12, 9, 12], [3, 6, 9, 10, 10, 12, 3, 10, 10, 10, 6, 9, 14, 5, 1, 6, 5, 3, 6, 5], [9, 10, 4, 9, 12, 5, 9, 12, 9, 12, 13, 1, 10, 6, 5, 13, 3, 12, 11, 4], [7, 9, 6, 5, 7, 3, 6, 5, 5, 3, 4, 5, 11, 8, 6, 1, 12, 3, 12, 5], [9, 6, 9, 4, 9, 10, 10, 6, 3, 12, 5, 3, 12, 3, 10, 4, 3, 14, 5, 5], [5, 13, 5, 5, 5, 11, 8, 12, 9, 6, 5, 13, 3, 10, 12, 7, 9, 12, 5, 5], [5, 3, 6, 3, 2, 10, 6, 3, 6, 13, 3, 2, 12, 13, 5, 9, 6, 3, 6, 5], [1, 10, 10, 12, 9, 10, 10, 8, 12, 3, 8, 14, 3, 4, 3, 6, 11, 8, 14, 5], [1, 10, 14, 5, 5, 9, 10, 6, 1, 10, 6, 9, 10, 6, 9, 10, 10, 4, 9, 6], [5, 9, 10, 6, 5, 5, 11, 10, 4, 9, 12, 5, 9, 8, 6, 13, 9, 6, 5, 13], [7, 5, 13, 9, 6, 3, 10, 12, 7, 5, 3, 6, 5, 5, 9, 4, 3, 12, 5, 5], [9, 6, 5, 3, 10, 12, 13, 3, 10, 6, 9, 12, 7, 5, 7, 3, 10, 6, 5, 5], [1, 12, 1, 14, 9, 6, 1, 12, 9, 8, 6, 3, 12, 5, 9, 10, 10, 12, 5, 5], [5, 5, 3, 8, 6, 9, 6, 5, 7, 3, 8, 12, 3, 6, 5, 9, 12, 3, 6, 5], [5, 3, 12, 5, 9, 6, 9, 6, 9, 12, 7, 5, 9, 10, 6, 7, 3, 10, 10, 4], [7, 9, 6, 5, 5, 9, 6, 11, 4, 5, 9, 4, 3, 12, 9, 10, 10, 10, 10, 4], [9, 6, 9, 6, 5, 3, 10, 10, 6, 3, 6, 5, 9, 6, 3, 12, 13, 9, 10, 6], [5, 11, 2, 10, 6, 9, 12, 9, 10, 10, 10, 6, 3, 12, 9, 6, 5, 5, 11, 12], [1, 10, 10, 10, 12, 5, 5, 7, 9, 10, 10, 8, 14, 5, 5, 9, 6, 3, 12, 5], [3, 10, 10, 14, 3, 6, 3, 10, 2, 10, 14, 3, 10, 2, 6, 3, 10, 10, 2, 6]]","[[0, 0], [1, 0], [1, 1], [0, 1], [0, 2], [0, 3], [0, 4], [0, 5], [0, 6], [1, 6], [1, 7], [1, 8], [1, 9], [1, 10], [0, 10], [0, 11], [0, 12], [0, 13], [1, 13], [2, 13], [2, 12], [2, 11], [3, 11], [4, 11], [4, 12], [5, 12], [5, 13], [5, 14], [6, 14], [7, 14], [7, 15], [6, 15], [6, 16], [5, 16], [5, 17], [6, 17], [6, 18], [5, 18], [4, 18], [3, 18], [3, 17], [2, 17], [2, 16], [1, 16], [0, 16], [0, 17], [1, 17], [1, 18], [0, 18], [0, 19], [1, 19], [2, 19], [3, 19], [4, 19], [5, 19], [6, 19], [7, 19], [8, 19], [8, 18], [9, 18], [10, 18], [11, 18], [12, 18], [13, 18], [13, 17], [12, 17], [12, 16], [12, 15], [12, 14], [13, 14], [14, 14], [14, 13], [14, 12], [15, 12], [15, 13], [16, 13], [16, 12], [17, 12], [17, 13], [18, 13], [19, 13], [19, 14], [18, 14], [17, 14], [17, 15], [16, 15], [16, 14], [15, 14], [15, 15], [15, 16], [15, 17], [15, 18], [15, 19], [16, 19], [16, 18], [16, 17], [17, 17], [18, 17], [18, 18], [19, 18], [19, 19]]",101,159,0,159,0.0003322999691590667,True
recursive_backtracking,bfs,20,20,1196342297,"[0, 0]","[19, 19]","[[11, 10, 12, 11, 10, 10, 10, 8, 14, 9, 10, 8, 10, 10, 12, 9, 10, 10, 10, 12], [9, 10, 6, 9, 10, 10, 12, 1, 12, 3, 12, 3, 12, 9, 6, 7, 9, 10, 10, 4], [3, 12, 9, 6, 9, 10, 6, 7, 3, 10, 4, 13, 5, 3, 12, 9, 6, 13, 9, 6], [13, 3, 6, 13, 5, 9, 10, 10, 10, 12, 5, 5, 5, 9, 6, 5, 9, 2, 6, 13], [1, 8, 10, 6, 5, 5, 11, 8, 12, 5, 3, 4, 5, 3, 12, 5, 3, 12, 11, 4], [5, 3, 10, 10, 6, 1, 12, 7, 1, 6, 11, 6, 5, 13, 3, 6, 13, 3, 10, 4], [5, 13, 9, 10, 10, 6, 3, 12, 3, 8, 10, 10, 6, 1, 10, 10, 0, 10, 14, 5], [5, 1, 6, 9, 8, 10, 14, 5, 9, 6, 9, 10, 12, 3, 10, 14, 3, 8, 10, 6], [5, 3, 10, 6, 7, 9, 12, 5, 3, 14, 3, 12, 3, 10, 12, 9, 12, 3, 10, 12], [5, 9, 10, 10, 12, 5, 5, 3, 10, 8, 12, 1, 10, 14, 3, 6, 1, 10, 12, 5], [3, 6, 11, 12, 3, 6, 3, 10, 12, 5, 3, 6, 9, 10, 10, 12, 3, 12, 5, 7], [9, 10, 10, 2, 10, 12, 9, 10, 6, 3, 10, 12, 5, 9, 10, 6, 11, 6, 3, 12], [5, 9, 10, 10, 10, 6, 5, 11, 10, 10, 10, 6, 5, 3, 10, 10, 10, 12, 9, 6], [5, 7, 9, 10, 10, 10, 6, 9, 10, 10, 10, 10, 6, 9, 10, 12, 9, 6, 3, 12], [1, 12, 5, 9, 10, 10, 10, 6, 9, 12, 11, 8, 14, 3, 12, 5, 5, 9, 8, 4], [7, 5, 5, 5, 9, 10, 10, 12, 5, 5, 9, 4, 9, 10, 6, 3, 6, 7, 5, 5], [9, 6, 3, 6, 5, 9, 12, 5, 5, 3, 6, 7, 3, 10, 10, 10, 10, 10, 6, 5], [1, 8, 10, 14, 1, 6, 5, 1, 6, 9, 12, 9, 8, 12, 13, 9, 10, 10, 10, 6], [5, 3, 12, 9, 6, 13, 5, 7, 9, 6, 5, 5, 5, 3, 6, 3, 12, 9, 10, 12], [3, 14, 3, 2, 10, 6, 3, 10, 2, 14, 3, 6, 3, 10, 10, 10, 2, 6, 11, 6]]","[[0, 0], [0, 1], [0, 2], [1, 2], [1, 1], [1, 0], [2, 0], [2, 1], [3, 1], [3, 2], [2, 2], [2, 3], [1, 3], [1, 4], [1, 5], [1, 6], [2, 6], [2, 5], [2, 4], [3, 4], [4, 4], [5, 4], [5, 3], [5, 2], [5, 1], [4, 1], [4, 0], [5, 0], [6, 0], [7, 0], [8, 0], [9, 0], [10, 0], [10, 1], [9, 1], [9, 2], [9, 3], [9, 4], [10, 4], [10, 5], [9, 5], [8, 5], [8, 6], [9, 6], [10, 6], [10, 7], [10, 8], [11, 8], [11, 7], [11, 6], [12, 6], [13, 6], [13, 5], [13, 4], [13, 3], [13, 2], [14, 2], [15, 2], [16, 2], [16, 3], [15, 3], [14, 3], [14, 4], [14, 5], [14, 6], [14, 7], [13, 7], [13, 8], [13, 9], [13, 10], [13, 11], [13, 12], [12, 12], [11, 12], [10, 12], [10, 13], [10, 14], [10, 15], [11, 15], [11, 14], [11, 13], [12, 13], [12, 14], [12, 15], [12, 16], [12, 17], [13, 17], [13, 16], [14, 16], [15, 16], [15, 15], [14, 15], [13, 15], [13, 14], [13, 13], [14, 13], [14, 14], [15, 14], [15, 13], [15, 12], [16, 12], [16, 13], [16, 14], [16, 15], [16, 16], [16, 17], [16, 18], [15, 18], [14, 18], [14, 19], [15, 19], [16, 19], [17, 19], [17, 18], [17, 17], [17, 16], [17, 15], [18, 15], [18, 16], [19, 16], [19, 17], [18, 17], [18, 18], [18, 19], [19, 19]]",125,155,0,155,0.00039679999463260174,True
recursive_backtracking,bfs,20,20,3965395580,"[0, 0]","[19, 19]","[[11, 10, 12, 9, 8, 10, 10, 12, 9, 10, 12, 13, 9, 12, 9, 10, 10, 8, 10, 12], [9, 12, 5, 7, 3, 10, 12, 3, 6, 13, 5, 1, 6, 5, 5, 9, 14, 5, 13, 5], [5, 5, 3, 10, 10, 12, 5, 13, 9, 4, 5, 5, 13, 3, 6, 5, 9, 6, 5, 5], [5, 3, 10, 8, 12, 3, 6, 1, 6, 3, 6, 5, 1, 10, 10, 4, 3, 12, 3, 6], [5, 13, 9, 6, 1, 10, 14, 3, 10, 12, 9, 6, 1, 12, 9, 6, 13, 3, 10, 12], [3, 4, 5, 9, 6, 9, 10, 8, 12, 5, 3, 12, 7, 5, 5, 11, 4, 9, 10, 4], [9, 6, 5, 7, 9, 6, 9, 6, 7, 5, 13, 1, 10, 6, 3, 10, 4, 5, 9, 6], [3, 12, 3, 10, 6, 13, 3, 10, 12, 5, 1, 6, 9, 12, 9, 12, 7, 5, 3, 12], [13, 3, 10, 12, 9, 2, 12, 13, 3, 6, 3, 14, 5, 3, 6, 5, 9, 6, 13, 5], [1, 10, 14, 3, 6, 13, 3, 2, 10, 10, 10, 10, 6, 13, 9, 6, 3, 12, 3, 4], [5, 9, 8, 12, 9, 4, 9, 10, 12, 9, 10, 10, 8, 6, 5, 9, 12, 3, 12, 5], [5, 5, 5, 7, 5, 3, 6, 9, 4, 5, 11, 12, 3, 10, 6, 5, 3, 10, 6, 5], [5, 5, 3, 10, 6, 9, 12, 5, 7, 3, 10, 2, 12, 9, 10, 2, 12, 9, 10, 6], [1, 2, 10, 10, 10, 6, 7, 3, 8, 10, 12, 9, 6, 1, 14, 9, 6, 3, 10, 12], [5, 9, 12, 9, 10, 10, 10, 12, 3, 12, 5, 3, 12, 7, 9, 6, 11, 12, 9, 6], [5, 5, 3, 6, 11, 10, 10, 2, 10, 6, 3, 12, 3, 10, 6, 9, 8, 4, 5, 13], [5, 3, 10, 10, 12, 9, 10, 12, 11, 8, 12, 3, 8, 10, 14, 5, 5, 7, 5, 5], [3, 12, 9, 12, 3, 6, 13, 3, 12, 7, 3, 10, 4, 9, 10, 6, 3, 12, 3, 4], [13, 5, 7, 3, 8, 10, 2, 12, 3, 12, 9, 12, 7, 3, 12, 11, 12, 3, 10, 6], [3, 2, 10, 10, 6, 11, 10, 2, 14, 3, 6, 3, 10, 10, 2, 10, 2, 10, 10, 14]]","[[0, 0], [0, 1], [0, 2], [1, 2], [2, 2], [2, 3], [2, 4], [2, 5], [3, 5], [3, 6], [2, 6], [1, 6], [1, 5], [1, 4], [0, 4], [0, 5], [0, 6], [0, 7], [1, 7], [1, 8], [0, 8], [0, 9], [0, 10], [1, 10], [2, 10], [3, 10], [3, 9], [2, 9], [2, 8], [3, 8], [3, 7], [4, 7], [4, 8], [4, 9], [5, 9], [6, 9], [7, 9], [8, 9], [8, 8], [7, 8], [7, 7], [7, 6], [6, 6], [6, 7], [5, 7], [5, 6], [5, 5], [6, 5], [6, 4], [7, 4], [7, 3], [7, 2], [6, 2], [5, 2], [4, 2], [4, 3], [3, 3], [3, 2], [3, 1], [2, 1], [1, 1], [1, 0], [2, 0], [3, 0], [4, 0], [5, 0], [5, 1], [6, 1], [6, 0], [7, 0], [7, 1], [8, 1], [8, 2], [8, 3], [9, 3], [9, 4], [8, 4], [8, 5], [8, 6], [9, 6], [9, 7], [9, 8], [9, 9], [9, 10], [9, 11], [9, 12], [8, 12], [7, 12], [7, 13], [8, 13], [8, 14], [7, 14], [7, 15], [8, 15], [9, 15], [9, 14], [10, 14], [11, 14], [11, 13], [11, 12], [10, 12], [10, 11], [10, 10], [10, 9], [11, 9], [12, 9], [12, 10], [12, 11], [12, 12], [13, 12], [13, 11], [14, 11], [14, 12], [15, 12], [15, 13], [15, 14], [14, 14], [14, 15], [13, 15], [13, 16], [12, 16], [12, 15], [11, 15], [10, 15], [10, 16], [11, 16], [11, 17], [11, 18], [10, 18], [10, 17], [9, 17], [9, 16], [8, 16], [8, 17], [7, 17], [6, 17], [5, 17], [5, 18], [5, 19], [6, 19], [6, 18], [7, 18], [7, 19], [8, 19], [9, 19], [10, 19], [11, 19], [12, 19], [12, 18], [12, 17], [13, 17], [13, 18], [13, 19], [14, 19], [14, 18], [15, 18], [16, 18], [17, 18], [17, 19], [18, 19], [18, 18], [18, 17], [17, 17], [17, 16], [16, 16], [15, 16], [15, 15], [16, 15], [17, 15], [17, 14], [17, 13], [18, 13], [18, 14], [19, 14], [19, 15], [19, 16], [19, 17], [19, 18], [19, 19]]",179,278,0,278,0.0005759000778198242,True
recursive_backtracking,bfs,20,20,2363629219,"[0, 0]","[19, 19]","[[13, 11, 10, 10, 8, 14, 9, 12, 9, 10, 10, 10, 8, 12, 11, 12, 9, 10, 8, 12], [3, 10, 10, 12, 5, 9, 6, 5, 5, 11, 12, 9, 6, 3, 8, 6, 3, 12, 5, 5], [9, 12, 9, 6, 3, 2, 14, 5, 3, 12, 5, 3, 12, 11, 6, 9, 10, 6, 5, 5], [5, 3, 6, 9, 12, 9, 12, 3, 10, 2, 2, 14, 3, 12, 9, 2, 14, 9, 6, 5], [5, 9, 12, 5, 3, 6, 3, 12, 9, 12, 9, 10, 8, 6, 5, 9, 12, 5, 11, 6], [3, 6, 3, 6, 11, 10, 12, 5, 5, 5, 5, 11, 4, 9, 6, 5, 5, 3, 10, 12], [13, 9, 8, 10, 10, 12, 5, 5, 5, 5, 1, 12, 7, 5, 13, 5, 3, 12, 9, 4], [1, 6, 3, 12, 13, 5, 5, 3, 6, 5, 5, 3, 10, 2, 6, 1, 12, 3, 6, 5], [7, 9, 10, 6, 1, 6, 1, 12, 9, 6, 5, 11, 12, 9, 12, 7, 3, 10, 12, 5], [9, 6, 9, 12, 1, 10, 6, 7, 5, 13, 3, 8, 6, 5, 3, 10, 10, 12, 5, 5], [1, 12, 7, 5, 5, 9, 10, 10, 6, 1, 14, 5, 9, 6, 9, 10, 12, 5, 5, 7], [5, 3, 12, 5, 5, 5, 9, 12, 9, 2, 10, 6, 5, 11, 4, 11, 6, 5, 1, 12], [5, 9, 6, 5, 5, 5, 7, 3, 4, 11, 10, 12, 3, 12, 3, 10, 12, 5, 7, 5], [5, 5, 9, 6, 5, 3, 10, 12, 3, 10, 10, 2, 12, 3, 12, 9, 6, 3, 12, 5], [7, 5, 1, 12, 3, 10, 12, 3, 10, 10, 12, 11, 2, 14, 5, 1, 10, 10, 6, 5], [9, 6, 7, 3, 10, 10, 2, 10, 14, 9, 6, 9, 10, 10, 6, 3, 12, 9, 12, 5], [1, 10, 10, 10, 10, 10, 10, 10, 10, 6, 9, 2, 12, 9, 10, 12, 3, 6, 5, 5], [5, 11, 8, 10, 12, 9, 10, 10, 10, 10, 2, 14, 3, 2, 14, 5, 9, 14, 3, 4], [5, 9, 6, 9, 6, 7, 9, 10, 10, 10, 12, 9, 10, 10, 12, 5, 1, 10, 10, 6], [3, 6, 11, 2, 10, 10, 6, 11, 10, 10, 2, 6, 11, 10, 2, 6, 3, 10, 10, 14]]","[[0, 0], [1, 0], [1, 1], [1, 2], [1, 3], [2, 3], [2, 2], [3, 2], [3, 1], [2, 1], [2, 0], [3, 0], [4, 0], [5, 0], [5, 1], [4, 1], [4, 2], [5, 2], [5, 3], [4, 3], [3, 3], [3, 4], [4, 4], [4, 5], [3, 5], [3, 6], [4, 6], [4, 7], [5, 7], [6, 7], [7, 7], [7, 8], [6, 8], [5, 8], [4, 8], [4, 9], [5, 9], [6, 9], [7, 9], [8, 9], [8, 8], [9, 8], [10, 8], [10, 7], [10, 6], [10, 5], [11, 5], [12, 5], [13, 5], [13, 6], [13, 7], [14, 7], [14, 8], [14, 9], [14, 10], [15, 10], [15, 9], [16, 9], [16, 8], [16, 7], [16, 6], [16, 5], [16, 4], [16, 3], [16, 2], [16, 1], [16, 0], [17, 0], [18, 0], [19, 0], [19, 1], [18, 1], [18, 2], [17, 2], [17, 3], [17, 4], [18, 4], [18, 3], [19, 3], [19, 4], [19, 5], [19, 6], [18, 6], [18, 7], [18, 8], [18, 9], [18, 10], [19, 10], [19, 11], [18, 11], [18, 12], [18, 13], [18, 14], [19, 14], [19, 15], [18, 15], [17, 15], [16, 15], [16, 14], [16, 13], [17, 13], [17, 12], [16, 12], [16, 11], [15, 11], [15, 12], [15, 13], [15, 14], [14, 14], [13, 14], [13, 13], [12, 13], [12, 12], [11, 12], [10, 12], [10, 13], [9, 13], [8, 13], [8, 14], [9, 14], [9, 15], [9, 16], [9, 17], [10, 17], [11, 17], [12, 17], [13, 17], [13, 18], [14, 18], [14, 17], [14, 16], [14, 15], [15, 15], [15, 16], [16, 16], [16, 17], [15, 17], [15, 18], [16, 18], [17, 18], [17, 19], [18, 19], [18, 18], [18, 17], [18, 16], [19, 16], [19, 17], [19, 18], [19, 19]]",149,258,0,258,0.0005191999953240156,True
recursive_backtracking,bfs,20,20,3590711152,"[0, 0]","[19, 19]","[[11, 10, 10, 10, 10, 10, 10, 10, 10, 10, 12, 9, 10, 8, 10, 12, 9, 10, 10, 12], [9, 10, 8, 12, 9, 10, 10, 12, 13, 9, 6, 5, 13, 5, 11, 4, 3, 10, 12, 5], [7, 9, 4, 3, 6, 11, 10, 2, 4, 5, 11, 2, 4, 3, 12, 3, 10, 12, 7, 5], [9, 6, 7, 9, 10, 10, 12, 13, 5, 3, 10, 12, 5, 13, 5, 9, 14, 3, 10, 4], [5, 9, 10, 6, 9, 14, 5, 3, 4, 9, 10, 6, 1, 6, 5, 1, 8, 10, 12, 5], [5, 3, 12, 13, 1, 12, 3, 12, 7, 5, 9, 10, 6, 9, 6, 5, 3, 12, 7, 5], [5, 9, 6, 3, 4, 3, 12, 3, 12, 5, 3, 10, 14, 5, 9, 6, 13, 3, 10, 6], [1, 6, 9, 12, 3, 12, 3, 12, 3, 6, 9, 10, 12, 5, 3, 12, 1, 12, 11, 12], [3, 10, 6, 3, 12, 7, 9, 4, 9, 10, 4, 13, 5, 3, 12, 5, 5, 3, 10, 4], [9, 12, 9, 14, 3, 12, 5, 7, 5, 9, 6, 3, 2, 10, 6, 5, 5, 9, 14, 5], [5, 3, 4, 9, 10, 6, 3, 10, 6, 5, 9, 12, 9, 10, 12, 5, 5, 1, 12, 5], [1, 12, 7, 3, 10, 10, 10, 10, 12, 3, 6, 5, 5, 13, 3, 6, 5, 7, 3, 6], [5, 3, 10, 10, 8, 10, 12, 13, 5, 9, 12, 5, 3, 4, 9, 10, 4, 9, 10, 12], [3, 10, 10, 12, 3, 12, 3, 4, 3, 6, 5, 5, 9, 6, 3, 12, 3, 2, 14, 5], [9, 12, 9, 2, 14, 5, 13, 5, 9, 10, 6, 5, 3, 10, 12, 3, 10, 12, 9, 4], [5, 7, 1, 14, 9, 6, 5, 5, 3, 12, 9, 2, 10, 12, 3, 12, 11, 6, 5, 5], [1, 10, 6, 9, 6, 13, 1, 6, 9, 6, 3, 8, 14, 5, 13, 5, 9, 10, 6, 5], [3, 14, 9, 6, 11, 2, 2, 12, 5, 11, 8, 6, 9, 6, 1, 6, 5, 9, 12, 5], [9, 10, 6, 9, 10, 10, 12, 7, 3, 12, 7, 9, 6, 13, 3, 12, 5, 5, 3, 6], [3, 10, 10, 2, 10, 14, 3, 10, 10, 2, 10, 6, 11, 2, 10, 2, 6, 3, 10, 14]]","[[0, 0], [0, 1], [0, 2], [0, 3], [0, 4], [0, 5], [0, 6], [0, 7], [0, 8], [0, 9], [0, 10], [1, 10], [1, 9], [2, 9], [3, 9], [3, 10], [3, 11], [4, 11], [4, 10], [4, 9], [5, 9], [6, 9], [7, 9], [7, 8], [6, 8], [6, 7], [5, 7], [5, 6], [4, 6], [3, 6], [3, 5], [3, 4], [3, 3], [4, 3], [4, 2], [4, 1], [5, 1], [5, 2], [6, 2], [6, 1], [7, 1], [7, 0], [8, 0], [8, 1], [8, 2], [7, 2], [7, 3], [8, 3], [8, 4], [9, 4], [9, 5], [10, 5], [10, 4], [10, 3], [11, 3], [11, 4], [11, 5], [11, 6], [11, 7], [11, 8], [12, 8], [13, 8], [13, 9], [12, 9], [12, 10], [13, 10], [14, 10], [14, 9], [14, 8], [15, 8], [15, 9], [16, 9], [16, 8], [17, 8], [18, 8], [18, 9], [19, 9], [19, 10], [19, 11], [18, 11], [18, 12], [17, 12], [17, 13], [16, 13], [15, 13], [15, 12], [15, 11], [14, 11], [13, 11], [12, 11], [11, 11], [10, 11], [10, 10], [11, 10], [11, 9], [10, 9], [9, 9], [9, 10], [8, 10], [7, 10], [7, 11], [7, 12], [8, 12], [9, 12], [9, 13], [9, 14], [8, 14], [8, 13], [7, 13], [6, 13], [5, 13], [5, 14], [4, 14], [3, 14], [2, 14], [2, 13], [1, 13], [0, 13], [0, 14], [0, 15], [1, 15], [2, 15], [2, 16], [2, 17], [3, 17], [3, 18], [3, 19], [4, 19], [5, 19], [6, 19], [6, 18], [6, 17], [5, 17], [5, 16], [4, 16], [4, 15], [5, 15], [6, 15], [6, 14], [7, 14], [7, 15], [8, 15], [9, 15], [10, 15], [11, 15], [11, 14], [10, 14], [10, 13], [10, 12], [11, 12], [12, 12], [12, 13], [13, 13], [13, 12], [14, 12], [14, 13], [14, 14], [15, 14], [15, 15], [16, 15], [17, 15], [17, 14], [18, 14], [18, 15], [19, 15], [19, 16], [18, 16], [17, 16], [16, 16], [16, 17], [16, 18], [15, 18], [14, 18], [14, 19], [15, 19], [16, 19], [17, 19], [18, 19], [18, 18], [17, 18], [17, 17], [18, 17], [19, 17], [19, 18], [19, 19]]",185,379,0,379,0.0007524000247940421,True
recursive_backtracking,bfs,20,20,4161807235,"[0, 0]","[19, 19]","[[13, 11, 8, 10, 8, 14, 9, 10, 10, 10, 10, 8, 10, 12, 11, 8, 12, 9, 12, 13], [3, 12, 5, 11, 6, 9, 6, 11, 10, 8, 12, 5, 13, 3, 10, 6, 3, 6, 3, 4], [9, 6, 1, 12, 9, 6, 9, 12, 9, 4, 7, 5, 1, 12, 9, 14, 9, 8, 14, 5], [5, 11, 4, 3, 2, 10, 6, 3, 6, 5, 9, 6, 5, 3, 4, 9, 6, 3, 10, 6], [3, 12, 3, 12, 9, 10, 10, 10, 12, 5, 5, 11, 4, 9, 6, 3, 10, 12, 9, 12], [13, 5, 9, 6, 5, 9, 12, 9, 6, 7, 5, 9, 4, 3, 14, 9, 10, 6, 7, 5], [1, 6, 3, 12, 5, 7, 1, 6, 9, 10, 6, 5, 7, 9, 10, 6, 9, 10, 12, 5], [5, 9, 12, 7, 1, 12, 1, 10, 6, 9, 12, 1, 10, 6, 11, 10, 4, 13, 5, 5], [5, 5, 3, 12, 7, 5, 7, 9, 10, 6, 5, 3, 12, 9, 8, 10, 6, 1, 6, 5], [3, 6, 13, 3, 12, 1, 10, 6, 9, 12, 3, 12, 5, 7, 3, 10, 12, 5, 11, 4], [9, 8, 2, 14, 5, 3, 12, 11, 4, 3, 14, 5, 3, 10, 10, 10, 6, 5, 9, 4], [5, 5, 9, 12, 3, 12, 3, 10, 4, 9, 10, 6, 9, 12, 13, 9, 12, 3, 6, 5], [5, 7, 5, 3, 10, 6, 11, 10, 6, 1, 12, 9, 6, 5, 5, 5, 3, 12, 9, 6], [5, 9, 6, 11, 8, 10, 10, 10, 12, 7, 3, 2, 14, 5, 5, 3, 12, 5, 3, 12], [5, 5, 9, 8, 6, 9, 10, 12, 3, 10, 12, 9, 10, 6, 1, 12, 5, 1, 14, 5], [1, 6, 7, 3, 12, 5, 9, 0, 14, 9, 6, 1, 12, 11, 4, 3, 6, 3, 12, 5], [5, 9, 10, 10, 6, 5, 5, 7, 9, 6, 11, 6, 3, 12, 3, 14, 9, 12, 5, 5], [5, 5, 9, 10, 12, 5, 3, 12, 5, 9, 10, 10, 12, 3, 12, 9, 6, 3, 6, 5], [3, 6, 3, 12, 5, 5, 13, 5, 3, 6, 9, 14, 3, 10, 6, 5, 9, 10, 12, 5], [11, 10, 10, 6, 3, 2, 6, 3, 10, 10, 2, 10, 10, 10, 10, 2, 2, 14, 3, 6]]","[[0, 0], [1, 0], [1, 1], [2, 1], [2, 0], [3, 0], [4, 0], [4, 1], [5, 1], [6, 1], [6, 0], [7, 0], [8, 0], [9, 0], [9, 1], [8, 1], [7, 1], [7, 2], [8, 2], [8, 3], [9, 3], [9, 4], [10, 4], [11, 4], [11, 5], [12, 5], [12, 4], [12, 3], [11, 3], [11, 2], [12, 2], [13, 2], [13, 1], [14, 1], [15, 1], [15, 0], [16, 0], [17, 0], [18, 0], [18, 1], [17, 1], [16, 1], [16, 2], [16, 3], [16, 4], [15, 4], [15, 3], [14, 3], [14, 4], [13, 4], [13, 5], [13, 6], [13, 7], [13, 8], [14, 8], [14, 9], [14, 10], [15, 10], [15, 9], [16, 9], [16, 8], [17, 8], [18, 8], [18, 9], [17, 9], [17, 10], [17, 11], [17, 12], [18, 12], [18, 13], [18, 14], [17, 14], [17, 13], [16, 13], [16, 12], [15, 12], [15, 11], [14, 11], [14, 12], [14, 13], [13, 13], [12, 13], [11, 13], [11, 12], [12, 12], [12, 11], [13, 11], [13, 10], [12, 10], [12, 9], [11, 9], [11, 10], [11, 11], [10, 11], [9, 11], [9, 10], [8, 10], [7, 10], [7, 9], [8, 9], [8, 8], [8, 7], [9, 7], [9, 6], [9, 5], [8, 5], [7, 5], [7, 4], [6, 4], [5, 4], [4, 4], [4, 5], [4, 6], [4, 7], [4, 8], [5, 8], [5, 7], [6, 7], [6, 6], [7, 6], [7, 7], [7, 8], [6, 8], [6, 9], [6, 10], [5, 10], [4, 10], [3, 10], [3, 11], [2, 11], [1, 11], [0, 11], [0, 12], [0, 13], [1, 13], [1, 14], [1, 15], [0, 15], [0, 16], [1, 16], [1, 17], [0, 17], [0, 18], [1, 18], [1, 19], [2, 19], [3, 19], [3, 18], [3, 17], [2, 17], [2, 16], [3, 16], [3, 15], [4, 15], [4, 16], [4, 17], [5, 17], [5, 16], [5, 15], [6, 15], [6, 14], [6, 13], [7, 13], [7, 12], [7, 11], [8, 11], [8, 12], [9, 12], [10, 12], [10, 13], [10, 14], [10, 15], [10, 16], [9, 16], [9, 15], [9, 14], [8, 14], [8, 15], [8, 16], [7, 16], [6, 16], [6, 17], [6, 18], [7, 18], [8, 18], [8, 17], [9, 17], [10, 17], [11, 17], [11, 18], [10, 18], [10, 19], [11, 19], [12, 19], [12, 18], [13, 18], [13, 19], [14, 19], [15, 19], [16, 19], [17, 19], [18, 19], [19, 19]]",203,321,0,321,0.0008972000796347857,True
